CREATE DATABASE  IF NOT EXISTS `lmsdb` /*!40100 DEFAULT CHARACTER SET utf8mb4 COLLATE utf8mb4_0900_ai_ci */ /*!80016 DEFAULT ENCRYPTION='N' */;
USE `lmsdb`;
-- MySQL dump 10.13  Distrib 8.0.40, for Win64 (x86_64)
--
-- Host: localhost    Database: lmsdb
-- ------------------------------------------------------
-- Server version	8.0.40

/*!40101 SET @OLD_CHARACTER_SET_CLIENT=@@CHARACTER_SET_CLIENT */;
/*!40101 SET @OLD_CHARACTER_SET_RESULTS=@@CHARACTER_SET_RESULTS */;
/*!40101 SET @OLD_COLLATION_CONNECTION=@@COLLATION_CONNECTION */;
/*!50503 SET NAMES utf8 */;
/*!40103 SET @OLD_TIME_ZONE=@@TIME_ZONE */;
/*!40103 SET TIME_ZONE='+00:00' */;
/*!40014 SET @OLD_UNIQUE_CHECKS=@@UNIQUE_CHECKS, UNIQUE_CHECKS=0 */;
/*!40014 SET @OLD_FOREIGN_KEY_CHECKS=@@FOREIGN_KEY_CHECKS, FOREIGN_KEY_CHECKS=0 */;
/*!40101 SET @OLD_SQL_MODE=@@SQL_MODE, SQL_MODE='NO_AUTO_VALUE_ON_ZERO' */;
/*!40111 SET @OLD_SQL_NOTES=@@SQL_NOTES, SQL_NOTES=0 */;

--
-- Table structure for table `tbladmins`
--

DROP TABLE IF EXISTS `tbladmins`;
/*!40101 SET @saved_cs_client     = @@character_set_client */;
/*!50503 SET character_set_client = utf8mb4 */;
CREATE TABLE `tbladmins` (
  `id` int NOT NULL AUTO_INCREMENT,
  `username` varchar(20) NOT NULL,
  `password` varchar(80) NOT NULL,
  `first_name` varchar(50) DEFAULT NULL,
  `last_name` varchar(50) DEFAULT NULL,
  `gender` varchar(6) DEFAULT NULL,
  `address` varchar(80) DEFAULT NULL,
  `phone` varchar(20) DEFAULT NULL,
  `email` varchar(100) DEFAULT NULL,
  `role` varchar(20) DEFAULT NULL,
  `date_created` datetime DEFAULT CURRENT_TIMESTAMP,
  PRIMARY KEY (`id`)
) ENGINE=InnoDB AUTO_INCREMENT=2 DEFAULT CHARSET=utf8mb4 COLLATE=utf8mb4_0900_ai_ci;
/*!40101 SET character_set_client = @saved_cs_client */;

--
-- Dumping data for table `tbladmins`
--

LOCK TABLES `tbladmins` WRITE;
/*!40000 ALTER TABLE `tbladmins` DISABLE KEYS */;
INSERT INTO `tbladmins` VALUES (1,'sa','$2a$11$0G.QGRss2L616vZ4DHILF.z72mKk0SvgHx8WCL9PWupl3uBnn32j6',NULL,NULL,NULL,NULL,NULL,NULL,'Super Admin','2024-11-30 09:09:38');
/*!40000 ALTER TABLE `tbladmins` ENABLE KEYS */;
UNLOCK TABLES;

--
-- Table structure for table `tblauthors`
--

DROP TABLE IF EXISTS `tblauthors`;
/*!40101 SET @saved_cs_client     = @@character_set_client */;
/*!50503 SET character_set_client = utf8mb4 */;
CREATE TABLE `tblauthors` (
  `id` int NOT NULL AUTO_INCREMENT,
  `first_name` varchar(50) NOT NULL,
  `last_name` varchar(50) NOT NULL,
  `gender` varchar(6) NOT NULL,
  `date_added` datetime DEFAULT CURRENT_TIMESTAMP,
  PRIMARY KEY (`id`)
) ENGINE=InnoDB AUTO_INCREMENT=13 DEFAULT CHARSET=utf8mb4 COLLATE=utf8mb4_0900_ai_ci;
/*!40101 SET character_set_client = @saved_cs_client */;

--
-- Dumping data for table `tblauthors`
--

LOCK TABLES `tblauthors` WRITE;
/*!40000 ALTER TABLE `tblauthors` DISABLE KEYS */;
INSERT INTO `tblauthors` VALUES (1,'sample','aaaa','Male','2024-12-01 17:47:14'),(2,'J.KS','Rowling','Female','2024-12-01 21:40:14'),(4,'J.K','Rowling','Male','2024-12-03 14:01:27'),(5,'awdaw','awdaw','Male','2024-12-03 14:01:32'),(6,'dawdaw','awdaw','Male','2024-12-03 14:01:37'),(7,'dawd','wdawdaw','Male','2024-12-03 14:01:42'),(8,'J.K','Rowling','Female','2024-12-03 15:50:18'),(9,'Janes','Austens','Female','2024-12-13 17:30:20'),(10,'Albert','Einstein','Male','2024-12-13 17:30:20'),(11,'Jane','Austen','Female','2024-12-13 17:30:48'),(12,'Albert','Einstein','Male','2024-12-13 17:30:48');
/*!40000 ALTER TABLE `tblauthors` ENABLE KEYS */;
UNLOCK TABLES;

--
-- Table structure for table `tblbookcopy`
--

DROP TABLE IF EXISTS `tblbookcopy`;
/*!40101 SET @saved_cs_client     = @@character_set_client */;
/*!50503 SET character_set_client = utf8mb4 */;
CREATE TABLE `tblbookcopy` (
  `id` int NOT NULL AUTO_INCREMENT,
  `book_id` int NOT NULL,
  `accession_no` varchar(10) NOT NULL,
  `donator_id` int DEFAULT NULL,
  `supplier_id` int DEFAULT NULL,
  `price` float NOT NULL DEFAULT '0',
  `condition` tinyint NOT NULL DEFAULT '1',
  `status` tinyint NOT NULL DEFAULT '1',
  `date_added` datetime NOT NULL DEFAULT CURRENT_TIMESTAMP,
  PRIMARY KEY (`id`),
  KEY `fk_donator_idx` (`donator_id`),
  KEY `fk_supplier_idx` (`supplier_id`),
  CONSTRAINT `fk_donator` FOREIGN KEY (`donator_id`) REFERENCES `tbldonators` (`id`),
  CONSTRAINT `fk_supplier` FOREIGN KEY (`supplier_id`) REFERENCES `tblsuppliers` (`id`)
) ENGINE=InnoDB DEFAULT CHARSET=utf8mb4 COLLATE=utf8mb4_0900_ai_ci;
/*!40101 SET character_set_client = @saved_cs_client */;

--
-- Dumping data for table `tblbookcopy`
--

LOCK TABLES `tblbookcopy` WRITE;
/*!40000 ALTER TABLE `tblbookcopy` DISABLE KEYS */;
/*!40000 ALTER TABLE `tblbookcopy` ENABLE KEYS */;
UNLOCK TABLES;

--
-- Table structure for table `tblbooks`
--

DROP TABLE IF EXISTS `tblbooks`;
/*!40101 SET @saved_cs_client     = @@character_set_client */;
/*!50503 SET character_set_client = utf8mb4 */;
CREATE TABLE `tblbooks` (
  `id` int NOT NULL AUTO_INCREMENT,
  `title` varchar(50) NOT NULL,
  `book_cover` varchar(20) NOT NULL,
  `isbn` varchar(13) NOT NULL,
  `genre_id` int NOT NULL,
  `publisher_id` int NOT NULL,
  `language_id` int NOT NULL,
  `author_id` int NOT NULL,
  `classification_id` int NOT NULL,
  `reserve_copy` int NOT NULL,
  `spenalty` float NOT NULL DEFAULT '0',
  `fpenalty` float NOT NULL DEFAULT '0',
  PRIMARY KEY (`id`),
  KEY `fk_genre_idx` (`genre_id`),
  KEY `fk_publisher_idx` (`publisher_id`),
  KEY `fk_author_idx` (`author_id`),
  KEY `fk_language_idx` (`language_id`),
  KEY `fk_classification_idx` (`classification_id`),
  CONSTRAINT `fk_author` FOREIGN KEY (`author_id`) REFERENCES `tblauthors` (`id`),
  CONSTRAINT `fk_classification` FOREIGN KEY (`classification_id`) REFERENCES `tblclassifications` (`id`),
  CONSTRAINT `fk_genre` FOREIGN KEY (`genre_id`) REFERENCES `tblgenres` (`id`),
  CONSTRAINT `fk_language` FOREIGN KEY (`language_id`) REFERENCES `tbllanguages` (`id`),
  CONSTRAINT `fk_publisher` FOREIGN KEY (`publisher_id`) REFERENCES `tblpublishers` (`id`)
) ENGINE=InnoDB AUTO_INCREMENT=41 DEFAULT CHARSET=utf8mb4 COLLATE=utf8mb4_0900_ai_ci;
/*!40101 SET character_set_client = @saved_cs_client */;

--
-- Dumping data for table `tblbooks`
--

LOCK TABLES `tblbooks` WRITE;
/*!40000 ALTER TABLE `tblbooks` DISABLE KEYS */;
INSERT INTO `tblbooks` VALUES (1,'The Hobbits','Soft Cover','9784234234234',105,6,1,5,31,0,0,0),(28,'Harry Potters','Soft Cover','9781234356232',107,39,3,4,1,5,10,20),(29,'Harry Potter 1','Hard Cover','9781234356231',107,39,3,4,1,1,0,0),(30,'Harry Potter 9','Soft Cover','9781234356233',107,39,3,4,1,6,0,0),(31,'Harry Potter 3','Soft Cover','9781234356234',107,39,3,4,1,5,0,0),(32,'Harry Potter 4','Hard Cover','9781234356235',107,39,3,4,1,5,0,0),(40,'Harry Potter 4','Soft Cover','9781234356256',107,39,5,4,1,5,0,0);
/*!40000 ALTER TABLE `tblbooks` ENABLE KEYS */;
UNLOCK TABLES;

--
-- Table structure for table `tblclassifications`
--

DROP TABLE IF EXISTS `tblclassifications`;
/*!40101 SET @saved_cs_client     = @@character_set_client */;
/*!50503 SET character_set_client = utf8mb4 */;
CREATE TABLE `tblclassifications` (
  `id` int NOT NULL AUTO_INCREMENT,
  `dewey_decimal` varchar(10) NOT NULL,
  `classification` varchar(50) NOT NULL,
  PRIMARY KEY (`id`)
) ENGINE=InnoDB AUTO_INCREMENT=249 DEFAULT CHARSET=utf8mb4 COLLATE=utf8mb4_0900_ai_ci;
/*!40101 SET character_set_client = @saved_cs_client */;

--
-- Dumping data for table `tblclassifications`
--

LOCK TABLES `tblclassifications` WRITE;
/*!40000 ALTER TABLE `tblclassifications` DISABLE KEYS */;
INSERT INTO `tblclassifications` VALUES (1,'0001','General Knowledge'),(2,'1231','AFAFAW'),(3,'123','FAFWAFA'),(4,'12312','FAWFAWF'),(5,'rarrawrawr','111'),(6,'rarrawrawr','111'),(7,'rarrawrawr','111'),(8,'rarrawrawr','111'),(9,'rarrawrawr','111'),(10,'rarrawrawr','111'),(11,'rarrawrawr','111'),(12,'rarrawrawr','111'),(13,'rarrawrawr','111'),(14,'rarrawrawr','111'),(15,'rarrawrawr','111'),(16,'rarrawrawr','111'),(17,'rarrawrawr','111'),(18,'rarrawrawr','111'),(19,'rarrawrawr','111'),(20,'rarrawrawr','111'),(21,'rarrawrawr','111'),(22,'rarrawrawr','111'),(23,'rarrawrawr','111'),(24,'rarrawrawr','111'),(25,'rarrawrawr','111'),(26,'rarrawrawr','111'),(27,'rarrawrawr','111'),(28,'rarrawrawr','111'),(29,'rarrawrawr','111'),(30,'rarrawrawr','111'),(31,'rarrawrawr','111'),(32,'rarrawrawr','111'),(33,'rarrawrawr','111'),(34,'rarrawrawr','111'),(35,'rarrawrawr','111'),(36,'rarrawrawr','111'),(37,'rarrawrawr','111'),(38,'rarrawrawr','111'),(39,'rarrawrawr','111'),(40,'rarrawrawr','111'),(41,'rarrawrawr','111'),(42,'rarrawrawr','111'),(43,'rarrawrawr','111'),(44,'rarrawrawr','111'),(45,'rarrawrawr','111'),(46,'rarrawrawr','111'),(47,'rarrawrawr','111'),(48,'rarrawrawr','111'),(49,'rarrawrawr','111'),(50,'rarrawrawr','111'),(51,'rarrawrawr','111'),(52,'rarrawrawr','111'),(53,'rarrawrawr','111'),(54,'rarrawrawr','111'),(55,'rarrawrawr','111'),(56,'rarrawrawr','111'),(57,'rarrawrawr','111'),(58,'rarrawrawr','111'),(59,'rarrawrawr','111'),(60,'rarrawrawr','111'),(61,'rarrawrawr','111'),(62,'rarrawrawr','111'),(63,'rarrawrawr','111'),(64,'rarrawrawr','111'),(65,'rarrawrawr','111'),(66,'rarrawrawr','111'),(67,'rarrawrawr','111'),(68,'rarrawrawr','111'),(69,'rarrawrawr','111'),(70,'rarrawrawr','111'),(71,'rarrawrawr','111'),(72,'rarrawrawr','111'),(73,'rarrawrawr','111'),(74,'rarrawrawr','111'),(75,'rarrawrawr','111'),(76,'rarrawrawr','111'),(77,'rarrawrawr','111'),(78,'rarrawrawr','111'),(79,'rarrawrawr','111'),(80,'rarrawrawr','111'),(81,'rarrawrawr','111'),(82,'rarrawrawr','111'),(83,'rarrawrawr','111'),(84,'rarrawrawr','111'),(85,'rarrawrawr','111'),(86,'rarrawrawr','111'),(87,'rarrawrawr','111'),(88,'rarrawrawr','111'),(89,'rarrawrawr','111'),(90,'rarrawrawr','111'),(91,'rarrawrawr','111'),(92,'rarrawrawr','111'),(93,'rarrawrawr','111'),(94,'rarrawrawr','111'),(95,'rarrawrawr','111'),(96,'rarrawrawr','111'),(97,'rarrawrawr','111'),(98,'rarrawrawr','111'),(99,'rarrawrawr','111'),(100,'rarrawrawr','111'),(101,'rarrawrawr','111'),(102,'rarrawrawr','111'),(103,'rarrawrawr','111'),(104,'rarrawrawr','111'),(105,'rarrawrawr','111'),(106,'rarrawrawr','111'),(107,'rarrawrawr','111'),(108,'rarrawrawr','111'),(109,'rarrawrawr','111'),(110,'rarrawrawr','111'),(111,'rarrawrawr','111'),(112,'rarrawrawr','111'),(113,'rarrawrawr','111'),(114,'rarrawrawr','111'),(115,'rarrawrawr','111'),(116,'rarrawrawr','111'),(117,'rarrawrawr','111'),(118,'rarrawrawr','111'),(119,'rarrawrawr','111'),(120,'rarrawrawr','111'),(121,'rarrawrawr','111'),(122,'rarrawrawr','111'),(123,'rarrawrawr','111'),(124,'rarrawrawr','111'),(125,'rarrawrawr','111'),(126,'rarrawrawr','111'),(127,'rarrawrawr','111'),(128,'rarrawrawr','111'),(129,'rarrawrawr','111'),(130,'rarrawrawr','111'),(131,'rarrawrawr','111'),(132,'rarrawrawr','111'),(133,'rarrawrawr','111'),(134,'rarrawrawr','111'),(135,'rarrawrawr','111'),(136,'rarrawrawr','111'),(137,'rarrawrawr','111'),(138,'rarrawrawr','111'),(139,'rarrawrawr','111'),(140,'rarrawrawr','111'),(141,'rarrawrawr','111'),(142,'rarrawrawr','111'),(143,'rarrawrawr','111'),(144,'rarrawrawr','111'),(145,'rarrawrawr','111'),(146,'rarrawrawr','111'),(147,'rarrawrawr','111'),(148,'rarrawrawr','111'),(149,'rarrawrawr','111'),(150,'rarrawrawr','111'),(151,'rarrawrawr','111'),(152,'rarrawrawr','111'),(153,'rarrawrawr','111'),(154,'rarrawrawr','111'),(155,'rarrawrawr','111'),(156,'rarrawrawr','111'),(157,'rarrawrawr','111'),(158,'rarrawrawr','111'),(159,'rarrawrawr','111'),(160,'rarrawrawr','111'),(161,'rarrawrawr','111'),(162,'rarrawrawr','111'),(163,'rarrawrawr','111'),(164,'rarrawrawr','111'),(165,'rarrawrawr','111'),(166,'rarrawrawr','111'),(167,'rarrawrawr','111'),(168,'rarrawrawr','111'),(169,'rarrawrawr','111'),(170,'rarrawrawr','111'),(171,'rarrawrawr','111'),(172,'rarrawrawr','111'),(173,'rarrawrawr','111'),(174,'rarrawrawr','111'),(175,'rarrawrawr','111'),(176,'rarrawrawr','111'),(177,'rarrawrawr','111'),(178,'rarrawrawr','111'),(179,'rarrawrawr','111'),(180,'rarrawrawr','111'),(181,'rarrawrawr','111'),(182,'rarrawrawr','111'),(183,'rarrawrawr','111'),(184,'rarrawrawr','111'),(185,'rarrawrawr','111'),(186,'rarrawrawr','111'),(187,'rarrawrawr','111'),(188,'rarrawrawr','111'),(189,'rarrawrawr','111'),(190,'rarrawrawr','111'),(191,'rarrawrawr','111'),(192,'rarrawrawr','111'),(193,'rarrawrawr','111'),(194,'rarrawrawr','111'),(195,'rarrawrawr','111'),(196,'rarrawrawr','111'),(197,'rarrawrawr','111'),(198,'rarrawrawr','111'),(199,'rarrawrawr','111'),(200,'rarrawrawr','111'),(201,'rarrawrawr','111'),(202,'rarrawrawr','111'),(203,'rarrawrawr','111'),(204,'rarrawrawr','111'),(205,'rarrawrawr','111'),(206,'rarrawrawr','111'),(207,'rarrawrawr','111'),(208,'rarrawrawr','111'),(209,'rarrawrawr','111'),(210,'rarrawrawr','111'),(211,'rarrawrawr','111'),(212,'rarrawrawr','111'),(213,'rarrawrawr','111'),(214,'rarrawrawr','111'),(215,'rarrawrawr','111'),(216,'rarrawrawr','111'),(217,'rarrawrawr','111'),(218,'rarrawrawr','111'),(219,'rarrawrawr','111'),(220,'rarrawrawr','111'),(221,'rarrawrawr','111'),(222,'rarrawrawr','111'),(223,'rarrawrawr','111'),(224,'rarrawrawr','111'),(225,'rarrawrawr','111'),(226,'rarrawrawr','111'),(227,'rarrawrawr','111'),(228,'rarrawrawr','111'),(229,'rarrawrawr','111'),(230,'rarrawrawr','111'),(231,'rarrawrawr','111'),(232,'rarrawrawr','111'),(233,'rarrawrawr','111'),(234,'rarrawrawr','111'),(235,'rarrawrawr','111'),(236,'rarrawrawr','111'),(237,'rarrawrawr','111'),(238,'rarrawrawr','111'),(239,'rarrawrawr','111'),(240,'rarrawrawr','111'),(241,'rarrawrawr','111'),(242,'rarrawrawr','111'),(243,'rarrawrawr','111'),(244,'rarrawrawr','111'),(245,'1','General Knowledge'),(246,'2','Computer Science'),(247,'1','General Knowledge'),(248,'2','Computer Science');
/*!40000 ALTER TABLE `tblclassifications` ENABLE KEYS */;
UNLOCK TABLES;

--
-- Table structure for table `tbldepartments`
--

DROP TABLE IF EXISTS `tbldepartments`;
/*!40101 SET @saved_cs_client     = @@character_set_client */;
/*!50503 SET character_set_client = utf8mb4 */;
CREATE TABLE `tbldepartments` (
  `id` int NOT NULL AUTO_INCREMENT,
  `department_name` varchar(45) NOT NULL,
  PRIMARY KEY (`id`)
) ENGINE=InnoDB AUTO_INCREMENT=5 DEFAULT CHARSET=utf8mb4 COLLATE=utf8mb4_0900_ai_ci;
/*!40101 SET character_set_client = @saved_cs_client */;

--
-- Dumping data for table `tbldepartments`
--

LOCK TABLES `tbldepartments` WRITE;
/*!40000 ALTER TABLE `tbldepartments` DISABLE KEYS */;
INSERT INTO `tbldepartments` VALUES (1,'Junior High School'),(2,'Senior High School'),(3,'212'),(4,'Apple');
/*!40000 ALTER TABLE `tbldepartments` ENABLE KEYS */;
UNLOCK TABLES;

--
-- Table structure for table `tbldonators`
--

DROP TABLE IF EXISTS `tbldonators`;
/*!40101 SET @saved_cs_client     = @@character_set_client */;
/*!50503 SET character_set_client = utf8mb4 */;
CREATE TABLE `tbldonators` (
  `id` int NOT NULL AUTO_INCREMENT,
  `name` varchar(50) NOT NULL,
  `address` varchar(80) NOT NULL,
  PRIMARY KEY (`id`)
) ENGINE=InnoDB AUTO_INCREMENT=393198 DEFAULT CHARSET=utf8mb4 COLLATE=utf8mb4_0900_ai_ci;
/*!40101 SET character_set_client = @saved_cs_client */;

--
-- Dumping data for table `tbldonators`
--

LOCK TABLES `tbldonators` WRITE;
/*!40000 ALTER TABLE `tbldonators` DISABLE KEYS */;
INSERT INTO `tbldonators` VALUES (1,'aaab','aaab'),(2,'FWAF','AFAWF'),(3,'aaa','aaa'),(4,'FWAF','AFAWF'),(6,'aaa','aaa'),(7,'FWAF','AFAWF'),(8,'aaa','aaa'),(9,'FWAF','AFAWF'),(13,'aaabc','aaabc'),(14,'FWAF','AFAWF'),(15,'aaa','aaa'),(16,'FWAF','AFAWF'),(17,'aaa','aaa'),(18,'FWAF','AFAWF'),(19,'aaa','aaa'),(20,'FWAF','AFAWF'),(28,'aaa','aaa'),(29,'FWAF','AFAWF'),(30,'aaa','aaa'),(31,'FWAF','AFAWF'),(32,'aaa','aaa'),(33,'FWAF','AFAWF'),(34,'aaa','aaa'),(35,'FWAF','AFAWF'),(36,'aaa','aaa'),(37,'FWAF','AFAWF'),(38,'aaa','aaa'),(39,'FWAF','AFAWF'),(40,'aaa','aaa'),(41,'FWAF','AFAWF'),(42,'aaa','aaa'),(43,'FWAF','AFAWF'),(59,'aaa','aaa'),(60,'FWAF','AFAWF'),(61,'aaa','aaa'),(62,'FWAF','AFAWF'),(63,'aaa','aaa'),(64,'FWAF','AFAWF'),(65,'aaa','aaa'),(66,'FWAF','AFAWF'),(67,'aaa','aaa'),(68,'FWAF','AFAWF'),(69,'aaa','aaa'),(70,'FWAF','AFAWF'),(71,'aaa','aaa'),(72,'FWAF','AFAWF'),(73,'aaa','aaa'),(74,'FWAF','AFAWF'),(75,'aaa','aaa'),(76,'FWAF','AFAWF'),(77,'aaa','aaa'),(78,'FWAF','AFAWF'),(79,'aaa','aaa'),(80,'FWAF','AFAWF'),(81,'aaa','aaa'),(82,'FWAF','AFAWF'),(83,'aaa','aaa'),(84,'FWAF','AFAWF'),(85,'aaa','aaa'),(86,'FWAF','AFAWF'),(87,'aaa','aaa'),(88,'FWAF','AFAWF'),(89,'aaa','aaa'),(90,'FWAF','AFAWF');
/*!40000 ALTER TABLE `tbldonators` ENABLE KEYS */;
UNLOCK TABLES;

--
-- Table structure for table `tblfaculties`
--

DROP TABLE IF EXISTS `tblfaculties`;
/*!40101 SET @saved_cs_client     = @@character_set_client */;
/*!50503 SET character_set_client = utf8mb4 */;
CREATE TABLE `tblfaculties` (
  `id` int NOT NULL AUTO_INCREMENT,
  `full_name` varchar(100) NOT NULL,
  `gender` varchar(6) NOT NULL,
  `address` varchar(100) NOT NULL,
  `email` varchar(6) NOT NULL,
  `phone` varchar(12) NOT NULL,
  `department_id` int NOT NULL,
  `password` varchar(20) NOT NULL,
  `status` bit(1) NOT NULL DEFAULT b'1',
  `date_created` datetime NOT NULL DEFAULT CURRENT_TIMESTAMP,
  PRIMARY KEY (`id`)
) ENGINE=InnoDB DEFAULT CHARSET=utf8mb4 COLLATE=utf8mb4_0900_ai_ci;
/*!40101 SET character_set_client = @saved_cs_client */;

--
-- Dumping data for table `tblfaculties`
--

LOCK TABLES `tblfaculties` WRITE;
/*!40000 ALTER TABLE `tblfaculties` DISABLE KEYS */;
/*!40000 ALTER TABLE `tblfaculties` ENABLE KEYS */;
UNLOCK TABLES;

--
-- Table structure for table `tblgenres`
--

DROP TABLE IF EXISTS `tblgenres`;
/*!40101 SET @saved_cs_client     = @@character_set_client */;
/*!50503 SET character_set_client = utf8mb4 */;
CREATE TABLE `tblgenres` (
  `id` int NOT NULL AUTO_INCREMENT,
  `name` varchar(45) NOT NULL,
  `description` varchar(100) DEFAULT NULL,
  `date_created` datetime DEFAULT CURRENT_TIMESTAMP,
  PRIMARY KEY (`id`),
  KEY `idx_tblgenres_name` (`name`)
) ENGINE=InnoDB AUTO_INCREMENT=111 DEFAULT CHARSET=utf8mb4 COLLATE=utf8mb4_0900_ai_ci;
/*!40101 SET character_set_client = @saved_cs_client */;

--
-- Dumping data for table `tblgenres`
--

LOCK TABLES `tblgenres` WRITE;
/*!40000 ALTER TABLE `tblgenres` DISABLE KEYS */;
INSERT INTO `tblgenres` VALUES (105,'Fictions',NULL,'2024-12-05 06:48:53'),(106,'NonFictions',NULL,'2024-12-09 02:48:25'),(107,'Fiction','Fiction Sample','2024-12-13 17:30:20'),(108,'Nonfiction','Meh','2024-12-13 17:30:20'),(109,'Fiction','Fiction Sample','2024-12-13 17:30:48'),(110,'Nonfiction','Meh','2024-12-13 17:30:48');
/*!40000 ALTER TABLE `tblgenres` ENABLE KEYS */;
UNLOCK TABLES;

--
-- Table structure for table `tbllanguages`
--

DROP TABLE IF EXISTS `tbllanguages`;
/*!40101 SET @saved_cs_client     = @@character_set_client */;
/*!50503 SET character_set_client = utf8mb4 */;
CREATE TABLE `tbllanguages` (
  `id` int NOT NULL AUTO_INCREMENT,
  `language` varchar(50) CHARACTER SET utf8mb3 COLLATE utf8mb3_general_ci NOT NULL,
  `code` varchar(10) NOT NULL,
  PRIMARY KEY (`id`)
) ENGINE=InnoDB AUTO_INCREMENT=7 DEFAULT CHARSET=utf8mb4 COLLATE=utf8mb4_0900_ai_ci;
/*!40101 SET character_set_client = @saved_cs_client */;

--
-- Dumping data for table `tbllanguages`
--

LOCK TABLES `tbllanguages` WRITE;
/*!40000 ALTER TABLE `tbllanguages` DISABLE KEYS */;
INSERT INTO `tbllanguages` VALUES (1,'Englishes','1'),(2,'Frenchs','3'),(3,'Englisher','6'),(4,'French','2'),(5,'English','1'),(6,'French','2');
/*!40000 ALTER TABLE `tbllanguages` ENABLE KEYS */;
UNLOCK TABLES;

--
-- Table structure for table `tblpublishers`
--

DROP TABLE IF EXISTS `tblpublishers`;
/*!40101 SET @saved_cs_client     = @@character_set_client */;
/*!50503 SET character_set_client = utf8mb4 */;
CREATE TABLE `tblpublishers` (
  `id` int NOT NULL AUTO_INCREMENT,
  `publisher_name` varchar(50) NOT NULL,
  PRIMARY KEY (`id`)
) ENGINE=InnoDB AUTO_INCREMENT=43 DEFAULT CHARSET=utf8mb4 COLLATE=utf8mb4_0900_ai_ci;
/*!40101 SET character_set_client = @saved_cs_client */;

--
-- Dumping data for table `tblpublishers`
--

LOCK TABLES `tblpublishers` WRITE;
/*!40000 ALTER TABLE `tblpublishers` DISABLE KEYS */;
INSERT INTO `tblpublishers` VALUES (1,'AWDAWD'),(2,'DAWDA'),(3,'DAWDAW'),(4,'DAWDAWD'),(5,'DAWDAW'),(6,'AAASD'),(7,'AAA'),(8,'AAA'),(9,'AAD'),(10,'AAA'),(11,'AAA'),(12,'AAA'),(13,'AAB'),(14,'AAC'),(15,'BB'),(16,'BBB'),(17,'PPP'),(18,'PPP'),(19,'CCC'),(20,'CCC'),(21,'DDD'),(22,'FFF'),(23,'FFF'),(24,'GG'),(25,'GGG'),(26,'GGG'),(27,'SSS'),(28,'SSS'),(29,'SSS'),(30,'RRR'),(31,'RRR'),(32,'HHH'),(33,'HHH'),(34,'JJJ'),(35,'JJJ'),(36,'JJJ'),(37,'JJJ'),(38,'GGGG'),(39,'Penguin Classics'),(40,'ACME Publishing'),(41,'Penguin Classics'),(42,'ACME Publishing');
/*!40000 ALTER TABLE `tblpublishers` ENABLE KEYS */;
UNLOCK TABLES;

--
-- Table structure for table `tblsections`
--

DROP TABLE IF EXISTS `tblsections`;
/*!40101 SET @saved_cs_client     = @@character_set_client */;
/*!50503 SET character_set_client = utf8mb4 */;
CREATE TABLE `tblsections` (
  `id` int NOT NULL AUTO_INCREMENT,
  `name` varchar(50) NOT NULL,
  `year_id` int DEFAULT NULL,
  PRIMARY KEY (`id`),
  KEY `fk_yearlevelsections_idx` (`year_id`),
  CONSTRAINT `fk_yearlevelsections` FOREIGN KEY (`year_id`) REFERENCES `tblyearlevels` (`id`)
) ENGINE=InnoDB AUTO_INCREMENT=3 DEFAULT CHARSET=utf8mb4 COLLATE=utf8mb4_0900_ai_ci;
/*!40101 SET character_set_client = @saved_cs_client */;

--
-- Dumping data for table `tblsections`
--

LOCK TABLES `tblsections` WRITE;
/*!40000 ALTER TABLE `tblsections` DISABLE KEYS */;
INSERT INTO `tblsections` VALUES (1,'Apple',6),(2,'Orange',3);
/*!40000 ALTER TABLE `tblsections` ENABLE KEYS */;
UNLOCK TABLES;

--
-- Table structure for table `tblstudents`
--

DROP TABLE IF EXISTS `tblstudents`;
/*!40101 SET @saved_cs_client     = @@character_set_client */;
/*!50503 SET character_set_client = utf8mb4 */;
CREATE TABLE `tblstudents` (
  `id` int NOT NULL AUTO_INCREMENT,
  `student_no` varchar(20) NOT NULL,
  `lrn` varchar(45) NOT NULL,
  `full_name` varchar(100) NOT NULL,
  `gender` varchar(6) NOT NULL,
  `address` varchar(100) DEFAULT NULL,
  `phone` varchar(12) DEFAULT NULL,
  `email` varchar(100) NOT NULL,
  `section_id` int NOT NULL,
  `status` bit(1) NOT NULL DEFAULT b'1',
  `password` varchar(80) NOT NULL,
  `date_created` datetime NOT NULL DEFAULT CURRENT_TIMESTAMP,
  PRIMARY KEY (`id`)
) ENGINE=InnoDB AUTO_INCREMENT=1016 DEFAULT CHARSET=utf8mb4 COLLATE=utf8mb4_0900_ai_ci;
/*!40101 SET character_set_client = @saved_cs_client */;

--
-- Dumping data for table `tblstudents`
--

LOCK TABLES `tblstudents` WRITE;
/*!40000 ALTER TABLE `tblstudents` DISABLE KEYS */;
INSERT INTO `tblstudents` VALUES (2,'111111111111','111111111111','Jomari Tenorio','Male','Taguig City','09474554607','jsftenoriobscs@tfvc.edu.ph',1,_binary '','$2a$11$mrxEhS8pIUlL1FG92ouOQuJrntQ569sB/QmnVvx0Tuop8Uxs1XURO','2025-01-01 18:30:21'),(3,'345345345345','35345345345','Jomari Tenorio','Male','Taguig City','09474554607','jtenoriobscs@tfvc.edu.ph',1,_binary '','$2a$11$mrxEhS8pIUlL1FG92ouOQuJrntQ569sB/QmnVvx0Tuop8Uxs1XURO','2025-01-01 18:39:58'),(4,'345345345345','35345345345','Jomari Tenorio','Male','Taguig City','09474554607','jtenoriobscs@tfvc.edu.ph',1,_binary '','$2a$11$mrxEhS8pIUlL1FG92ouOQuJrntQ569sB/QmnVvx0Tuop8Uxs1XURO','2025-01-01 18:40:00'),(5,'345345345345','35345345345','Jomari Tenorio','Male','Taguig City','09474554607','jtenoriobscs@tfvc.edu.ph',1,_binary '','$2a$11$mrxEhS8pIUlL1FG92ouOQuJrntQ569sB/QmnVvx0Tuop8Uxs1XURO','2025-01-01 18:40:00'),(7,'345345345345','35345345345','Jomari Tenorio','Male','Taguig City','09474554607','jtenoriobscs@tfvc.edu.ph',1,_binary '','$2a$11$mrxEhS8pIUlL1FG92ouOQuJrntQ569sB/QmnVvx0Tuop8Uxs1XURO','2025-01-01 18:40:01'),(8,'345345345345','35345345345','Jomari Tenorio','Male','Taguig City','09474554607','jtenoriobscs@tfvc.edu.ph',1,_binary '','$2a$11$mrxEhS8pIUlL1FG92ouOQuJrntQ569sB/QmnVvx0Tuop8Uxs1XURO','2025-01-01 18:40:01'),(9,'345345345345','35345345345','Jomari Tenorio','Male','Taguig City','09474554607','jtenoriobscs@tfvc.edu.ph',1,_binary '','$2a$11$mrxEhS8pIUlL1FG92ouOQuJrntQ569sB/QmnVvx0Tuop8Uxs1XURO','2025-01-01 18:40:01'),(10,'345345345345','35345345345','Jomari Tenorio','Male','Taguig City','09474554607','jtenoriobscs@tfvc.edu.ph',1,_binary '','$2a$11$mrxEhS8pIUlL1FG92ouOQuJrntQ569sB/QmnVvx0Tuop8Uxs1XURO','2025-01-01 18:40:01'),(14,'345345345345','35345345345','Jomari Tenorio','Male','Taguig City','09474554607','jtenoriobscs@tfvc.edu.ph',1,_binary '','$2a$11$mrxEhS8pIUlL1FG92ouOQuJrntQ569sB/QmnVvx0Tuop8Uxs1XURO','2025-01-01 18:40:18'),(15,'345345345345','35345345345','Jomari Tenorio','Male','Taguig City','09474554607','jtenoriobscs@tfvc.edu.ph',1,_binary '','$2a$11$mrxEhS8pIUlL1FG92ouOQuJrntQ569sB/QmnVvx0Tuop8Uxs1XURO','2025-01-01 18:40:18'),(16,'345345345345','35345345345','Jomari Tenorio','Male','Taguig City','09474554607','jtenoriobscs@tfvc.edu.ph',1,_binary '','$2a$11$mrxEhS8pIUlL1FG92ouOQuJrntQ569sB/QmnVvx0Tuop8Uxs1XURO','2025-01-01 18:40:18'),(17,'345345345345','35345345345','Jomari Tenorio','Male','Taguig City','09474554607','jtenoriobscs@tfvc.edu.ph',1,_binary '','$2a$11$mrxEhS8pIUlL1FG92ouOQuJrntQ569sB/QmnVvx0Tuop8Uxs1XURO','2025-01-01 18:40:18'),(18,'345345345345','35345345345','Jomari Tenorio','Male','Taguig City','09474554607','jtenoriobscs@tfvc.edu.ph',1,_binary '','$2a$11$mrxEhS8pIUlL1FG92ouOQuJrntQ569sB/QmnVvx0Tuop8Uxs1XURO','2025-01-01 18:40:18'),(19,'345345345345','35345345345','Jomari Tenorio','Male','Taguig City','09474554607','jtenoriobscs@tfvc.edu.ph',1,_binary '','$2a$11$mrxEhS8pIUlL1FG92ouOQuJrntQ569sB/QmnVvx0Tuop8Uxs1XURO','2025-01-01 18:40:18'),(20,'345345345345','35345345345','Jomari Tenorio','Male','Taguig City','09474554607','jtenoriobscs@tfvc.edu.ph',1,_binary '','$2a$11$mrxEhS8pIUlL1FG92ouOQuJrntQ569sB/QmnVvx0Tuop8Uxs1XURO','2025-01-01 18:40:18'),(21,'345345345345','35345345345','Jomari Tenorio','Male','Taguig City','09474554607','jtenoriobscs@tfvc.edu.ph',1,_binary '','$2a$11$mrxEhS8pIUlL1FG92ouOQuJrntQ569sB/QmnVvx0Tuop8Uxs1XURO','2025-01-01 18:40:18'),(29,'345345345345','35345345345','Jomari Tenorio','Male','Taguig City','09474554607','jtenoriobscs@tfvc.edu.ph',1,_binary '','$2a$11$mrxEhS8pIUlL1FG92ouOQuJrntQ569sB/QmnVvx0Tuop8Uxs1XURO','2025-01-01 18:40:18'),(30,'345345345345','35345345345','Jomari Tenorio','Male','Taguig City','09474554607','jtenoriobscs@tfvc.edu.ph',1,_binary '','$2a$11$mrxEhS8pIUlL1FG92ouOQuJrntQ569sB/QmnVvx0Tuop8Uxs1XURO','2025-01-01 18:40:18'),(31,'345345345345','35345345345','Jomari Tenorio','Male','Taguig City','09474554607','jtenoriobscs@tfvc.edu.ph',1,_binary '','$2a$11$mrxEhS8pIUlL1FG92ouOQuJrntQ569sB/QmnVvx0Tuop8Uxs1XURO','2025-01-01 18:40:18'),(32,'345345345345','35345345345','Jomari Tenorio','Male','Taguig City','09474554607','jtenoriobscs@tfvc.edu.ph',1,_binary '','$2a$11$mrxEhS8pIUlL1FG92ouOQuJrntQ569sB/QmnVvx0Tuop8Uxs1XURO','2025-01-01 18:40:18'),(33,'345345345345','35345345345','Jomari Tenorio','Male','Taguig City','09474554607','jtenoriobscs@tfvc.edu.ph',1,_binary '','$2a$11$mrxEhS8pIUlL1FG92ouOQuJrntQ569sB/QmnVvx0Tuop8Uxs1XURO','2025-01-01 18:40:18'),(34,'345345345345','35345345345','Jomari Tenorio','Male','Taguig City','09474554607','jtenoriobscs@tfvc.edu.ph',1,_binary '','$2a$11$mrxEhS8pIUlL1FG92ouOQuJrntQ569sB/QmnVvx0Tuop8Uxs1XURO','2025-01-01 18:40:18'),(35,'345345345345','35345345345','Jomari Tenorio','Male','Taguig City','09474554607','jtenoriobscs@tfvc.edu.ph',1,_binary '','$2a$11$mrxEhS8pIUlL1FG92ouOQuJrntQ569sB/QmnVvx0Tuop8Uxs1XURO','2025-01-01 18:40:18'),(36,'345345345345','35345345345','Jomari Tenorio','Male','Taguig City','09474554607','jtenoriobscs@tfvc.edu.ph',1,_binary '','$2a$11$mrxEhS8pIUlL1FG92ouOQuJrntQ569sB/QmnVvx0Tuop8Uxs1XURO','2025-01-01 18:40:18'),(37,'345345345345','35345345345','Jomari Tenorio','Male','Taguig City','09474554607','jtenoriobscs@tfvc.edu.ph',1,_binary '','$2a$11$mrxEhS8pIUlL1FG92ouOQuJrntQ569sB/QmnVvx0Tuop8Uxs1XURO','2025-01-01 18:40:18'),(38,'345345345345','35345345345','Jomari Tenorio','Male','Taguig City','09474554607','jtenoriobscs@tfvc.edu.ph',1,_binary '','$2a$11$mrxEhS8pIUlL1FG92ouOQuJrntQ569sB/QmnVvx0Tuop8Uxs1XURO','2025-01-01 18:40:18'),(39,'345345345345','35345345345','Jomari Tenorio','Male','Taguig City','09474554607','jtenoriobscs@tfvc.edu.ph',1,_binary '','$2a$11$mrxEhS8pIUlL1FG92ouOQuJrntQ569sB/QmnVvx0Tuop8Uxs1XURO','2025-01-01 18:40:18'),(40,'345345345345','35345345345','Jomari Tenorio','Male','Taguig City','09474554607','jtenoriobscs@tfvc.edu.ph',1,_binary '','$2a$11$mrxEhS8pIUlL1FG92ouOQuJrntQ569sB/QmnVvx0Tuop8Uxs1XURO','2025-01-01 18:40:18'),(41,'345345345345','35345345345','Jomari Tenorio','Male','Taguig City','09474554607','jtenoriobscs@tfvc.edu.ph',1,_binary '','$2a$11$mrxEhS8pIUlL1FG92ouOQuJrntQ569sB/QmnVvx0Tuop8Uxs1XURO','2025-01-01 18:40:18'),(42,'345345345345','35345345345','Jomari Tenorio','Male','Taguig City','09474554607','jtenoriobscs@tfvc.edu.ph',1,_binary '','$2a$11$mrxEhS8pIUlL1FG92ouOQuJrntQ569sB/QmnVvx0Tuop8Uxs1XURO','2025-01-01 18:40:18'),(43,'345345345345','35345345345','Jomari Tenorio','Male','Taguig City','09474554607','jtenoriobscs@tfvc.edu.ph',1,_binary '','$2a$11$mrxEhS8pIUlL1FG92ouOQuJrntQ569sB/QmnVvx0Tuop8Uxs1XURO','2025-01-01 18:40:18'),(44,'345345345345','35345345345','Jomari Tenorio','Male','Taguig City','09474554607','jtenoriobscs@tfvc.edu.ph',1,_binary '','$2a$11$mrxEhS8pIUlL1FG92ouOQuJrntQ569sB/QmnVvx0Tuop8Uxs1XURO','2025-01-01 18:40:18'),(60,'345345345345','35345345345','Jomari Tenorio','Male','Taguig City','09474554607','jtenoriobscs@tfvc.edu.ph',1,_binary '','$2a$11$mrxEhS8pIUlL1FG92ouOQuJrntQ569sB/QmnVvx0Tuop8Uxs1XURO','2025-01-01 18:40:18'),(61,'345345345345','35345345345','Jomari Tenorio','Male','Taguig City','09474554607','jtenoriobscs@tfvc.edu.ph',1,_binary '','$2a$11$mrxEhS8pIUlL1FG92ouOQuJrntQ569sB/QmnVvx0Tuop8Uxs1XURO','2025-01-01 18:40:18'),(62,'345345345345','35345345345','Jomari Tenorio','Male','Taguig City','09474554607','jtenoriobscs@tfvc.edu.ph',1,_binary '','$2a$11$mrxEhS8pIUlL1FG92ouOQuJrntQ569sB/QmnVvx0Tuop8Uxs1XURO','2025-01-01 18:40:18'),(63,'345345345345','35345345345','Jomari Tenorio','Male','Taguig City','09474554607','jtenoriobscs@tfvc.edu.ph',1,_binary '','$2a$11$mrxEhS8pIUlL1FG92ouOQuJrntQ569sB/QmnVvx0Tuop8Uxs1XURO','2025-01-01 18:40:18'),(64,'345345345345','35345345345','Jomari Tenorio','Male','Taguig City','09474554607','jtenoriobscs@tfvc.edu.ph',1,_binary '','$2a$11$mrxEhS8pIUlL1FG92ouOQuJrntQ569sB/QmnVvx0Tuop8Uxs1XURO','2025-01-01 18:40:18'),(65,'345345345345','35345345345','Jomari Tenorio','Male','Taguig City','09474554607','jtenoriobscs@tfvc.edu.ph',1,_binary '','$2a$11$mrxEhS8pIUlL1FG92ouOQuJrntQ569sB/QmnVvx0Tuop8Uxs1XURO','2025-01-01 18:40:18'),(66,'345345345345','35345345345','Jomari Tenorio','Male','Taguig City','09474554607','jtenoriobscs@tfvc.edu.ph',1,_binary '','$2a$11$mrxEhS8pIUlL1FG92ouOQuJrntQ569sB/QmnVvx0Tuop8Uxs1XURO','2025-01-01 18:40:18'),(67,'345345345345','35345345345','Jomari Tenorio','Male','Taguig City','09474554607','jtenoriobscs@tfvc.edu.ph',1,_binary '','$2a$11$mrxEhS8pIUlL1FG92ouOQuJrntQ569sB/QmnVvx0Tuop8Uxs1XURO','2025-01-01 18:40:18'),(68,'345345345345','35345345345','Jomari Tenorio','Male','Taguig City','09474554607','jtenoriobscs@tfvc.edu.ph',1,_binary '','$2a$11$mrxEhS8pIUlL1FG92ouOQuJrntQ569sB/QmnVvx0Tuop8Uxs1XURO','2025-01-01 18:40:18'),(69,'345345345345','35345345345','Jomari Tenorio','Male','Taguig City','09474554607','jtenoriobscs@tfvc.edu.ph',1,_binary '','$2a$11$mrxEhS8pIUlL1FG92ouOQuJrntQ569sB/QmnVvx0Tuop8Uxs1XURO','2025-01-01 18:40:18'),(70,'345345345345','35345345345','Jomari Tenorio','Male','Taguig City','09474554607','jtenoriobscs@tfvc.edu.ph',1,_binary '','$2a$11$mrxEhS8pIUlL1FG92ouOQuJrntQ569sB/QmnVvx0Tuop8Uxs1XURO','2025-01-01 18:40:18'),(71,'345345345345','35345345345','Jomari Tenorio','Male','Taguig City','09474554607','jtenoriobscs@tfvc.edu.ph',1,_binary '','$2a$11$mrxEhS8pIUlL1FG92ouOQuJrntQ569sB/QmnVvx0Tuop8Uxs1XURO','2025-01-01 18:40:18'),(72,'345345345345','35345345345','Jomari Tenorio','Male','Taguig City','09474554607','jtenoriobscs@tfvc.edu.ph',1,_binary '','$2a$11$mrxEhS8pIUlL1FG92ouOQuJrntQ569sB/QmnVvx0Tuop8Uxs1XURO','2025-01-01 18:40:18'),(73,'345345345345','35345345345','Jomari Tenorio','Male','Taguig City','09474554607','jtenoriobscs@tfvc.edu.ph',1,_binary '','$2a$11$mrxEhS8pIUlL1FG92ouOQuJrntQ569sB/QmnVvx0Tuop8Uxs1XURO','2025-01-01 18:40:18'),(74,'345345345345','35345345345','Jomari Tenorio','Male','Taguig City','09474554607','jtenoriobscs@tfvc.edu.ph',1,_binary '','$2a$11$mrxEhS8pIUlL1FG92ouOQuJrntQ569sB/QmnVvx0Tuop8Uxs1XURO','2025-01-01 18:40:18'),(75,'345345345345','35345345345','Jomari Tenorio','Male','Taguig City','09474554607','jtenoriobscs@tfvc.edu.ph',1,_binary '','$2a$11$mrxEhS8pIUlL1FG92ouOQuJrntQ569sB/QmnVvx0Tuop8Uxs1XURO','2025-01-01 18:40:18'),(76,'345345345345','35345345345','Jomari Tenorio','Male','Taguig City','09474554607','jtenoriobscs@tfvc.edu.ph',1,_binary '','$2a$11$mrxEhS8pIUlL1FG92ouOQuJrntQ569sB/QmnVvx0Tuop8Uxs1XURO','2025-01-01 18:40:18'),(77,'345345345345','35345345345','Jomari Tenorio','Male','Taguig City','09474554607','jtenoriobscs@tfvc.edu.ph',1,_binary '','$2a$11$mrxEhS8pIUlL1FG92ouOQuJrntQ569sB/QmnVvx0Tuop8Uxs1XURO','2025-01-01 18:40:18'),(78,'345345345345','35345345345','Jomari Tenorio','Male','Taguig City','09474554607','jtenoriobscs@tfvc.edu.ph',1,_binary '','$2a$11$mrxEhS8pIUlL1FG92ouOQuJrntQ569sB/QmnVvx0Tuop8Uxs1XURO','2025-01-01 18:40:18'),(79,'345345345345','35345345345','Jomari Tenorio','Male','Taguig City','09474554607','jtenoriobscs@tfvc.edu.ph',1,_binary '','$2a$11$mrxEhS8pIUlL1FG92ouOQuJrntQ569sB/QmnVvx0Tuop8Uxs1XURO','2025-01-01 18:40:18'),(80,'345345345345','35345345345','Jomari Tenorio','Male','Taguig City','09474554607','jtenoriobscs@tfvc.edu.ph',1,_binary '','$2a$11$mrxEhS8pIUlL1FG92ouOQuJrntQ569sB/QmnVvx0Tuop8Uxs1XURO','2025-01-01 18:40:18'),(81,'345345345345','35345345345','Jomari Tenorio','Male','Taguig City','09474554607','jtenoriobscs@tfvc.edu.ph',1,_binary '','$2a$11$mrxEhS8pIUlL1FG92ouOQuJrntQ569sB/QmnVvx0Tuop8Uxs1XURO','2025-01-01 18:40:18'),(82,'345345345345','35345345345','Jomari Tenorio','Male','Taguig City','09474554607','jtenoriobscs@tfvc.edu.ph',1,_binary '','$2a$11$mrxEhS8pIUlL1FG92ouOQuJrntQ569sB/QmnVvx0Tuop8Uxs1XURO','2025-01-01 18:40:18'),(83,'345345345345','35345345345','Jomari Tenorio','Male','Taguig City','09474554607','jtenoriobscs@tfvc.edu.ph',1,_binary '','$2a$11$mrxEhS8pIUlL1FG92ouOQuJrntQ569sB/QmnVvx0Tuop8Uxs1XURO','2025-01-01 18:40:18'),(84,'345345345345','35345345345','Jomari Tenorio','Male','Taguig City','09474554607','jtenoriobscs@tfvc.edu.ph',1,_binary '','$2a$11$mrxEhS8pIUlL1FG92ouOQuJrntQ569sB/QmnVvx0Tuop8Uxs1XURO','2025-01-01 18:40:18'),(85,'345345345345','35345345345','Jomari Tenorio','Male','Taguig City','09474554607','jtenoriobscs@tfvc.edu.ph',1,_binary '','$2a$11$mrxEhS8pIUlL1FG92ouOQuJrntQ569sB/QmnVvx0Tuop8Uxs1XURO','2025-01-01 18:40:18'),(86,'345345345345','35345345345','Jomari Tenorio','Male','Taguig City','09474554607','jtenoriobscs@tfvc.edu.ph',1,_binary '','$2a$11$mrxEhS8pIUlL1FG92ouOQuJrntQ569sB/QmnVvx0Tuop8Uxs1XURO','2025-01-01 18:40:18'),(87,'345345345345','35345345345','Jomari Tenorio','Male','Taguig City','09474554607','jtenoriobscs@tfvc.edu.ph',1,_binary '','$2a$11$mrxEhS8pIUlL1FG92ouOQuJrntQ569sB/QmnVvx0Tuop8Uxs1XURO','2025-01-01 18:40:18'),(88,'345345345345','35345345345','Jomari Tenorio','Male','Taguig City','09474554607','jtenoriobscs@tfvc.edu.ph',1,_binary '','$2a$11$mrxEhS8pIUlL1FG92ouOQuJrntQ569sB/QmnVvx0Tuop8Uxs1XURO','2025-01-01 18:40:18'),(89,'345345345345','35345345345','Jomari Tenorio','Male','Taguig City','09474554607','jtenoriobscs@tfvc.edu.ph',1,_binary '','$2a$11$mrxEhS8pIUlL1FG92ouOQuJrntQ569sB/QmnVvx0Tuop8Uxs1XURO','2025-01-01 18:40:18'),(90,'345345345345','35345345345','Jomari Tenorio','Male','Taguig City','09474554607','jtenoriobscs@tfvc.edu.ph',1,_binary '','$2a$11$mrxEhS8pIUlL1FG92ouOQuJrntQ569sB/QmnVvx0Tuop8Uxs1XURO','2025-01-01 18:40:18'),(91,'345345345345','35345345345','Jomari Tenorio','Male','Taguig City','09474554607','jtenoriobscs@tfvc.edu.ph',1,_binary '','$2a$11$mrxEhS8pIUlL1FG92ouOQuJrntQ569sB/QmnVvx0Tuop8Uxs1XURO','2025-01-01 18:40:18'),(123,'345345345345','35345345345','Jomari Tenorio','Male','Taguig City','09474554607','jtenoriobscs@tfvc.edu.ph',1,_binary '','$2a$11$mrxEhS8pIUlL1FG92ouOQuJrntQ569sB/QmnVvx0Tuop8Uxs1XURO','2025-01-01 18:40:19'),(124,'345345345345','35345345345','Jomari Tenorio','Male','Taguig City','09474554607','jtenoriobscs@tfvc.edu.ph',1,_binary '','$2a$11$mrxEhS8pIUlL1FG92ouOQuJrntQ569sB/QmnVvx0Tuop8Uxs1XURO','2025-01-01 18:40:19'),(125,'345345345345','35345345345','Jomari Tenorio','Male','Taguig City','09474554607','jtenoriobscs@tfvc.edu.ph',1,_binary '','$2a$11$mrxEhS8pIUlL1FG92ouOQuJrntQ569sB/QmnVvx0Tuop8Uxs1XURO','2025-01-01 18:40:19'),(126,'345345345345','35345345345','Jomari Tenorio','Male','Taguig City','09474554607','jtenoriobscs@tfvc.edu.ph',1,_binary '','$2a$11$mrxEhS8pIUlL1FG92ouOQuJrntQ569sB/QmnVvx0Tuop8Uxs1XURO','2025-01-01 18:40:19'),(127,'345345345345','35345345345','Jomari Tenorio','Male','Taguig City','09474554607','jtenoriobscs@tfvc.edu.ph',1,_binary '','$2a$11$mrxEhS8pIUlL1FG92ouOQuJrntQ569sB/QmnVvx0Tuop8Uxs1XURO','2025-01-01 18:40:19'),(128,'345345345345','35345345345','Jomari Tenorio','Male','Taguig City','09474554607','jtenoriobscs@tfvc.edu.ph',1,_binary '','$2a$11$mrxEhS8pIUlL1FG92ouOQuJrntQ569sB/QmnVvx0Tuop8Uxs1XURO','2025-01-01 18:40:19'),(129,'345345345345','35345345345','Jomari Tenorio','Male','Taguig City','09474554607','jtenoriobscs@tfvc.edu.ph',1,_binary '','$2a$11$mrxEhS8pIUlL1FG92ouOQuJrntQ569sB/QmnVvx0Tuop8Uxs1XURO','2025-01-01 18:40:19'),(130,'345345345345','35345345345','Jomari Tenorio','Male','Taguig City','09474554607','jtenoriobscs@tfvc.edu.ph',1,_binary '','$2a$11$mrxEhS8pIUlL1FG92ouOQuJrntQ569sB/QmnVvx0Tuop8Uxs1XURO','2025-01-01 18:40:19'),(131,'345345345345','35345345345','Jomari Tenorio','Male','Taguig City','09474554607','jtenoriobscs@tfvc.edu.ph',1,_binary '','$2a$11$mrxEhS8pIUlL1FG92ouOQuJrntQ569sB/QmnVvx0Tuop8Uxs1XURO','2025-01-01 18:40:19'),(132,'345345345345','35345345345','Jomari Tenorio','Male','Taguig City','09474554607','jtenoriobscs@tfvc.edu.ph',1,_binary '','$2a$11$mrxEhS8pIUlL1FG92ouOQuJrntQ569sB/QmnVvx0Tuop8Uxs1XURO','2025-01-01 18:40:19'),(133,'345345345345','35345345345','Jomari Tenorio','Male','Taguig City','09474554607','jtenoriobscs@tfvc.edu.ph',1,_binary '','$2a$11$mrxEhS8pIUlL1FG92ouOQuJrntQ569sB/QmnVvx0Tuop8Uxs1XURO','2025-01-01 18:40:19'),(134,'345345345345','35345345345','Jomari Tenorio','Male','Taguig City','09474554607','jtenoriobscs@tfvc.edu.ph',1,_binary '','$2a$11$mrxEhS8pIUlL1FG92ouOQuJrntQ569sB/QmnVvx0Tuop8Uxs1XURO','2025-01-01 18:40:19'),(135,'345345345345','35345345345','Jomari Tenorio','Male','Taguig City','09474554607','jtenoriobscs@tfvc.edu.ph',1,_binary '','$2a$11$mrxEhS8pIUlL1FG92ouOQuJrntQ569sB/QmnVvx0Tuop8Uxs1XURO','2025-01-01 18:40:19'),(136,'345345345345','35345345345','Jomari Tenorio','Male','Taguig City','09474554607','jtenoriobscs@tfvc.edu.ph',1,_binary '','$2a$11$mrxEhS8pIUlL1FG92ouOQuJrntQ569sB/QmnVvx0Tuop8Uxs1XURO','2025-01-01 18:40:19'),(137,'345345345345','35345345345','Jomari Tenorio','Male','Taguig City','09474554607','jtenoriobscs@tfvc.edu.ph',1,_binary '','$2a$11$mrxEhS8pIUlL1FG92ouOQuJrntQ569sB/QmnVvx0Tuop8Uxs1XURO','2025-01-01 18:40:19'),(138,'345345345345','35345345345','Jomari Tenorio','Male','Taguig City','09474554607','jtenoriobscs@tfvc.edu.ph',1,_binary '','$2a$11$mrxEhS8pIUlL1FG92ouOQuJrntQ569sB/QmnVvx0Tuop8Uxs1XURO','2025-01-01 18:40:19'),(139,'345345345345','35345345345','Jomari Tenorio','Male','Taguig City','09474554607','jtenoriobscs@tfvc.edu.ph',1,_binary '','$2a$11$mrxEhS8pIUlL1FG92ouOQuJrntQ569sB/QmnVvx0Tuop8Uxs1XURO','2025-01-01 18:40:19'),(140,'345345345345','35345345345','Jomari Tenorio','Male','Taguig City','09474554607','jtenoriobscs@tfvc.edu.ph',1,_binary '','$2a$11$mrxEhS8pIUlL1FG92ouOQuJrntQ569sB/QmnVvx0Tuop8Uxs1XURO','2025-01-01 18:40:19'),(141,'345345345345','35345345345','Jomari Tenorio','Male','Taguig City','09474554607','jtenoriobscs@tfvc.edu.ph',1,_binary '','$2a$11$mrxEhS8pIUlL1FG92ouOQuJrntQ569sB/QmnVvx0Tuop8Uxs1XURO','2025-01-01 18:40:19'),(142,'345345345345','35345345345','Jomari Tenorio','Male','Taguig City','09474554607','jtenoriobscs@tfvc.edu.ph',1,_binary '','$2a$11$mrxEhS8pIUlL1FG92ouOQuJrntQ569sB/QmnVvx0Tuop8Uxs1XURO','2025-01-01 18:40:19'),(143,'345345345345','35345345345','Jomari Tenorio','Male','Taguig City','09474554607','jtenoriobscs@tfvc.edu.ph',1,_binary '','$2a$11$mrxEhS8pIUlL1FG92ouOQuJrntQ569sB/QmnVvx0Tuop8Uxs1XURO','2025-01-01 18:40:19'),(144,'345345345345','35345345345','Jomari Tenorio','Male','Taguig City','09474554607','jtenoriobscs@tfvc.edu.ph',1,_binary '','$2a$11$mrxEhS8pIUlL1FG92ouOQuJrntQ569sB/QmnVvx0Tuop8Uxs1XURO','2025-01-01 18:40:19'),(145,'345345345345','35345345345','Jomari Tenorio','Male','Taguig City','09474554607','jtenoriobscs@tfvc.edu.ph',1,_binary '','$2a$11$mrxEhS8pIUlL1FG92ouOQuJrntQ569sB/QmnVvx0Tuop8Uxs1XURO','2025-01-01 18:40:19'),(146,'345345345345','35345345345','Jomari Tenorio','Male','Taguig City','09474554607','jtenoriobscs@tfvc.edu.ph',1,_binary '','$2a$11$mrxEhS8pIUlL1FG92ouOQuJrntQ569sB/QmnVvx0Tuop8Uxs1XURO','2025-01-01 18:40:19'),(147,'345345345345','35345345345','Jomari Tenorio','Male','Taguig City','09474554607','jtenoriobscs@tfvc.edu.ph',1,_binary '','$2a$11$mrxEhS8pIUlL1FG92ouOQuJrntQ569sB/QmnVvx0Tuop8Uxs1XURO','2025-01-01 18:40:19'),(148,'345345345345','35345345345','Jomari Tenorio','Male','Taguig City','09474554607','jtenoriobscs@tfvc.edu.ph',1,_binary '','$2a$11$mrxEhS8pIUlL1FG92ouOQuJrntQ569sB/QmnVvx0Tuop8Uxs1XURO','2025-01-01 18:40:19'),(149,'345345345345','35345345345','Jomari Tenorio','Male','Taguig City','09474554607','jtenoriobscs@tfvc.edu.ph',1,_binary '','$2a$11$mrxEhS8pIUlL1FG92ouOQuJrntQ569sB/QmnVvx0Tuop8Uxs1XURO','2025-01-01 18:40:19'),(150,'345345345345','35345345345','Jomari Tenorio','Male','Taguig City','09474554607','jtenoriobscs@tfvc.edu.ph',1,_binary '','$2a$11$mrxEhS8pIUlL1FG92ouOQuJrntQ569sB/QmnVvx0Tuop8Uxs1XURO','2025-01-01 18:40:19'),(151,'345345345345','35345345345','Jomari Tenorio','Male','Taguig City','09474554607','jtenoriobscs@tfvc.edu.ph',1,_binary '','$2a$11$mrxEhS8pIUlL1FG92ouOQuJrntQ569sB/QmnVvx0Tuop8Uxs1XURO','2025-01-01 18:40:19'),(152,'345345345345','35345345345','Jomari Tenorio','Male','Taguig City','09474554607','jtenoriobscs@tfvc.edu.ph',1,_binary '','$2a$11$mrxEhS8pIUlL1FG92ouOQuJrntQ569sB/QmnVvx0Tuop8Uxs1XURO','2025-01-01 18:40:19'),(153,'345345345345','35345345345','Jomari Tenorio','Male','Taguig City','09474554607','jtenoriobscs@tfvc.edu.ph',1,_binary '','$2a$11$mrxEhS8pIUlL1FG92ouOQuJrntQ569sB/QmnVvx0Tuop8Uxs1XURO','2025-01-01 18:40:19'),(154,'345345345345','35345345345','Jomari Tenorio','Male','Taguig City','09474554607','jtenoriobscs@tfvc.edu.ph',1,_binary '','$2a$11$mrxEhS8pIUlL1FG92ouOQuJrntQ569sB/QmnVvx0Tuop8Uxs1XURO','2025-01-01 18:40:19'),(155,'345345345345','35345345345','Jomari Tenorio','Male','Taguig City','09474554607','jtenoriobscs@tfvc.edu.ph',1,_binary '','$2a$11$mrxEhS8pIUlL1FG92ouOQuJrntQ569sB/QmnVvx0Tuop8Uxs1XURO','2025-01-01 18:40:19'),(156,'345345345345','35345345345','Jomari Tenorio','Male','Taguig City','09474554607','jtenoriobscs@tfvc.edu.ph',1,_binary '','$2a$11$mrxEhS8pIUlL1FG92ouOQuJrntQ569sB/QmnVvx0Tuop8Uxs1XURO','2025-01-01 18:40:19'),(157,'345345345345','35345345345','Jomari Tenorio','Male','Taguig City','09474554607','jtenoriobscs@tfvc.edu.ph',1,_binary '','$2a$11$mrxEhS8pIUlL1FG92ouOQuJrntQ569sB/QmnVvx0Tuop8Uxs1XURO','2025-01-01 18:40:19'),(158,'345345345345','35345345345','Jomari Tenorio','Male','Taguig City','09474554607','jtenoriobscs@tfvc.edu.ph',1,_binary '','$2a$11$mrxEhS8pIUlL1FG92ouOQuJrntQ569sB/QmnVvx0Tuop8Uxs1XURO','2025-01-01 18:40:19'),(159,'345345345345','35345345345','Jomari Tenorio','Male','Taguig City','09474554607','jtenoriobscs@tfvc.edu.ph',1,_binary '','$2a$11$mrxEhS8pIUlL1FG92ouOQuJrntQ569sB/QmnVvx0Tuop8Uxs1XURO','2025-01-01 18:40:19'),(160,'345345345345','35345345345','Jomari Tenorio','Male','Taguig City','09474554607','jtenoriobscs@tfvc.edu.ph',1,_binary '','$2a$11$mrxEhS8pIUlL1FG92ouOQuJrntQ569sB/QmnVvx0Tuop8Uxs1XURO','2025-01-01 18:40:19'),(161,'345345345345','35345345345','Jomari Tenorio','Male','Taguig City','09474554607','jtenoriobscs@tfvc.edu.ph',1,_binary '','$2a$11$mrxEhS8pIUlL1FG92ouOQuJrntQ569sB/QmnVvx0Tuop8Uxs1XURO','2025-01-01 18:40:19'),(162,'345345345345','35345345345','Jomari Tenorio','Male','Taguig City','09474554607','jtenoriobscs@tfvc.edu.ph',1,_binary '','$2a$11$mrxEhS8pIUlL1FG92ouOQuJrntQ569sB/QmnVvx0Tuop8Uxs1XURO','2025-01-01 18:40:19'),(163,'345345345345','35345345345','Jomari Tenorio','Male','Taguig City','09474554607','jtenoriobscs@tfvc.edu.ph',1,_binary '','$2a$11$mrxEhS8pIUlL1FG92ouOQuJrntQ569sB/QmnVvx0Tuop8Uxs1XURO','2025-01-01 18:40:19'),(164,'345345345345','35345345345','Jomari Tenorio','Male','Taguig City','09474554607','jtenoriobscs@tfvc.edu.ph',1,_binary '','$2a$11$mrxEhS8pIUlL1FG92ouOQuJrntQ569sB/QmnVvx0Tuop8Uxs1XURO','2025-01-01 18:40:19'),(165,'345345345345','35345345345','Jomari Tenorio','Male','Taguig City','09474554607','jtenoriobscs@tfvc.edu.ph',1,_binary '','$2a$11$mrxEhS8pIUlL1FG92ouOQuJrntQ569sB/QmnVvx0Tuop8Uxs1XURO','2025-01-01 18:40:19'),(166,'345345345345','35345345345','Jomari Tenorio','Male','Taguig City','09474554607','jtenoriobscs@tfvc.edu.ph',1,_binary '','$2a$11$mrxEhS8pIUlL1FG92ouOQuJrntQ569sB/QmnVvx0Tuop8Uxs1XURO','2025-01-01 18:40:19'),(167,'345345345345','35345345345','Jomari Tenorio','Male','Taguig City','09474554607','jtenoriobscs@tfvc.edu.ph',1,_binary '','$2a$11$mrxEhS8pIUlL1FG92ouOQuJrntQ569sB/QmnVvx0Tuop8Uxs1XURO','2025-01-01 18:40:19'),(168,'345345345345','35345345345','Jomari Tenorio','Male','Taguig City','09474554607','jtenoriobscs@tfvc.edu.ph',1,_binary '','$2a$11$mrxEhS8pIUlL1FG92ouOQuJrntQ569sB/QmnVvx0Tuop8Uxs1XURO','2025-01-01 18:40:19'),(169,'345345345345','35345345345','Jomari Tenorio','Male','Taguig City','09474554607','jtenoriobscs@tfvc.edu.ph',1,_binary '','$2a$11$mrxEhS8pIUlL1FG92ouOQuJrntQ569sB/QmnVvx0Tuop8Uxs1XURO','2025-01-01 18:40:19'),(170,'345345345345','35345345345','Jomari Tenorio','Male','Taguig City','09474554607','jtenoriobscs@tfvc.edu.ph',1,_binary '','$2a$11$mrxEhS8pIUlL1FG92ouOQuJrntQ569sB/QmnVvx0Tuop8Uxs1XURO','2025-01-01 18:40:19'),(171,'345345345345','35345345345','Jomari Tenorio','Male','Taguig City','09474554607','jtenoriobscs@tfvc.edu.ph',1,_binary '','$2a$11$mrxEhS8pIUlL1FG92ouOQuJrntQ569sB/QmnVvx0Tuop8Uxs1XURO','2025-01-01 18:40:19'),(172,'345345345345','35345345345','Jomari Tenorio','Male','Taguig City','09474554607','jtenoriobscs@tfvc.edu.ph',1,_binary '','$2a$11$mrxEhS8pIUlL1FG92ouOQuJrntQ569sB/QmnVvx0Tuop8Uxs1XURO','2025-01-01 18:40:19'),(173,'345345345345','35345345345','Jomari Tenorio','Male','Taguig City','09474554607','jtenoriobscs@tfvc.edu.ph',1,_binary '','$2a$11$mrxEhS8pIUlL1FG92ouOQuJrntQ569sB/QmnVvx0Tuop8Uxs1XURO','2025-01-01 18:40:19'),(174,'345345345345','35345345345','Jomari Tenorio','Male','Taguig City','09474554607','jtenoriobscs@tfvc.edu.ph',1,_binary '','$2a$11$mrxEhS8pIUlL1FG92ouOQuJrntQ569sB/QmnVvx0Tuop8Uxs1XURO','2025-01-01 18:40:19'),(175,'345345345345','35345345345','Jomari Tenorio','Male','Taguig City','09474554607','jtenoriobscs@tfvc.edu.ph',1,_binary '','$2a$11$mrxEhS8pIUlL1FG92ouOQuJrntQ569sB/QmnVvx0Tuop8Uxs1XURO','2025-01-01 18:40:19'),(176,'345345345345','35345345345','Jomari Tenorio','Male','Taguig City','09474554607','jtenoriobscs@tfvc.edu.ph',1,_binary '','$2a$11$mrxEhS8pIUlL1FG92ouOQuJrntQ569sB/QmnVvx0Tuop8Uxs1XURO','2025-01-01 18:40:19'),(177,'345345345345','35345345345','Jomari Tenorio','Male','Taguig City','09474554607','jtenoriobscs@tfvc.edu.ph',1,_binary '','$2a$11$mrxEhS8pIUlL1FG92ouOQuJrntQ569sB/QmnVvx0Tuop8Uxs1XURO','2025-01-01 18:40:19'),(178,'345345345345','35345345345','Jomari Tenorio','Male','Taguig City','09474554607','jtenoriobscs@tfvc.edu.ph',1,_binary '','$2a$11$mrxEhS8pIUlL1FG92ouOQuJrntQ569sB/QmnVvx0Tuop8Uxs1XURO','2025-01-01 18:40:19'),(179,'345345345345','35345345345','Jomari Tenorio','Male','Taguig City','09474554607','jtenoriobscs@tfvc.edu.ph',1,_binary '','$2a$11$mrxEhS8pIUlL1FG92ouOQuJrntQ569sB/QmnVvx0Tuop8Uxs1XURO','2025-01-01 18:40:19'),(180,'345345345345','35345345345','Jomari Tenorio','Male','Taguig City','09474554607','jtenoriobscs@tfvc.edu.ph',1,_binary '','$2a$11$mrxEhS8pIUlL1FG92ouOQuJrntQ569sB/QmnVvx0Tuop8Uxs1XURO','2025-01-01 18:40:19'),(181,'345345345345','35345345345','Jomari Tenorio','Male','Taguig City','09474554607','jtenoriobscs@tfvc.edu.ph',1,_binary '','$2a$11$mrxEhS8pIUlL1FG92ouOQuJrntQ569sB/QmnVvx0Tuop8Uxs1XURO','2025-01-01 18:40:19'),(182,'345345345345','35345345345','Jomari Tenorio','Male','Taguig City','09474554607','jtenoriobscs@tfvc.edu.ph',1,_binary '','$2a$11$mrxEhS8pIUlL1FG92ouOQuJrntQ569sB/QmnVvx0Tuop8Uxs1XURO','2025-01-01 18:40:19'),(183,'345345345345','35345345345','Jomari Tenorio','Male','Taguig City','09474554607','jtenoriobscs@tfvc.edu.ph',1,_binary '','$2a$11$mrxEhS8pIUlL1FG92ouOQuJrntQ569sB/QmnVvx0Tuop8Uxs1XURO','2025-01-01 18:40:19'),(184,'345345345345','35345345345','Jomari Tenorio','Male','Taguig City','09474554607','jtenoriobscs@tfvc.edu.ph',1,_binary '','$2a$11$mrxEhS8pIUlL1FG92ouOQuJrntQ569sB/QmnVvx0Tuop8Uxs1XURO','2025-01-01 18:40:19'),(185,'345345345345','35345345345','Jomari Tenorio','Male','Taguig City','09474554607','jtenoriobscs@tfvc.edu.ph',1,_binary '','$2a$11$mrxEhS8pIUlL1FG92ouOQuJrntQ569sB/QmnVvx0Tuop8Uxs1XURO','2025-01-01 18:40:19'),(186,'345345345345','35345345345','Jomari Tenorio','Male','Taguig City','09474554607','jtenoriobscs@tfvc.edu.ph',1,_binary '','$2a$11$mrxEhS8pIUlL1FG92ouOQuJrntQ569sB/QmnVvx0Tuop8Uxs1XURO','2025-01-01 18:40:19'),(250,'345345345345','35345345345','Jomari Tenorio','Male','Taguig City','09474554607','jtenoriobscs@tfvc.edu.ph',1,_binary '','$2a$11$mrxEhS8pIUlL1FG92ouOQuJrntQ569sB/QmnVvx0Tuop8Uxs1XURO','2025-01-01 18:40:20'),(251,'345345345345','35345345345','Jomari Tenorio','Male','Taguig City','09474554607','jtenoriobscs@tfvc.edu.ph',1,_binary '','$2a$11$mrxEhS8pIUlL1FG92ouOQuJrntQ569sB/QmnVvx0Tuop8Uxs1XURO','2025-01-01 18:40:20'),(252,'345345345345','35345345345','Jomari Tenorio','Male','Taguig City','09474554607','jtenoriobscs@tfvc.edu.ph',1,_binary '','$2a$11$mrxEhS8pIUlL1FG92ouOQuJrntQ569sB/QmnVvx0Tuop8Uxs1XURO','2025-01-01 18:40:20'),(253,'345345345345','35345345345','Jomari Tenorio','Male','Taguig City','09474554607','jtenoriobscs@tfvc.edu.ph',1,_binary '','$2a$11$mrxEhS8pIUlL1FG92ouOQuJrntQ569sB/QmnVvx0Tuop8Uxs1XURO','2025-01-01 18:40:20'),(254,'345345345345','35345345345','Jomari Tenorio','Male','Taguig City','09474554607','jtenoriobscs@tfvc.edu.ph',1,_binary '','$2a$11$mrxEhS8pIUlL1FG92ouOQuJrntQ569sB/QmnVvx0Tuop8Uxs1XURO','2025-01-01 18:40:20'),(255,'345345345345','35345345345','Jomari Tenorio','Male','Taguig City','09474554607','jtenoriobscs@tfvc.edu.ph',1,_binary '','$2a$11$mrxEhS8pIUlL1FG92ouOQuJrntQ569sB/QmnVvx0Tuop8Uxs1XURO','2025-01-01 18:40:20'),(256,'345345345345','35345345345','Jomari Tenorio','Male','Taguig City','09474554607','jtenoriobscs@tfvc.edu.ph',1,_binary '','$2a$11$mrxEhS8pIUlL1FG92ouOQuJrntQ569sB/QmnVvx0Tuop8Uxs1XURO','2025-01-01 18:40:20'),(257,'345345345345','35345345345','Jomari Tenorio','Male','Taguig City','09474554607','jtenoriobscs@tfvc.edu.ph',1,_binary '','$2a$11$mrxEhS8pIUlL1FG92ouOQuJrntQ569sB/QmnVvx0Tuop8Uxs1XURO','2025-01-01 18:40:20'),(258,'345345345345','35345345345','Jomari Tenorio','Male','Taguig City','09474554607','jtenoriobscs@tfvc.edu.ph',1,_binary '','$2a$11$mrxEhS8pIUlL1FG92ouOQuJrntQ569sB/QmnVvx0Tuop8Uxs1XURO','2025-01-01 18:40:20'),(259,'345345345345','35345345345','Jomari Tenorio','Male','Taguig City','09474554607','jtenoriobscs@tfvc.edu.ph',1,_binary '','$2a$11$mrxEhS8pIUlL1FG92ouOQuJrntQ569sB/QmnVvx0Tuop8Uxs1XURO','2025-01-01 18:40:20'),(260,'345345345345','35345345345','Jomari Tenorio','Male','Taguig City','09474554607','jtenoriobscs@tfvc.edu.ph',1,_binary '','$2a$11$mrxEhS8pIUlL1FG92ouOQuJrntQ569sB/QmnVvx0Tuop8Uxs1XURO','2025-01-01 18:40:20'),(261,'345345345345','35345345345','Jomari Tenorio','Male','Taguig City','09474554607','jtenoriobscs@tfvc.edu.ph',1,_binary '','$2a$11$mrxEhS8pIUlL1FG92ouOQuJrntQ569sB/QmnVvx0Tuop8Uxs1XURO','2025-01-01 18:40:20'),(262,'345345345345','35345345345','Jomari Tenorio','Male','Taguig City','09474554607','jtenoriobscs@tfvc.edu.ph',1,_binary '','$2a$11$mrxEhS8pIUlL1FG92ouOQuJrntQ569sB/QmnVvx0Tuop8Uxs1XURO','2025-01-01 18:40:20'),(263,'345345345345','35345345345','Jomari Tenorio','Male','Taguig City','09474554607','jtenoriobscs@tfvc.edu.ph',1,_binary '','$2a$11$mrxEhS8pIUlL1FG92ouOQuJrntQ569sB/QmnVvx0Tuop8Uxs1XURO','2025-01-01 18:40:20'),(264,'345345345345','35345345345','Jomari Tenorio','Male','Taguig City','09474554607','jtenoriobscs@tfvc.edu.ph',1,_binary '','$2a$11$mrxEhS8pIUlL1FG92ouOQuJrntQ569sB/QmnVvx0Tuop8Uxs1XURO','2025-01-01 18:40:20'),(265,'345345345345','35345345345','Jomari Tenorio','Male','Taguig City','09474554607','jtenoriobscs@tfvc.edu.ph',1,_binary '','$2a$11$mrxEhS8pIUlL1FG92ouOQuJrntQ569sB/QmnVvx0Tuop8Uxs1XURO','2025-01-01 18:40:20'),(266,'345345345345','35345345345','Jomari Tenorio','Male','Taguig City','09474554607','jtenoriobscs@tfvc.edu.ph',1,_binary '','$2a$11$mrxEhS8pIUlL1FG92ouOQuJrntQ569sB/QmnVvx0Tuop8Uxs1XURO','2025-01-01 18:40:20'),(267,'345345345345','35345345345','Jomari Tenorio','Male','Taguig City','09474554607','jtenoriobscs@tfvc.edu.ph',1,_binary '','$2a$11$mrxEhS8pIUlL1FG92ouOQuJrntQ569sB/QmnVvx0Tuop8Uxs1XURO','2025-01-01 18:40:20'),(268,'345345345345','35345345345','Jomari Tenorio','Male','Taguig City','09474554607','jtenoriobscs@tfvc.edu.ph',1,_binary '','$2a$11$mrxEhS8pIUlL1FG92ouOQuJrntQ569sB/QmnVvx0Tuop8Uxs1XURO','2025-01-01 18:40:20'),(269,'345345345345','35345345345','Jomari Tenorio','Male','Taguig City','09474554607','jtenoriobscs@tfvc.edu.ph',1,_binary '','$2a$11$mrxEhS8pIUlL1FG92ouOQuJrntQ569sB/QmnVvx0Tuop8Uxs1XURO','2025-01-01 18:40:20'),(270,'345345345345','35345345345','Jomari Tenorio','Male','Taguig City','09474554607','jtenoriobscs@tfvc.edu.ph',1,_binary '','$2a$11$mrxEhS8pIUlL1FG92ouOQuJrntQ569sB/QmnVvx0Tuop8Uxs1XURO','2025-01-01 18:40:20'),(271,'345345345345','35345345345','Jomari Tenorio','Male','Taguig City','09474554607','jtenoriobscs@tfvc.edu.ph',1,_binary '','$2a$11$mrxEhS8pIUlL1FG92ouOQuJrntQ569sB/QmnVvx0Tuop8Uxs1XURO','2025-01-01 18:40:20'),(272,'345345345345','35345345345','Jomari Tenorio','Male','Taguig City','09474554607','jtenoriobscs@tfvc.edu.ph',1,_binary '','$2a$11$mrxEhS8pIUlL1FG92ouOQuJrntQ569sB/QmnVvx0Tuop8Uxs1XURO','2025-01-01 18:40:20'),(273,'345345345345','35345345345','Jomari Tenorio','Male','Taguig City','09474554607','jtenoriobscs@tfvc.edu.ph',1,_binary '','$2a$11$mrxEhS8pIUlL1FG92ouOQuJrntQ569sB/QmnVvx0Tuop8Uxs1XURO','2025-01-01 18:40:20'),(274,'345345345345','35345345345','Jomari Tenorio','Male','Taguig City','09474554607','jtenoriobscs@tfvc.edu.ph',1,_binary '','$2a$11$mrxEhS8pIUlL1FG92ouOQuJrntQ569sB/QmnVvx0Tuop8Uxs1XURO','2025-01-01 18:40:20'),(275,'345345345345','35345345345','Jomari Tenorio','Male','Taguig City','09474554607','jtenoriobscs@tfvc.edu.ph',1,_binary '','$2a$11$mrxEhS8pIUlL1FG92ouOQuJrntQ569sB/QmnVvx0Tuop8Uxs1XURO','2025-01-01 18:40:20'),(276,'345345345345','35345345345','Jomari Tenorio','Male','Taguig City','09474554607','jtenoriobscs@tfvc.edu.ph',1,_binary '','$2a$11$mrxEhS8pIUlL1FG92ouOQuJrntQ569sB/QmnVvx0Tuop8Uxs1XURO','2025-01-01 18:40:20'),(277,'345345345345','35345345345','Jomari Tenorio','Male','Taguig City','09474554607','jtenoriobscs@tfvc.edu.ph',1,_binary '','$2a$11$mrxEhS8pIUlL1FG92ouOQuJrntQ569sB/QmnVvx0Tuop8Uxs1XURO','2025-01-01 18:40:20'),(278,'345345345345','35345345345','Jomari Tenorio','Male','Taguig City','09474554607','jtenoriobscs@tfvc.edu.ph',1,_binary '','$2a$11$mrxEhS8pIUlL1FG92ouOQuJrntQ569sB/QmnVvx0Tuop8Uxs1XURO','2025-01-01 18:40:20'),(279,'345345345345','35345345345','Jomari Tenorio','Male','Taguig City','09474554607','jtenoriobscs@tfvc.edu.ph',1,_binary '','$2a$11$mrxEhS8pIUlL1FG92ouOQuJrntQ569sB/QmnVvx0Tuop8Uxs1XURO','2025-01-01 18:40:20'),(280,'345345345345','35345345345','Jomari Tenorio','Male','Taguig City','09474554607','jtenoriobscs@tfvc.edu.ph',1,_binary '','$2a$11$mrxEhS8pIUlL1FG92ouOQuJrntQ569sB/QmnVvx0Tuop8Uxs1XURO','2025-01-01 18:40:20'),(281,'345345345345','35345345345','Jomari Tenorio','Male','Taguig City','09474554607','jtenoriobscs@tfvc.edu.ph',1,_binary '','$2a$11$mrxEhS8pIUlL1FG92ouOQuJrntQ569sB/QmnVvx0Tuop8Uxs1XURO','2025-01-01 18:40:20'),(282,'345345345345','35345345345','Jomari Tenorio','Male','Taguig City','09474554607','jtenoriobscs@tfvc.edu.ph',1,_binary '','$2a$11$mrxEhS8pIUlL1FG92ouOQuJrntQ569sB/QmnVvx0Tuop8Uxs1XURO','2025-01-01 18:40:20'),(283,'345345345345','35345345345','Jomari Tenorio','Male','Taguig City','09474554607','jtenoriobscs@tfvc.edu.ph',1,_binary '','$2a$11$mrxEhS8pIUlL1FG92ouOQuJrntQ569sB/QmnVvx0Tuop8Uxs1XURO','2025-01-01 18:40:20'),(284,'345345345345','35345345345','Jomari Tenorio','Male','Taguig City','09474554607','jtenoriobscs@tfvc.edu.ph',1,_binary '','$2a$11$mrxEhS8pIUlL1FG92ouOQuJrntQ569sB/QmnVvx0Tuop8Uxs1XURO','2025-01-01 18:40:20'),(285,'345345345345','35345345345','Jomari Tenorio','Male','Taguig City','09474554607','jtenoriobscs@tfvc.edu.ph',1,_binary '','$2a$11$mrxEhS8pIUlL1FG92ouOQuJrntQ569sB/QmnVvx0Tuop8Uxs1XURO','2025-01-01 18:40:20'),(286,'345345345345','35345345345','Jomari Tenorio','Male','Taguig City','09474554607','jtenoriobscs@tfvc.edu.ph',1,_binary '','$2a$11$mrxEhS8pIUlL1FG92ouOQuJrntQ569sB/QmnVvx0Tuop8Uxs1XURO','2025-01-01 18:40:20'),(287,'345345345345','35345345345','Jomari Tenorio','Male','Taguig City','09474554607','jtenoriobscs@tfvc.edu.ph',1,_binary '','$2a$11$mrxEhS8pIUlL1FG92ouOQuJrntQ569sB/QmnVvx0Tuop8Uxs1XURO','2025-01-01 18:40:20'),(288,'345345345345','35345345345','Jomari Tenorio','Male','Taguig City','09474554607','jtenoriobscs@tfvc.edu.ph',1,_binary '','$2a$11$mrxEhS8pIUlL1FG92ouOQuJrntQ569sB/QmnVvx0Tuop8Uxs1XURO','2025-01-01 18:40:20'),(289,'345345345345','35345345345','Jomari Tenorio','Male','Taguig City','09474554607','jtenoriobscs@tfvc.edu.ph',1,_binary '','$2a$11$mrxEhS8pIUlL1FG92ouOQuJrntQ569sB/QmnVvx0Tuop8Uxs1XURO','2025-01-01 18:40:20'),(290,'345345345345','35345345345','Jomari Tenorio','Male','Taguig City','09474554607','jtenoriobscs@tfvc.edu.ph',1,_binary '','$2a$11$mrxEhS8pIUlL1FG92ouOQuJrntQ569sB/QmnVvx0Tuop8Uxs1XURO','2025-01-01 18:40:20'),(291,'345345345345','35345345345','Jomari Tenorio','Male','Taguig City','09474554607','jtenoriobscs@tfvc.edu.ph',1,_binary '','$2a$11$mrxEhS8pIUlL1FG92ouOQuJrntQ569sB/QmnVvx0Tuop8Uxs1XURO','2025-01-01 18:40:20'),(292,'345345345345','35345345345','Jomari Tenorio','Male','Taguig City','09474554607','jtenoriobscs@tfvc.edu.ph',1,_binary '','$2a$11$mrxEhS8pIUlL1FG92ouOQuJrntQ569sB/QmnVvx0Tuop8Uxs1XURO','2025-01-01 18:40:20'),(293,'345345345345','35345345345','Jomari Tenorio','Male','Taguig City','09474554607','jtenoriobscs@tfvc.edu.ph',1,_binary '','$2a$11$mrxEhS8pIUlL1FG92ouOQuJrntQ569sB/QmnVvx0Tuop8Uxs1XURO','2025-01-01 18:40:20'),(294,'345345345345','35345345345','Jomari Tenorio','Male','Taguig City','09474554607','jtenoriobscs@tfvc.edu.ph',1,_binary '','$2a$11$mrxEhS8pIUlL1FG92ouOQuJrntQ569sB/QmnVvx0Tuop8Uxs1XURO','2025-01-01 18:40:20'),(295,'345345345345','35345345345','Jomari Tenorio','Male','Taguig City','09474554607','jtenoriobscs@tfvc.edu.ph',1,_binary '','$2a$11$mrxEhS8pIUlL1FG92ouOQuJrntQ569sB/QmnVvx0Tuop8Uxs1XURO','2025-01-01 18:40:20'),(296,'345345345345','35345345345','Jomari Tenorio','Male','Taguig City','09474554607','jtenoriobscs@tfvc.edu.ph',1,_binary '','$2a$11$mrxEhS8pIUlL1FG92ouOQuJrntQ569sB/QmnVvx0Tuop8Uxs1XURO','2025-01-01 18:40:20'),(297,'345345345345','35345345345','Jomari Tenorio','Male','Taguig City','09474554607','jtenoriobscs@tfvc.edu.ph',1,_binary '','$2a$11$mrxEhS8pIUlL1FG92ouOQuJrntQ569sB/QmnVvx0Tuop8Uxs1XURO','2025-01-01 18:40:20'),(298,'345345345345','35345345345','Jomari Tenorio','Male','Taguig City','09474554607','jtenoriobscs@tfvc.edu.ph',1,_binary '','$2a$11$mrxEhS8pIUlL1FG92ouOQuJrntQ569sB/QmnVvx0Tuop8Uxs1XURO','2025-01-01 18:40:20'),(299,'345345345345','35345345345','Jomari Tenorio','Male','Taguig City','09474554607','jtenoriobscs@tfvc.edu.ph',1,_binary '','$2a$11$mrxEhS8pIUlL1FG92ouOQuJrntQ569sB/QmnVvx0Tuop8Uxs1XURO','2025-01-01 18:40:20'),(300,'345345345345','35345345345','Jomari Tenorio','Male','Taguig City','09474554607','jtenoriobscs@tfvc.edu.ph',1,_binary '','$2a$11$mrxEhS8pIUlL1FG92ouOQuJrntQ569sB/QmnVvx0Tuop8Uxs1XURO','2025-01-01 18:40:20'),(301,'345345345345','35345345345','Jomari Tenorio','Male','Taguig City','09474554607','jtenoriobscs@tfvc.edu.ph',1,_binary '','$2a$11$mrxEhS8pIUlL1FG92ouOQuJrntQ569sB/QmnVvx0Tuop8Uxs1XURO','2025-01-01 18:40:20'),(302,'345345345345','35345345345','Jomari Tenorio','Male','Taguig City','09474554607','jtenoriobscs@tfvc.edu.ph',1,_binary '','$2a$11$mrxEhS8pIUlL1FG92ouOQuJrntQ569sB/QmnVvx0Tuop8Uxs1XURO','2025-01-01 18:40:20'),(303,'345345345345','35345345345','Jomari Tenorio','Male','Taguig City','09474554607','jtenoriobscs@tfvc.edu.ph',1,_binary '','$2a$11$mrxEhS8pIUlL1FG92ouOQuJrntQ569sB/QmnVvx0Tuop8Uxs1XURO','2025-01-01 18:40:20'),(304,'345345345345','35345345345','Jomari Tenorio','Male','Taguig City','09474554607','jtenoriobscs@tfvc.edu.ph',1,_binary '','$2a$11$mrxEhS8pIUlL1FG92ouOQuJrntQ569sB/QmnVvx0Tuop8Uxs1XURO','2025-01-01 18:40:20'),(305,'345345345345','35345345345','Jomari Tenorio','Male','Taguig City','09474554607','jtenoriobscs@tfvc.edu.ph',1,_binary '','$2a$11$mrxEhS8pIUlL1FG92ouOQuJrntQ569sB/QmnVvx0Tuop8Uxs1XURO','2025-01-01 18:40:20'),(306,'345345345345','35345345345','Jomari Tenorio','Male','Taguig City','09474554607','jtenoriobscs@tfvc.edu.ph',1,_binary '','$2a$11$mrxEhS8pIUlL1FG92ouOQuJrntQ569sB/QmnVvx0Tuop8Uxs1XURO','2025-01-01 18:40:20'),(307,'345345345345','35345345345','Jomari Tenorio','Male','Taguig City','09474554607','jtenoriobscs@tfvc.edu.ph',1,_binary '','$2a$11$mrxEhS8pIUlL1FG92ouOQuJrntQ569sB/QmnVvx0Tuop8Uxs1XURO','2025-01-01 18:40:20'),(308,'345345345345','35345345345','Jomari Tenorio','Male','Taguig City','09474554607','jtenoriobscs@tfvc.edu.ph',1,_binary '','$2a$11$mrxEhS8pIUlL1FG92ouOQuJrntQ569sB/QmnVvx0Tuop8Uxs1XURO','2025-01-01 18:40:20'),(309,'345345345345','35345345345','Jomari Tenorio','Male','Taguig City','09474554607','jtenoriobscs@tfvc.edu.ph',1,_binary '','$2a$11$mrxEhS8pIUlL1FG92ouOQuJrntQ569sB/QmnVvx0Tuop8Uxs1XURO','2025-01-01 18:40:20'),(310,'345345345345','35345345345','Jomari Tenorio','Male','Taguig City','09474554607','jtenoriobscs@tfvc.edu.ph',1,_binary '','$2a$11$mrxEhS8pIUlL1FG92ouOQuJrntQ569sB/QmnVvx0Tuop8Uxs1XURO','2025-01-01 18:40:20'),(311,'345345345345','35345345345','Jomari Tenorio','Male','Taguig City','09474554607','jtenoriobscs@tfvc.edu.ph',1,_binary '','$2a$11$mrxEhS8pIUlL1FG92ouOQuJrntQ569sB/QmnVvx0Tuop8Uxs1XURO','2025-01-01 18:40:20'),(312,'345345345345','35345345345','Jomari Tenorio','Male','Taguig City','09474554607','jtenoriobscs@tfvc.edu.ph',1,_binary '','$2a$11$mrxEhS8pIUlL1FG92ouOQuJrntQ569sB/QmnVvx0Tuop8Uxs1XURO','2025-01-01 18:40:20'),(313,'345345345345','35345345345','Jomari Tenorio','Male','Taguig City','09474554607','jtenoriobscs@tfvc.edu.ph',1,_binary '','$2a$11$mrxEhS8pIUlL1FG92ouOQuJrntQ569sB/QmnVvx0Tuop8Uxs1XURO','2025-01-01 18:40:20'),(314,'345345345345','35345345345','Jomari Tenorio','Male','Taguig City','09474554607','jtenoriobscs@tfvc.edu.ph',1,_binary '','$2a$11$mrxEhS8pIUlL1FG92ouOQuJrntQ569sB/QmnVvx0Tuop8Uxs1XURO','2025-01-01 18:40:20'),(315,'345345345345','35345345345','Jomari Tenorio','Male','Taguig City','09474554607','jtenoriobscs@tfvc.edu.ph',1,_binary '','$2a$11$mrxEhS8pIUlL1FG92ouOQuJrntQ569sB/QmnVvx0Tuop8Uxs1XURO','2025-01-01 18:40:20'),(316,'345345345345','35345345345','Jomari Tenorio','Male','Taguig City','09474554607','jtenoriobscs@tfvc.edu.ph',1,_binary '','$2a$11$mrxEhS8pIUlL1FG92ouOQuJrntQ569sB/QmnVvx0Tuop8Uxs1XURO','2025-01-01 18:40:20'),(317,'345345345345','35345345345','Jomari Tenorio','Male','Taguig City','09474554607','jtenoriobscs@tfvc.edu.ph',1,_binary '','$2a$11$mrxEhS8pIUlL1FG92ouOQuJrntQ569sB/QmnVvx0Tuop8Uxs1XURO','2025-01-01 18:40:20'),(318,'345345345345','35345345345','Jomari Tenorio','Male','Taguig City','09474554607','jtenoriobscs@tfvc.edu.ph',1,_binary '','$2a$11$mrxEhS8pIUlL1FG92ouOQuJrntQ569sB/QmnVvx0Tuop8Uxs1XURO','2025-01-01 18:40:20'),(319,'345345345345','35345345345','Jomari Tenorio','Male','Taguig City','09474554607','jtenoriobscs@tfvc.edu.ph',1,_binary '','$2a$11$mrxEhS8pIUlL1FG92ouOQuJrntQ569sB/QmnVvx0Tuop8Uxs1XURO','2025-01-01 18:40:20'),(320,'345345345345','35345345345','Jomari Tenorio','Male','Taguig City','09474554607','jtenoriobscs@tfvc.edu.ph',1,_binary '','$2a$11$mrxEhS8pIUlL1FG92ouOQuJrntQ569sB/QmnVvx0Tuop8Uxs1XURO','2025-01-01 18:40:20'),(321,'345345345345','35345345345','Jomari Tenorio','Male','Taguig City','09474554607','jtenoriobscs@tfvc.edu.ph',1,_binary '','$2a$11$mrxEhS8pIUlL1FG92ouOQuJrntQ569sB/QmnVvx0Tuop8Uxs1XURO','2025-01-01 18:40:20'),(322,'345345345345','35345345345','Jomari Tenorio','Male','Taguig City','09474554607','jtenoriobscs@tfvc.edu.ph',1,_binary '','$2a$11$mrxEhS8pIUlL1FG92ouOQuJrntQ569sB/QmnVvx0Tuop8Uxs1XURO','2025-01-01 18:40:20'),(323,'345345345345','35345345345','Jomari Tenorio','Male','Taguig City','09474554607','jtenoriobscs@tfvc.edu.ph',1,_binary '','$2a$11$mrxEhS8pIUlL1FG92ouOQuJrntQ569sB/QmnVvx0Tuop8Uxs1XURO','2025-01-01 18:40:20'),(324,'345345345345','35345345345','Jomari Tenorio','Male','Taguig City','09474554607','jtenoriobscs@tfvc.edu.ph',1,_binary '','$2a$11$mrxEhS8pIUlL1FG92ouOQuJrntQ569sB/QmnVvx0Tuop8Uxs1XURO','2025-01-01 18:40:20'),(325,'345345345345','35345345345','Jomari Tenorio','Male','Taguig City','09474554607','jtenoriobscs@tfvc.edu.ph',1,_binary '','$2a$11$mrxEhS8pIUlL1FG92ouOQuJrntQ569sB/QmnVvx0Tuop8Uxs1XURO','2025-01-01 18:40:20'),(326,'345345345345','35345345345','Jomari Tenorio','Male','Taguig City','09474554607','jtenoriobscs@tfvc.edu.ph',1,_binary '','$2a$11$mrxEhS8pIUlL1FG92ouOQuJrntQ569sB/QmnVvx0Tuop8Uxs1XURO','2025-01-01 18:40:20'),(327,'345345345345','35345345345','Jomari Tenorio','Male','Taguig City','09474554607','jtenoriobscs@tfvc.edu.ph',1,_binary '','$2a$11$mrxEhS8pIUlL1FG92ouOQuJrntQ569sB/QmnVvx0Tuop8Uxs1XURO','2025-01-01 18:40:20'),(328,'345345345345','35345345345','Jomari Tenorio','Male','Taguig City','09474554607','jtenoriobscs@tfvc.edu.ph',1,_binary '','$2a$11$mrxEhS8pIUlL1FG92ouOQuJrntQ569sB/QmnVvx0Tuop8Uxs1XURO','2025-01-01 18:40:20'),(329,'345345345345','35345345345','Jomari Tenorio','Male','Taguig City','09474554607','jtenoriobscs@tfvc.edu.ph',1,_binary '','$2a$11$mrxEhS8pIUlL1FG92ouOQuJrntQ569sB/QmnVvx0Tuop8Uxs1XURO','2025-01-01 18:40:20'),(330,'345345345345','35345345345','Jomari Tenorio','Male','Taguig City','09474554607','jtenoriobscs@tfvc.edu.ph',1,_binary '','$2a$11$mrxEhS8pIUlL1FG92ouOQuJrntQ569sB/QmnVvx0Tuop8Uxs1XURO','2025-01-01 18:40:20'),(331,'345345345345','35345345345','Jomari Tenorio','Male','Taguig City','09474554607','jtenoriobscs@tfvc.edu.ph',1,_binary '','$2a$11$mrxEhS8pIUlL1FG92ouOQuJrntQ569sB/QmnVvx0Tuop8Uxs1XURO','2025-01-01 18:40:20'),(332,'345345345345','35345345345','Jomari Tenorio','Male','Taguig City','09474554607','jtenoriobscs@tfvc.edu.ph',1,_binary '','$2a$11$mrxEhS8pIUlL1FG92ouOQuJrntQ569sB/QmnVvx0Tuop8Uxs1XURO','2025-01-01 18:40:20'),(333,'345345345345','35345345345','Jomari Tenorio','Male','Taguig City','09474554607','jtenoriobscs@tfvc.edu.ph',1,_binary '','$2a$11$mrxEhS8pIUlL1FG92ouOQuJrntQ569sB/QmnVvx0Tuop8Uxs1XURO','2025-01-01 18:40:20'),(334,'345345345345','35345345345','Jomari Tenorio','Male','Taguig City','09474554607','jtenoriobscs@tfvc.edu.ph',1,_binary '','$2a$11$mrxEhS8pIUlL1FG92ouOQuJrntQ569sB/QmnVvx0Tuop8Uxs1XURO','2025-01-01 18:40:20'),(335,'345345345345','35345345345','Jomari Tenorio','Male','Taguig City','09474554607','jtenoriobscs@tfvc.edu.ph',1,_binary '','$2a$11$mrxEhS8pIUlL1FG92ouOQuJrntQ569sB/QmnVvx0Tuop8Uxs1XURO','2025-01-01 18:40:20'),(336,'345345345345','35345345345','Jomari Tenorio','Male','Taguig City','09474554607','jtenoriobscs@tfvc.edu.ph',1,_binary '','$2a$11$mrxEhS8pIUlL1FG92ouOQuJrntQ569sB/QmnVvx0Tuop8Uxs1XURO','2025-01-01 18:40:20'),(337,'345345345345','35345345345','Jomari Tenorio','Male','Taguig City','09474554607','jtenoriobscs@tfvc.edu.ph',1,_binary '','$2a$11$mrxEhS8pIUlL1FG92ouOQuJrntQ569sB/QmnVvx0Tuop8Uxs1XURO','2025-01-01 18:40:20'),(338,'345345345345','35345345345','Jomari Tenorio','Male','Taguig City','09474554607','jtenoriobscs@tfvc.edu.ph',1,_binary '','$2a$11$mrxEhS8pIUlL1FG92ouOQuJrntQ569sB/QmnVvx0Tuop8Uxs1XURO','2025-01-01 18:40:20'),(339,'345345345345','35345345345','Jomari Tenorio','Male','Taguig City','09474554607','jtenoriobscs@tfvc.edu.ph',1,_binary '','$2a$11$mrxEhS8pIUlL1FG92ouOQuJrntQ569sB/QmnVvx0Tuop8Uxs1XURO','2025-01-01 18:40:20'),(340,'345345345345','35345345345','Jomari Tenorio','Male','Taguig City','09474554607','jtenoriobscs@tfvc.edu.ph',1,_binary '','$2a$11$mrxEhS8pIUlL1FG92ouOQuJrntQ569sB/QmnVvx0Tuop8Uxs1XURO','2025-01-01 18:40:20'),(341,'345345345345','35345345345','Jomari Tenorio','Male','Taguig City','09474554607','jtenoriobscs@tfvc.edu.ph',1,_binary '','$2a$11$mrxEhS8pIUlL1FG92ouOQuJrntQ569sB/QmnVvx0Tuop8Uxs1XURO','2025-01-01 18:40:20'),(342,'345345345345','35345345345','Jomari Tenorio','Male','Taguig City','09474554607','jtenoriobscs@tfvc.edu.ph',1,_binary '','$2a$11$mrxEhS8pIUlL1FG92ouOQuJrntQ569sB/QmnVvx0Tuop8Uxs1XURO','2025-01-01 18:40:20'),(343,'345345345345','35345345345','Jomari Tenorio','Male','Taguig City','09474554607','jtenoriobscs@tfvc.edu.ph',1,_binary '','$2a$11$mrxEhS8pIUlL1FG92ouOQuJrntQ569sB/QmnVvx0Tuop8Uxs1XURO','2025-01-01 18:40:20'),(344,'345345345345','35345345345','Jomari Tenorio','Male','Taguig City','09474554607','jtenoriobscs@tfvc.edu.ph',1,_binary '','$2a$11$mrxEhS8pIUlL1FG92ouOQuJrntQ569sB/QmnVvx0Tuop8Uxs1XURO','2025-01-01 18:40:20'),(345,'345345345345','35345345345','Jomari Tenorio','Male','Taguig City','09474554607','jtenoriobscs@tfvc.edu.ph',1,_binary '','$2a$11$mrxEhS8pIUlL1FG92ouOQuJrntQ569sB/QmnVvx0Tuop8Uxs1XURO','2025-01-01 18:40:20'),(346,'345345345345','35345345345','Jomari Tenorio','Male','Taguig City','09474554607','jtenoriobscs@tfvc.edu.ph',1,_binary '','$2a$11$mrxEhS8pIUlL1FG92ouOQuJrntQ569sB/QmnVvx0Tuop8Uxs1XURO','2025-01-01 18:40:20'),(347,'345345345345','35345345345','Jomari Tenorio','Male','Taguig City','09474554607','jtenoriobscs@tfvc.edu.ph',1,_binary '','$2a$11$mrxEhS8pIUlL1FG92ouOQuJrntQ569sB/QmnVvx0Tuop8Uxs1XURO','2025-01-01 18:40:20'),(348,'345345345345','35345345345','Jomari Tenorio','Male','Taguig City','09474554607','jtenoriobscs@tfvc.edu.ph',1,_binary '','$2a$11$mrxEhS8pIUlL1FG92ouOQuJrntQ569sB/QmnVvx0Tuop8Uxs1XURO','2025-01-01 18:40:20'),(349,'345345345345','35345345345','Jomari Tenorio','Male','Taguig City','09474554607','jtenoriobscs@tfvc.edu.ph',1,_binary '','$2a$11$mrxEhS8pIUlL1FG92ouOQuJrntQ569sB/QmnVvx0Tuop8Uxs1XURO','2025-01-01 18:40:20'),(350,'345345345345','35345345345','Jomari Tenorio','Male','Taguig City','09474554607','jtenoriobscs@tfvc.edu.ph',1,_binary '','$2a$11$mrxEhS8pIUlL1FG92ouOQuJrntQ569sB/QmnVvx0Tuop8Uxs1XURO','2025-01-01 18:40:20'),(351,'345345345345','35345345345','Jomari Tenorio','Male','Taguig City','09474554607','jtenoriobscs@tfvc.edu.ph',1,_binary '','$2a$11$mrxEhS8pIUlL1FG92ouOQuJrntQ569sB/QmnVvx0Tuop8Uxs1XURO','2025-01-01 18:40:20'),(352,'345345345345','35345345345','Jomari Tenorio','Male','Taguig City','09474554607','jtenoriobscs@tfvc.edu.ph',1,_binary '','$2a$11$mrxEhS8pIUlL1FG92ouOQuJrntQ569sB/QmnVvx0Tuop8Uxs1XURO','2025-01-01 18:40:20'),(353,'345345345345','35345345345','Jomari Tenorio','Male','Taguig City','09474554607','jtenoriobscs@tfvc.edu.ph',1,_binary '','$2a$11$mrxEhS8pIUlL1FG92ouOQuJrntQ569sB/QmnVvx0Tuop8Uxs1XURO','2025-01-01 18:40:20'),(354,'345345345345','35345345345','Jomari Tenorio','Male','Taguig City','09474554607','jtenoriobscs@tfvc.edu.ph',1,_binary '','$2a$11$mrxEhS8pIUlL1FG92ouOQuJrntQ569sB/QmnVvx0Tuop8Uxs1XURO','2025-01-01 18:40:20'),(355,'345345345345','35345345345','Jomari Tenorio','Male','Taguig City','09474554607','jtenoriobscs@tfvc.edu.ph',1,_binary '','$2a$11$mrxEhS8pIUlL1FG92ouOQuJrntQ569sB/QmnVvx0Tuop8Uxs1XURO','2025-01-01 18:40:20'),(356,'345345345345','35345345345','Jomari Tenorio','Male','Taguig City','09474554607','jtenoriobscs@tfvc.edu.ph',1,_binary '','$2a$11$mrxEhS8pIUlL1FG92ouOQuJrntQ569sB/QmnVvx0Tuop8Uxs1XURO','2025-01-01 18:40:20'),(357,'345345345345','35345345345','Jomari Tenorio','Male','Taguig City','09474554607','jtenoriobscs@tfvc.edu.ph',1,_binary '','$2a$11$mrxEhS8pIUlL1FG92ouOQuJrntQ569sB/QmnVvx0Tuop8Uxs1XURO','2025-01-01 18:40:20'),(358,'345345345345','35345345345','Jomari Tenorio','Male','Taguig City','09474554607','jtenoriobscs@tfvc.edu.ph',1,_binary '','$2a$11$mrxEhS8pIUlL1FG92ouOQuJrntQ569sB/QmnVvx0Tuop8Uxs1XURO','2025-01-01 18:40:20'),(359,'345345345345','35345345345','Jomari Tenorio','Male','Taguig City','09474554607','jtenoriobscs@tfvc.edu.ph',1,_binary '','$2a$11$mrxEhS8pIUlL1FG92ouOQuJrntQ569sB/QmnVvx0Tuop8Uxs1XURO','2025-01-01 18:40:20'),(360,'345345345345','35345345345','Jomari Tenorio','Male','Taguig City','09474554607','jtenoriobscs@tfvc.edu.ph',1,_binary '','$2a$11$mrxEhS8pIUlL1FG92ouOQuJrntQ569sB/QmnVvx0Tuop8Uxs1XURO','2025-01-01 18:40:20'),(361,'345345345345','35345345345','Jomari Tenorio','Male','Taguig City','09474554607','jtenoriobscs@tfvc.edu.ph',1,_binary '','$2a$11$mrxEhS8pIUlL1FG92ouOQuJrntQ569sB/QmnVvx0Tuop8Uxs1XURO','2025-01-01 18:40:20'),(362,'345345345345','35345345345','Jomari Tenorio','Male','Taguig City','09474554607','jtenoriobscs@tfvc.edu.ph',1,_binary '','$2a$11$mrxEhS8pIUlL1FG92ouOQuJrntQ569sB/QmnVvx0Tuop8Uxs1XURO','2025-01-01 18:40:20'),(363,'345345345345','35345345345','Jomari Tenorio','Male','Taguig City','09474554607','jtenoriobscs@tfvc.edu.ph',1,_binary '','$2a$11$mrxEhS8pIUlL1FG92ouOQuJrntQ569sB/QmnVvx0Tuop8Uxs1XURO','2025-01-01 18:40:20'),(364,'345345345345','35345345345','Jomari Tenorio','Male','Taguig City','09474554607','jtenoriobscs@tfvc.edu.ph',1,_binary '','$2a$11$mrxEhS8pIUlL1FG92ouOQuJrntQ569sB/QmnVvx0Tuop8Uxs1XURO','2025-01-01 18:40:20'),(365,'345345345345','35345345345','Jomari Tenorio','Male','Taguig City','09474554607','jtenoriobscs@tfvc.edu.ph',1,_binary '','$2a$11$mrxEhS8pIUlL1FG92ouOQuJrntQ569sB/QmnVvx0Tuop8Uxs1XURO','2025-01-01 18:40:20'),(366,'345345345345','35345345345','Jomari Tenorio','Male','Taguig City','09474554607','jtenoriobscs@tfvc.edu.ph',1,_binary '','$2a$11$mrxEhS8pIUlL1FG92ouOQuJrntQ569sB/QmnVvx0Tuop8Uxs1XURO','2025-01-01 18:40:20'),(367,'345345345345','35345345345','Jomari Tenorio','Male','Taguig City','09474554607','jtenoriobscs@tfvc.edu.ph',1,_binary '','$2a$11$mrxEhS8pIUlL1FG92ouOQuJrntQ569sB/QmnVvx0Tuop8Uxs1XURO','2025-01-01 18:40:20'),(368,'345345345345','35345345345','Jomari Tenorio','Male','Taguig City','09474554607','jtenoriobscs@tfvc.edu.ph',1,_binary '','$2a$11$mrxEhS8pIUlL1FG92ouOQuJrntQ569sB/QmnVvx0Tuop8Uxs1XURO','2025-01-01 18:40:20'),(369,'345345345345','35345345345','Jomari Tenorio','Male','Taguig City','09474554607','jtenoriobscs@tfvc.edu.ph',1,_binary '','$2a$11$mrxEhS8pIUlL1FG92ouOQuJrntQ569sB/QmnVvx0Tuop8Uxs1XURO','2025-01-01 18:40:20'),(370,'345345345345','35345345345','Jomari Tenorio','Male','Taguig City','09474554607','jtenoriobscs@tfvc.edu.ph',1,_binary '','$2a$11$mrxEhS8pIUlL1FG92ouOQuJrntQ569sB/QmnVvx0Tuop8Uxs1XURO','2025-01-01 18:40:20'),(371,'345345345345','35345345345','Jomari Tenorio','Male','Taguig City','09474554607','jtenoriobscs@tfvc.edu.ph',1,_binary '','$2a$11$mrxEhS8pIUlL1FG92ouOQuJrntQ569sB/QmnVvx0Tuop8Uxs1XURO','2025-01-01 18:40:20'),(372,'345345345345','35345345345','Jomari Tenorio','Male','Taguig City','09474554607','jtenoriobscs@tfvc.edu.ph',1,_binary '','$2a$11$mrxEhS8pIUlL1FG92ouOQuJrntQ569sB/QmnVvx0Tuop8Uxs1XURO','2025-01-01 18:40:20'),(373,'345345345345','35345345345','Jomari Tenorio','Male','Taguig City','09474554607','jtenoriobscs@tfvc.edu.ph',1,_binary '','$2a$11$mrxEhS8pIUlL1FG92ouOQuJrntQ569sB/QmnVvx0Tuop8Uxs1XURO','2025-01-01 18:40:20'),(374,'345345345345','35345345345','Jomari Tenorio','Male','Taguig City','09474554607','jtenoriobscs@tfvc.edu.ph',1,_binary '','$2a$11$mrxEhS8pIUlL1FG92ouOQuJrntQ569sB/QmnVvx0Tuop8Uxs1XURO','2025-01-01 18:40:20'),(375,'345345345345','35345345345','Jomari Tenorio','Male','Taguig City','09474554607','jtenoriobscs@tfvc.edu.ph',1,_binary '','$2a$11$mrxEhS8pIUlL1FG92ouOQuJrntQ569sB/QmnVvx0Tuop8Uxs1XURO','2025-01-01 18:40:20'),(376,'345345345345','35345345345','Jomari Tenorio','Male','Taguig City','09474554607','jtenoriobscs@tfvc.edu.ph',1,_binary '','$2a$11$mrxEhS8pIUlL1FG92ouOQuJrntQ569sB/QmnVvx0Tuop8Uxs1XURO','2025-01-01 18:40:20'),(377,'345345345345','35345345345','Jomari Tenorio','Male','Taguig City','09474554607','jtenoriobscs@tfvc.edu.ph',1,_binary '','$2a$11$mrxEhS8pIUlL1FG92ouOQuJrntQ569sB/QmnVvx0Tuop8Uxs1XURO','2025-01-01 18:40:20'),(505,'345345345345','35345345345','Jomari Tenorio','Male','Taguig City','09474554607','jtenoriobscs@tfvc.edu.ph',1,_binary '','$2a$11$mrxEhS8pIUlL1FG92ouOQuJrntQ569sB/QmnVvx0Tuop8Uxs1XURO','2025-01-01 18:40:21'),(506,'345345345345','35345345345','Jomari Tenorio','Male','Taguig City','09474554607','jtenoriobscs@tfvc.edu.ph',1,_binary '','$2a$11$mrxEhS8pIUlL1FG92ouOQuJrntQ569sB/QmnVvx0Tuop8Uxs1XURO','2025-01-01 18:40:21'),(507,'345345345345','35345345345','Jomari Tenorio','Male','Taguig City','09474554607','jtenoriobscs@tfvc.edu.ph',1,_binary '','$2a$11$mrxEhS8pIUlL1FG92ouOQuJrntQ569sB/QmnVvx0Tuop8Uxs1XURO','2025-01-01 18:40:21'),(508,'345345345345','35345345345','Jomari Tenorio','Male','Taguig City','09474554607','jtenoriobscs@tfvc.edu.ph',1,_binary '','$2a$11$mrxEhS8pIUlL1FG92ouOQuJrntQ569sB/QmnVvx0Tuop8Uxs1XURO','2025-01-01 18:40:21'),(509,'345345345345','35345345345','Jomari Tenorio','Male','Taguig City','09474554607','jtenoriobscs@tfvc.edu.ph',1,_binary '','$2a$11$mrxEhS8pIUlL1FG92ouOQuJrntQ569sB/QmnVvx0Tuop8Uxs1XURO','2025-01-01 18:40:21'),(510,'345345345345','35345345345','Jomari Tenorio','Male','Taguig City','09474554607','jtenoriobscs@tfvc.edu.ph',1,_binary '','$2a$11$mrxEhS8pIUlL1FG92ouOQuJrntQ569sB/QmnVvx0Tuop8Uxs1XURO','2025-01-01 18:40:21'),(511,'345345345345','35345345345','Jomari Tenorio','Male','Taguig City','09474554607','jtenoriobscs@tfvc.edu.ph',1,_binary '','$2a$11$mrxEhS8pIUlL1FG92ouOQuJrntQ569sB/QmnVvx0Tuop8Uxs1XURO','2025-01-01 18:40:21'),(512,'345345345345','35345345345','Jomari Tenorio','Male','Taguig City','09474554607','jtenoriobscs@tfvc.edu.ph',1,_binary '','$2a$11$mrxEhS8pIUlL1FG92ouOQuJrntQ569sB/QmnVvx0Tuop8Uxs1XURO','2025-01-01 18:40:21'),(513,'345345345345','35345345345','Jomari Tenorio','Male','Taguig City','09474554607','jtenoriobscs@tfvc.edu.ph',1,_binary '','$2a$11$mrxEhS8pIUlL1FG92ouOQuJrntQ569sB/QmnVvx0Tuop8Uxs1XURO','2025-01-01 18:40:21'),(514,'345345345345','35345345345','Jomari Tenorio','Male','Taguig City','09474554607','jtenoriobscs@tfvc.edu.ph',1,_binary '','$2a$11$mrxEhS8pIUlL1FG92ouOQuJrntQ569sB/QmnVvx0Tuop8Uxs1XURO','2025-01-01 18:40:21'),(515,'345345345345','35345345345','Jomari Tenorio','Male','Taguig City','09474554607','jtenoriobscs@tfvc.edu.ph',1,_binary '','$2a$11$mrxEhS8pIUlL1FG92ouOQuJrntQ569sB/QmnVvx0Tuop8Uxs1XURO','2025-01-01 18:40:21'),(516,'345345345345','35345345345','Jomari Tenorio','Male','Taguig City','09474554607','jtenoriobscs@tfvc.edu.ph',1,_binary '','$2a$11$mrxEhS8pIUlL1FG92ouOQuJrntQ569sB/QmnVvx0Tuop8Uxs1XURO','2025-01-01 18:40:21'),(517,'345345345345','35345345345','Jomari Tenorio','Male','Taguig City','09474554607','jtenoriobscs@tfvc.edu.ph',1,_binary '','$2a$11$mrxEhS8pIUlL1FG92ouOQuJrntQ569sB/QmnVvx0Tuop8Uxs1XURO','2025-01-01 18:40:21'),(518,'345345345345','35345345345','Jomari Tenorio','Male','Taguig City','09474554607','jtenoriobscs@tfvc.edu.ph',1,_binary '','$2a$11$mrxEhS8pIUlL1FG92ouOQuJrntQ569sB/QmnVvx0Tuop8Uxs1XURO','2025-01-01 18:40:21'),(519,'345345345345','35345345345','Jomari Tenorio','Male','Taguig City','09474554607','jtenoriobscs@tfvc.edu.ph',1,_binary '','$2a$11$mrxEhS8pIUlL1FG92ouOQuJrntQ569sB/QmnVvx0Tuop8Uxs1XURO','2025-01-01 18:40:21'),(520,'345345345345','35345345345','Jomari Tenorio','Male','Taguig City','09474554607','jtenoriobscs@tfvc.edu.ph',1,_binary '','$2a$11$mrxEhS8pIUlL1FG92ouOQuJrntQ569sB/QmnVvx0Tuop8Uxs1XURO','2025-01-01 18:40:21'),(521,'345345345345','35345345345','Jomari Tenorio','Male','Taguig City','09474554607','jtenoriobscs@tfvc.edu.ph',1,_binary '','$2a$11$mrxEhS8pIUlL1FG92ouOQuJrntQ569sB/QmnVvx0Tuop8Uxs1XURO','2025-01-01 18:40:21'),(522,'345345345345','35345345345','Jomari Tenorio','Male','Taguig City','09474554607','jtenoriobscs@tfvc.edu.ph',1,_binary '','$2a$11$mrxEhS8pIUlL1FG92ouOQuJrntQ569sB/QmnVvx0Tuop8Uxs1XURO','2025-01-01 18:40:21'),(523,'345345345345','35345345345','Jomari Tenorio','Male','Taguig City','09474554607','jtenoriobscs@tfvc.edu.ph',1,_binary '','$2a$11$mrxEhS8pIUlL1FG92ouOQuJrntQ569sB/QmnVvx0Tuop8Uxs1XURO','2025-01-01 18:40:21'),(524,'345345345345','35345345345','Jomari Tenorio','Male','Taguig City','09474554607','jtenoriobscs@tfvc.edu.ph',1,_binary '','$2a$11$mrxEhS8pIUlL1FG92ouOQuJrntQ569sB/QmnVvx0Tuop8Uxs1XURO','2025-01-01 18:40:21'),(525,'345345345345','35345345345','Jomari Tenorio','Male','Taguig City','09474554607','jtenoriobscs@tfvc.edu.ph',1,_binary '','$2a$11$mrxEhS8pIUlL1FG92ouOQuJrntQ569sB/QmnVvx0Tuop8Uxs1XURO','2025-01-01 18:40:21'),(526,'345345345345','35345345345','Jomari Tenorio','Male','Taguig City','09474554607','jtenoriobscs@tfvc.edu.ph',1,_binary '','$2a$11$mrxEhS8pIUlL1FG92ouOQuJrntQ569sB/QmnVvx0Tuop8Uxs1XURO','2025-01-01 18:40:21'),(527,'345345345345','35345345345','Jomari Tenorio','Male','Taguig City','09474554607','jtenoriobscs@tfvc.edu.ph',1,_binary '','$2a$11$mrxEhS8pIUlL1FG92ouOQuJrntQ569sB/QmnVvx0Tuop8Uxs1XURO','2025-01-01 18:40:21'),(528,'345345345345','35345345345','Jomari Tenorio','Male','Taguig City','09474554607','jtenoriobscs@tfvc.edu.ph',1,_binary '','$2a$11$mrxEhS8pIUlL1FG92ouOQuJrntQ569sB/QmnVvx0Tuop8Uxs1XURO','2025-01-01 18:40:21'),(529,'345345345345','35345345345','Jomari Tenorio','Male','Taguig City','09474554607','jtenoriobscs@tfvc.edu.ph',1,_binary '','$2a$11$mrxEhS8pIUlL1FG92ouOQuJrntQ569sB/QmnVvx0Tuop8Uxs1XURO','2025-01-01 18:40:21'),(530,'345345345345','35345345345','Jomari Tenorio','Male','Taguig City','09474554607','jtenoriobscs@tfvc.edu.ph',1,_binary '','$2a$11$mrxEhS8pIUlL1FG92ouOQuJrntQ569sB/QmnVvx0Tuop8Uxs1XURO','2025-01-01 18:40:21'),(531,'345345345345','35345345345','Jomari Tenorio','Male','Taguig City','09474554607','jtenoriobscs@tfvc.edu.ph',1,_binary '','$2a$11$mrxEhS8pIUlL1FG92ouOQuJrntQ569sB/QmnVvx0Tuop8Uxs1XURO','2025-01-01 18:40:21'),(532,'345345345345','35345345345','Jomari Tenorio','Male','Taguig City','09474554607','jtenoriobscs@tfvc.edu.ph',1,_binary '','$2a$11$mrxEhS8pIUlL1FG92ouOQuJrntQ569sB/QmnVvx0Tuop8Uxs1XURO','2025-01-01 18:40:21'),(533,'345345345345','35345345345','Jomari Tenorio','Male','Taguig City','09474554607','jtenoriobscs@tfvc.edu.ph',1,_binary '','$2a$11$mrxEhS8pIUlL1FG92ouOQuJrntQ569sB/QmnVvx0Tuop8Uxs1XURO','2025-01-01 18:40:21'),(534,'345345345345','35345345345','Jomari Tenorio','Male','Taguig City','09474554607','jtenoriobscs@tfvc.edu.ph',1,_binary '','$2a$11$mrxEhS8pIUlL1FG92ouOQuJrntQ569sB/QmnVvx0Tuop8Uxs1XURO','2025-01-01 18:40:21'),(535,'345345345345','35345345345','Jomari Tenorio','Male','Taguig City','09474554607','jtenoriobscs@tfvc.edu.ph',1,_binary '','$2a$11$mrxEhS8pIUlL1FG92ouOQuJrntQ569sB/QmnVvx0Tuop8Uxs1XURO','2025-01-01 18:40:21'),(536,'345345345345','35345345345','Jomari Tenorio','Male','Taguig City','09474554607','jtenoriobscs@tfvc.edu.ph',1,_binary '','$2a$11$mrxEhS8pIUlL1FG92ouOQuJrntQ569sB/QmnVvx0Tuop8Uxs1XURO','2025-01-01 18:40:21'),(537,'345345345345','35345345345','Jomari Tenorio','Male','Taguig City','09474554607','jtenoriobscs@tfvc.edu.ph',1,_binary '','$2a$11$mrxEhS8pIUlL1FG92ouOQuJrntQ569sB/QmnVvx0Tuop8Uxs1XURO','2025-01-01 18:40:21'),(538,'345345345345','35345345345','Jomari Tenorio','Male','Taguig City','09474554607','jtenoriobscs@tfvc.edu.ph',1,_binary '','$2a$11$mrxEhS8pIUlL1FG92ouOQuJrntQ569sB/QmnVvx0Tuop8Uxs1XURO','2025-01-01 18:40:21'),(539,'345345345345','35345345345','Jomari Tenorio','Male','Taguig City','09474554607','jtenoriobscs@tfvc.edu.ph',1,_binary '','$2a$11$mrxEhS8pIUlL1FG92ouOQuJrntQ569sB/QmnVvx0Tuop8Uxs1XURO','2025-01-01 18:40:21'),(540,'345345345345','35345345345','Jomari Tenorio','Male','Taguig City','09474554607','jtenoriobscs@tfvc.edu.ph',1,_binary '','$2a$11$mrxEhS8pIUlL1FG92ouOQuJrntQ569sB/QmnVvx0Tuop8Uxs1XURO','2025-01-01 18:40:21'),(541,'345345345345','35345345345','Jomari Tenorio','Male','Taguig City','09474554607','jtenoriobscs@tfvc.edu.ph',1,_binary '','$2a$11$mrxEhS8pIUlL1FG92ouOQuJrntQ569sB/QmnVvx0Tuop8Uxs1XURO','2025-01-01 18:40:21'),(542,'345345345345','35345345345','Jomari Tenorio','Male','Taguig City','09474554607','jtenoriobscs@tfvc.edu.ph',1,_binary '','$2a$11$mrxEhS8pIUlL1FG92ouOQuJrntQ569sB/QmnVvx0Tuop8Uxs1XURO','2025-01-01 18:40:21'),(543,'345345345345','35345345345','Jomari Tenorio','Male','Taguig City','09474554607','jtenoriobscs@tfvc.edu.ph',1,_binary '','$2a$11$mrxEhS8pIUlL1FG92ouOQuJrntQ569sB/QmnVvx0Tuop8Uxs1XURO','2025-01-01 18:40:21'),(544,'345345345345','35345345345','Jomari Tenorio','Male','Taguig City','09474554607','jtenoriobscs@tfvc.edu.ph',1,_binary '','$2a$11$mrxEhS8pIUlL1FG92ouOQuJrntQ569sB/QmnVvx0Tuop8Uxs1XURO','2025-01-01 18:40:21'),(545,'345345345345','35345345345','Jomari Tenorio','Male','Taguig City','09474554607','jtenoriobscs@tfvc.edu.ph',1,_binary '','$2a$11$mrxEhS8pIUlL1FG92ouOQuJrntQ569sB/QmnVvx0Tuop8Uxs1XURO','2025-01-01 18:40:21'),(546,'345345345345','35345345345','Jomari Tenorio','Male','Taguig City','09474554607','jtenoriobscs@tfvc.edu.ph',1,_binary '','$2a$11$mrxEhS8pIUlL1FG92ouOQuJrntQ569sB/QmnVvx0Tuop8Uxs1XURO','2025-01-01 18:40:21'),(547,'345345345345','35345345345','Jomari Tenorio','Male','Taguig City','09474554607','jtenoriobscs@tfvc.edu.ph',1,_binary '','$2a$11$mrxEhS8pIUlL1FG92ouOQuJrntQ569sB/QmnVvx0Tuop8Uxs1XURO','2025-01-01 18:40:21'),(548,'345345345345','35345345345','Jomari Tenorio','Male','Taguig City','09474554607','jtenoriobscs@tfvc.edu.ph',1,_binary '','$2a$11$mrxEhS8pIUlL1FG92ouOQuJrntQ569sB/QmnVvx0Tuop8Uxs1XURO','2025-01-01 18:40:21'),(549,'345345345345','35345345345','Jomari Tenorio','Male','Taguig City','09474554607','jtenoriobscs@tfvc.edu.ph',1,_binary '','$2a$11$mrxEhS8pIUlL1FG92ouOQuJrntQ569sB/QmnVvx0Tuop8Uxs1XURO','2025-01-01 18:40:21'),(550,'345345345345','35345345345','Jomari Tenorio','Male','Taguig City','09474554607','jtenoriobscs@tfvc.edu.ph',1,_binary '','$2a$11$mrxEhS8pIUlL1FG92ouOQuJrntQ569sB/QmnVvx0Tuop8Uxs1XURO','2025-01-01 18:40:21'),(551,'345345345345','35345345345','Jomari Tenorio','Male','Taguig City','09474554607','jtenoriobscs@tfvc.edu.ph',1,_binary '','$2a$11$mrxEhS8pIUlL1FG92ouOQuJrntQ569sB/QmnVvx0Tuop8Uxs1XURO','2025-01-01 18:40:21'),(552,'345345345345','35345345345','Jomari Tenorio','Male','Taguig City','09474554607','jtenoriobscs@tfvc.edu.ph',1,_binary '','$2a$11$mrxEhS8pIUlL1FG92ouOQuJrntQ569sB/QmnVvx0Tuop8Uxs1XURO','2025-01-01 18:40:21'),(553,'345345345345','35345345345','Jomari Tenorio','Male','Taguig City','09474554607','jtenoriobscs@tfvc.edu.ph',1,_binary '','$2a$11$mrxEhS8pIUlL1FG92ouOQuJrntQ569sB/QmnVvx0Tuop8Uxs1XURO','2025-01-01 18:40:21'),(554,'345345345345','35345345345','Jomari Tenorio','Male','Taguig City','09474554607','jtenoriobscs@tfvc.edu.ph',1,_binary '','$2a$11$mrxEhS8pIUlL1FG92ouOQuJrntQ569sB/QmnVvx0Tuop8Uxs1XURO','2025-01-01 18:40:21'),(555,'345345345345','35345345345','Jomari Tenorio','Male','Taguig City','09474554607','jtenoriobscs@tfvc.edu.ph',1,_binary '','$2a$11$mrxEhS8pIUlL1FG92ouOQuJrntQ569sB/QmnVvx0Tuop8Uxs1XURO','2025-01-01 18:40:21'),(556,'345345345345','35345345345','Jomari Tenorio','Male','Taguig City','09474554607','jtenoriobscs@tfvc.edu.ph',1,_binary '','$2a$11$mrxEhS8pIUlL1FG92ouOQuJrntQ569sB/QmnVvx0Tuop8Uxs1XURO','2025-01-01 18:40:21'),(557,'345345345345','35345345345','Jomari Tenorio','Male','Taguig City','09474554607','jtenoriobscs@tfvc.edu.ph',1,_binary '','$2a$11$mrxEhS8pIUlL1FG92ouOQuJrntQ569sB/QmnVvx0Tuop8Uxs1XURO','2025-01-01 18:40:21'),(558,'345345345345','35345345345','Jomari Tenorio','Male','Taguig City','09474554607','jtenoriobscs@tfvc.edu.ph',1,_binary '','$2a$11$mrxEhS8pIUlL1FG92ouOQuJrntQ569sB/QmnVvx0Tuop8Uxs1XURO','2025-01-01 18:40:21'),(559,'345345345345','35345345345','Jomari Tenorio','Male','Taguig City','09474554607','jtenoriobscs@tfvc.edu.ph',1,_binary '','$2a$11$mrxEhS8pIUlL1FG92ouOQuJrntQ569sB/QmnVvx0Tuop8Uxs1XURO','2025-01-01 18:40:21'),(560,'345345345345','35345345345','Jomari Tenorio','Male','Taguig City','09474554607','jtenoriobscs@tfvc.edu.ph',1,_binary '','$2a$11$mrxEhS8pIUlL1FG92ouOQuJrntQ569sB/QmnVvx0Tuop8Uxs1XURO','2025-01-01 18:40:21'),(561,'345345345345','35345345345','Jomari Tenorio','Male','Taguig City','09474554607','jtenoriobscs@tfvc.edu.ph',1,_binary '','$2a$11$mrxEhS8pIUlL1FG92ouOQuJrntQ569sB/QmnVvx0Tuop8Uxs1XURO','2025-01-01 18:40:21'),(562,'345345345345','35345345345','Jomari Tenorio','Male','Taguig City','09474554607','jtenoriobscs@tfvc.edu.ph',1,_binary '','$2a$11$mrxEhS8pIUlL1FG92ouOQuJrntQ569sB/QmnVvx0Tuop8Uxs1XURO','2025-01-01 18:40:21'),(563,'345345345345','35345345345','Jomari Tenorio','Male','Taguig City','09474554607','jtenoriobscs@tfvc.edu.ph',1,_binary '','$2a$11$mrxEhS8pIUlL1FG92ouOQuJrntQ569sB/QmnVvx0Tuop8Uxs1XURO','2025-01-01 18:40:21'),(564,'345345345345','35345345345','Jomari Tenorio','Male','Taguig City','09474554607','jtenoriobscs@tfvc.edu.ph',1,_binary '','$2a$11$mrxEhS8pIUlL1FG92ouOQuJrntQ569sB/QmnVvx0Tuop8Uxs1XURO','2025-01-01 18:40:21'),(565,'345345345345','35345345345','Jomari Tenorio','Male','Taguig City','09474554607','jtenoriobscs@tfvc.edu.ph',1,_binary '','$2a$11$mrxEhS8pIUlL1FG92ouOQuJrntQ569sB/QmnVvx0Tuop8Uxs1XURO','2025-01-01 18:40:21'),(566,'345345345345','35345345345','Jomari Tenorio','Male','Taguig City','09474554607','jtenoriobscs@tfvc.edu.ph',1,_binary '','$2a$11$mrxEhS8pIUlL1FG92ouOQuJrntQ569sB/QmnVvx0Tuop8Uxs1XURO','2025-01-01 18:40:21'),(567,'345345345345','35345345345','Jomari Tenorio','Male','Taguig City','09474554607','jtenoriobscs@tfvc.edu.ph',1,_binary '','$2a$11$mrxEhS8pIUlL1FG92ouOQuJrntQ569sB/QmnVvx0Tuop8Uxs1XURO','2025-01-01 18:40:21'),(568,'345345345345','35345345345','Jomari Tenorio','Male','Taguig City','09474554607','jtenoriobscs@tfvc.edu.ph',1,_binary '','$2a$11$mrxEhS8pIUlL1FG92ouOQuJrntQ569sB/QmnVvx0Tuop8Uxs1XURO','2025-01-01 18:40:21'),(569,'345345345345','35345345345','Jomari Tenorio','Male','Taguig City','09474554607','jtenoriobscs@tfvc.edu.ph',1,_binary '','$2a$11$mrxEhS8pIUlL1FG92ouOQuJrntQ569sB/QmnVvx0Tuop8Uxs1XURO','2025-01-01 18:40:21'),(570,'345345345345','35345345345','Jomari Tenorio','Male','Taguig City','09474554607','jtenoriobscs@tfvc.edu.ph',1,_binary '','$2a$11$mrxEhS8pIUlL1FG92ouOQuJrntQ569sB/QmnVvx0Tuop8Uxs1XURO','2025-01-01 18:40:21'),(571,'345345345345','35345345345','Jomari Tenorio','Male','Taguig City','09474554607','jtenoriobscs@tfvc.edu.ph',1,_binary '','$2a$11$mrxEhS8pIUlL1FG92ouOQuJrntQ569sB/QmnVvx0Tuop8Uxs1XURO','2025-01-01 18:40:21'),(572,'345345345345','35345345345','Jomari Tenorio','Male','Taguig City','09474554607','jtenoriobscs@tfvc.edu.ph',1,_binary '','$2a$11$mrxEhS8pIUlL1FG92ouOQuJrntQ569sB/QmnVvx0Tuop8Uxs1XURO','2025-01-01 18:40:21'),(573,'345345345345','35345345345','Jomari Tenorio','Male','Taguig City','09474554607','jtenoriobscs@tfvc.edu.ph',1,_binary '','$2a$11$mrxEhS8pIUlL1FG92ouOQuJrntQ569sB/QmnVvx0Tuop8Uxs1XURO','2025-01-01 18:40:21'),(574,'345345345345','35345345345','Jomari Tenorio','Male','Taguig City','09474554607','jtenoriobscs@tfvc.edu.ph',1,_binary '','$2a$11$mrxEhS8pIUlL1FG92ouOQuJrntQ569sB/QmnVvx0Tuop8Uxs1XURO','2025-01-01 18:40:21'),(575,'345345345345','35345345345','Jomari Tenorio','Male','Taguig City','09474554607','jtenoriobscs@tfvc.edu.ph',1,_binary '','$2a$11$mrxEhS8pIUlL1FG92ouOQuJrntQ569sB/QmnVvx0Tuop8Uxs1XURO','2025-01-01 18:40:21'),(576,'345345345345','35345345345','Jomari Tenorio','Male','Taguig City','09474554607','jtenoriobscs@tfvc.edu.ph',1,_binary '','$2a$11$mrxEhS8pIUlL1FG92ouOQuJrntQ569sB/QmnVvx0Tuop8Uxs1XURO','2025-01-01 18:40:21'),(577,'345345345345','35345345345','Jomari Tenorio','Male','Taguig City','09474554607','jtenoriobscs@tfvc.edu.ph',1,_binary '','$2a$11$mrxEhS8pIUlL1FG92ouOQuJrntQ569sB/QmnVvx0Tuop8Uxs1XURO','2025-01-01 18:40:21'),(578,'345345345345','35345345345','Jomari Tenorio','Male','Taguig City','09474554607','jtenoriobscs@tfvc.edu.ph',1,_binary '','$2a$11$mrxEhS8pIUlL1FG92ouOQuJrntQ569sB/QmnVvx0Tuop8Uxs1XURO','2025-01-01 18:40:21'),(579,'345345345345','35345345345','Jomari Tenorio','Male','Taguig City','09474554607','jtenoriobscs@tfvc.edu.ph',1,_binary '','$2a$11$mrxEhS8pIUlL1FG92ouOQuJrntQ569sB/QmnVvx0Tuop8Uxs1XURO','2025-01-01 18:40:21'),(580,'345345345345','35345345345','Jomari Tenorio','Male','Taguig City','09474554607','jtenoriobscs@tfvc.edu.ph',1,_binary '','$2a$11$mrxEhS8pIUlL1FG92ouOQuJrntQ569sB/QmnVvx0Tuop8Uxs1XURO','2025-01-01 18:40:21'),(581,'345345345345','35345345345','Jomari Tenorio','Male','Taguig City','09474554607','jtenoriobscs@tfvc.edu.ph',1,_binary '','$2a$11$mrxEhS8pIUlL1FG92ouOQuJrntQ569sB/QmnVvx0Tuop8Uxs1XURO','2025-01-01 18:40:21'),(582,'345345345345','35345345345','Jomari Tenorio','Male','Taguig City','09474554607','jtenoriobscs@tfvc.edu.ph',1,_binary '','$2a$11$mrxEhS8pIUlL1FG92ouOQuJrntQ569sB/QmnVvx0Tuop8Uxs1XURO','2025-01-01 18:40:21'),(583,'345345345345','35345345345','Jomari Tenorio','Male','Taguig City','09474554607','jtenoriobscs@tfvc.edu.ph',1,_binary '','$2a$11$mrxEhS8pIUlL1FG92ouOQuJrntQ569sB/QmnVvx0Tuop8Uxs1XURO','2025-01-01 18:40:21'),(584,'345345345345','35345345345','Jomari Tenorio','Male','Taguig City','09474554607','jtenoriobscs@tfvc.edu.ph',1,_binary '','$2a$11$mrxEhS8pIUlL1FG92ouOQuJrntQ569sB/QmnVvx0Tuop8Uxs1XURO','2025-01-01 18:40:21'),(585,'345345345345','35345345345','Jomari Tenorio','Male','Taguig City','09474554607','jtenoriobscs@tfvc.edu.ph',1,_binary '','$2a$11$mrxEhS8pIUlL1FG92ouOQuJrntQ569sB/QmnVvx0Tuop8Uxs1XURO','2025-01-01 18:40:21'),(586,'345345345345','35345345345','Jomari Tenorio','Male','Taguig City','09474554607','jtenoriobscs@tfvc.edu.ph',1,_binary '','$2a$11$mrxEhS8pIUlL1FG92ouOQuJrntQ569sB/QmnVvx0Tuop8Uxs1XURO','2025-01-01 18:40:21'),(587,'345345345345','35345345345','Jomari Tenorio','Male','Taguig City','09474554607','jtenoriobscs@tfvc.edu.ph',1,_binary '','$2a$11$mrxEhS8pIUlL1FG92ouOQuJrntQ569sB/QmnVvx0Tuop8Uxs1XURO','2025-01-01 18:40:21'),(588,'345345345345','35345345345','Jomari Tenorio','Male','Taguig City','09474554607','jtenoriobscs@tfvc.edu.ph',1,_binary '','$2a$11$mrxEhS8pIUlL1FG92ouOQuJrntQ569sB/QmnVvx0Tuop8Uxs1XURO','2025-01-01 18:40:21'),(589,'345345345345','35345345345','Jomari Tenorio','Male','Taguig City','09474554607','jtenoriobscs@tfvc.edu.ph',1,_binary '','$2a$11$mrxEhS8pIUlL1FG92ouOQuJrntQ569sB/QmnVvx0Tuop8Uxs1XURO','2025-01-01 18:40:21'),(590,'345345345345','35345345345','Jomari Tenorio','Male','Taguig City','09474554607','jtenoriobscs@tfvc.edu.ph',1,_binary '','$2a$11$mrxEhS8pIUlL1FG92ouOQuJrntQ569sB/QmnVvx0Tuop8Uxs1XURO','2025-01-01 18:40:21'),(591,'345345345345','35345345345','Jomari Tenorio','Male','Taguig City','09474554607','jtenoriobscs@tfvc.edu.ph',1,_binary '','$2a$11$mrxEhS8pIUlL1FG92ouOQuJrntQ569sB/QmnVvx0Tuop8Uxs1XURO','2025-01-01 18:40:21'),(592,'345345345345','35345345345','Jomari Tenorio','Male','Taguig City','09474554607','jtenoriobscs@tfvc.edu.ph',1,_binary '','$2a$11$mrxEhS8pIUlL1FG92ouOQuJrntQ569sB/QmnVvx0Tuop8Uxs1XURO','2025-01-01 18:40:21'),(593,'345345345345','35345345345','Jomari Tenorio','Male','Taguig City','09474554607','jtenoriobscs@tfvc.edu.ph',1,_binary '','$2a$11$mrxEhS8pIUlL1FG92ouOQuJrntQ569sB/QmnVvx0Tuop8Uxs1XURO','2025-01-01 18:40:21'),(594,'345345345345','35345345345','Jomari Tenorio','Male','Taguig City','09474554607','jtenoriobscs@tfvc.edu.ph',1,_binary '','$2a$11$mrxEhS8pIUlL1FG92ouOQuJrntQ569sB/QmnVvx0Tuop8Uxs1XURO','2025-01-01 18:40:21'),(595,'345345345345','35345345345','Jomari Tenorio','Male','Taguig City','09474554607','jtenoriobscs@tfvc.edu.ph',1,_binary '','$2a$11$mrxEhS8pIUlL1FG92ouOQuJrntQ569sB/QmnVvx0Tuop8Uxs1XURO','2025-01-01 18:40:21'),(596,'345345345345','35345345345','Jomari Tenorio','Male','Taguig City','09474554607','jtenoriobscs@tfvc.edu.ph',1,_binary '','$2a$11$mrxEhS8pIUlL1FG92ouOQuJrntQ569sB/QmnVvx0Tuop8Uxs1XURO','2025-01-01 18:40:21'),(597,'345345345345','35345345345','Jomari Tenorio','Male','Taguig City','09474554607','jtenoriobscs@tfvc.edu.ph',1,_binary '','$2a$11$mrxEhS8pIUlL1FG92ouOQuJrntQ569sB/QmnVvx0Tuop8Uxs1XURO','2025-01-01 18:40:21'),(598,'345345345345','35345345345','Jomari Tenorio','Male','Taguig City','09474554607','jtenoriobscs@tfvc.edu.ph',1,_binary '','$2a$11$mrxEhS8pIUlL1FG92ouOQuJrntQ569sB/QmnVvx0Tuop8Uxs1XURO','2025-01-01 18:40:21'),(599,'345345345345','35345345345','Jomari Tenorio','Male','Taguig City','09474554607','jtenoriobscs@tfvc.edu.ph',1,_binary '','$2a$11$mrxEhS8pIUlL1FG92ouOQuJrntQ569sB/QmnVvx0Tuop8Uxs1XURO','2025-01-01 18:40:21'),(600,'345345345345','35345345345','Jomari Tenorio','Male','Taguig City','09474554607','jtenoriobscs@tfvc.edu.ph',1,_binary '','$2a$11$mrxEhS8pIUlL1FG92ouOQuJrntQ569sB/QmnVvx0Tuop8Uxs1XURO','2025-01-01 18:40:21'),(601,'345345345345','35345345345','Jomari Tenorio','Male','Taguig City','09474554607','jtenoriobscs@tfvc.edu.ph',1,_binary '','$2a$11$mrxEhS8pIUlL1FG92ouOQuJrntQ569sB/QmnVvx0Tuop8Uxs1XURO','2025-01-01 18:40:21'),(602,'345345345345','35345345345','Jomari Tenorio','Male','Taguig City','09474554607','jtenoriobscs@tfvc.edu.ph',1,_binary '','$2a$11$mrxEhS8pIUlL1FG92ouOQuJrntQ569sB/QmnVvx0Tuop8Uxs1XURO','2025-01-01 18:40:21'),(603,'345345345345','35345345345','Jomari Tenorio','Male','Taguig City','09474554607','jtenoriobscs@tfvc.edu.ph',1,_binary '','$2a$11$mrxEhS8pIUlL1FG92ouOQuJrntQ569sB/QmnVvx0Tuop8Uxs1XURO','2025-01-01 18:40:21'),(604,'345345345345','35345345345','Jomari Tenorio','Male','Taguig City','09474554607','jtenoriobscs@tfvc.edu.ph',1,_binary '','$2a$11$mrxEhS8pIUlL1FG92ouOQuJrntQ569sB/QmnVvx0Tuop8Uxs1XURO','2025-01-01 18:40:21'),(605,'345345345345','35345345345','Jomari Tenorio','Male','Taguig City','09474554607','jtenoriobscs@tfvc.edu.ph',1,_binary '','$2a$11$mrxEhS8pIUlL1FG92ouOQuJrntQ569sB/QmnVvx0Tuop8Uxs1XURO','2025-01-01 18:40:21'),(606,'345345345345','35345345345','Jomari Tenorio','Male','Taguig City','09474554607','jtenoriobscs@tfvc.edu.ph',1,_binary '','$2a$11$mrxEhS8pIUlL1FG92ouOQuJrntQ569sB/QmnVvx0Tuop8Uxs1XURO','2025-01-01 18:40:21'),(607,'345345345345','35345345345','Jomari Tenorio','Male','Taguig City','09474554607','jtenoriobscs@tfvc.edu.ph',1,_binary '','$2a$11$mrxEhS8pIUlL1FG92ouOQuJrntQ569sB/QmnVvx0Tuop8Uxs1XURO','2025-01-01 18:40:21'),(608,'345345345345','35345345345','Jomari Tenorio','Male','Taguig City','09474554607','jtenoriobscs@tfvc.edu.ph',1,_binary '','$2a$11$mrxEhS8pIUlL1FG92ouOQuJrntQ569sB/QmnVvx0Tuop8Uxs1XURO','2025-01-01 18:40:21'),(609,'345345345345','35345345345','Jomari Tenorio','Male','Taguig City','09474554607','jtenoriobscs@tfvc.edu.ph',1,_binary '','$2a$11$mrxEhS8pIUlL1FG92ouOQuJrntQ569sB/QmnVvx0Tuop8Uxs1XURO','2025-01-01 18:40:21'),(610,'345345345345','35345345345','Jomari Tenorio','Male','Taguig City','09474554607','jtenoriobscs@tfvc.edu.ph',1,_binary '','$2a$11$mrxEhS8pIUlL1FG92ouOQuJrntQ569sB/QmnVvx0Tuop8Uxs1XURO','2025-01-01 18:40:21'),(611,'345345345345','35345345345','Jomari Tenorio','Male','Taguig City','09474554607','jtenoriobscs@tfvc.edu.ph',1,_binary '','$2a$11$mrxEhS8pIUlL1FG92ouOQuJrntQ569sB/QmnVvx0Tuop8Uxs1XURO','2025-01-01 18:40:21'),(612,'345345345345','35345345345','Jomari Tenorio','Male','Taguig City','09474554607','jtenoriobscs@tfvc.edu.ph',1,_binary '','$2a$11$mrxEhS8pIUlL1FG92ouOQuJrntQ569sB/QmnVvx0Tuop8Uxs1XURO','2025-01-01 18:40:21'),(613,'345345345345','35345345345','Jomari Tenorio','Male','Taguig City','09474554607','jtenoriobscs@tfvc.edu.ph',1,_binary '','$2a$11$mrxEhS8pIUlL1FG92ouOQuJrntQ569sB/QmnVvx0Tuop8Uxs1XURO','2025-01-01 18:40:21'),(614,'345345345345','35345345345','Jomari Tenorio','Male','Taguig City','09474554607','jtenoriobscs@tfvc.edu.ph',1,_binary '','$2a$11$mrxEhS8pIUlL1FG92ouOQuJrntQ569sB/QmnVvx0Tuop8Uxs1XURO','2025-01-01 18:40:21'),(615,'345345345345','35345345345','Jomari Tenorio','Male','Taguig City','09474554607','jtenoriobscs@tfvc.edu.ph',1,_binary '','$2a$11$mrxEhS8pIUlL1FG92ouOQuJrntQ569sB/QmnVvx0Tuop8Uxs1XURO','2025-01-01 18:40:21'),(616,'345345345345','35345345345','Jomari Tenorio','Male','Taguig City','09474554607','jtenoriobscs@tfvc.edu.ph',1,_binary '','$2a$11$mrxEhS8pIUlL1FG92ouOQuJrntQ569sB/QmnVvx0Tuop8Uxs1XURO','2025-01-01 18:40:21'),(617,'345345345345','35345345345','Jomari Tenorio','Male','Taguig City','09474554607','jtenoriobscs@tfvc.edu.ph',1,_binary '','$2a$11$mrxEhS8pIUlL1FG92ouOQuJrntQ569sB/QmnVvx0Tuop8Uxs1XURO','2025-01-01 18:40:21'),(618,'345345345345','35345345345','Jomari Tenorio','Male','Taguig City','09474554607','jtenoriobscs@tfvc.edu.ph',1,_binary '','$2a$11$mrxEhS8pIUlL1FG92ouOQuJrntQ569sB/QmnVvx0Tuop8Uxs1XURO','2025-01-01 18:40:21'),(619,'345345345345','35345345345','Jomari Tenorio','Male','Taguig City','09474554607','jtenoriobscs@tfvc.edu.ph',1,_binary '','$2a$11$mrxEhS8pIUlL1FG92ouOQuJrntQ569sB/QmnVvx0Tuop8Uxs1XURO','2025-01-01 18:40:21'),(620,'345345345345','35345345345','Jomari Tenorio','Male','Taguig City','09474554607','jtenoriobscs@tfvc.edu.ph',1,_binary '','$2a$11$mrxEhS8pIUlL1FG92ouOQuJrntQ569sB/QmnVvx0Tuop8Uxs1XURO','2025-01-01 18:40:21'),(621,'345345345345','35345345345','Jomari Tenorio','Male','Taguig City','09474554607','jtenoriobscs@tfvc.edu.ph',1,_binary '','$2a$11$mrxEhS8pIUlL1FG92ouOQuJrntQ569sB/QmnVvx0Tuop8Uxs1XURO','2025-01-01 18:40:21'),(622,'345345345345','35345345345','Jomari Tenorio','Male','Taguig City','09474554607','jtenoriobscs@tfvc.edu.ph',1,_binary '','$2a$11$mrxEhS8pIUlL1FG92ouOQuJrntQ569sB/QmnVvx0Tuop8Uxs1XURO','2025-01-01 18:40:21'),(623,'345345345345','35345345345','Jomari Tenorio','Male','Taguig City','09474554607','jtenoriobscs@tfvc.edu.ph',1,_binary '','$2a$11$mrxEhS8pIUlL1FG92ouOQuJrntQ569sB/QmnVvx0Tuop8Uxs1XURO','2025-01-01 18:40:21'),(624,'345345345345','35345345345','Jomari Tenorio','Male','Taguig City','09474554607','jtenoriobscs@tfvc.edu.ph',1,_binary '','$2a$11$mrxEhS8pIUlL1FG92ouOQuJrntQ569sB/QmnVvx0Tuop8Uxs1XURO','2025-01-01 18:40:21'),(625,'345345345345','35345345345','Jomari Tenorio','Male','Taguig City','09474554607','jtenoriobscs@tfvc.edu.ph',1,_binary '','$2a$11$mrxEhS8pIUlL1FG92ouOQuJrntQ569sB/QmnVvx0Tuop8Uxs1XURO','2025-01-01 18:40:21'),(626,'345345345345','35345345345','Jomari Tenorio','Male','Taguig City','09474554607','jtenoriobscs@tfvc.edu.ph',1,_binary '','$2a$11$mrxEhS8pIUlL1FG92ouOQuJrntQ569sB/QmnVvx0Tuop8Uxs1XURO','2025-01-01 18:40:21'),(627,'345345345345','35345345345','Jomari Tenorio','Male','Taguig City','09474554607','jtenoriobscs@tfvc.edu.ph',1,_binary '','$2a$11$mrxEhS8pIUlL1FG92ouOQuJrntQ569sB/QmnVvx0Tuop8Uxs1XURO','2025-01-01 18:40:21'),(628,'345345345345','35345345345','Jomari Tenorio','Male','Taguig City','09474554607','jtenoriobscs@tfvc.edu.ph',1,_binary '','$2a$11$mrxEhS8pIUlL1FG92ouOQuJrntQ569sB/QmnVvx0Tuop8Uxs1XURO','2025-01-01 18:40:21'),(629,'345345345345','35345345345','Jomari Tenorio','Male','Taguig City','09474554607','jtenoriobscs@tfvc.edu.ph',1,_binary '','$2a$11$mrxEhS8pIUlL1FG92ouOQuJrntQ569sB/QmnVvx0Tuop8Uxs1XURO','2025-01-01 18:40:21'),(630,'345345345345','35345345345','Jomari Tenorio','Male','Taguig City','09474554607','jtenoriobscs@tfvc.edu.ph',1,_binary '','$2a$11$mrxEhS8pIUlL1FG92ouOQuJrntQ569sB/QmnVvx0Tuop8Uxs1XURO','2025-01-01 18:40:21'),(631,'345345345345','35345345345','Jomari Tenorio','Male','Taguig City','09474554607','jtenoriobscs@tfvc.edu.ph',1,_binary '','$2a$11$mrxEhS8pIUlL1FG92ouOQuJrntQ569sB/QmnVvx0Tuop8Uxs1XURO','2025-01-01 18:40:21'),(632,'345345345345','35345345345','Jomari Tenorio','Male','Taguig City','09474554607','jtenoriobscs@tfvc.edu.ph',1,_binary '','$2a$11$mrxEhS8pIUlL1FG92ouOQuJrntQ569sB/QmnVvx0Tuop8Uxs1XURO','2025-01-01 18:40:21'),(633,'345345345345','35345345345','Jomari Tenorio','Male','Taguig City','09474554607','jtenoriobscs@tfvc.edu.ph',1,_binary '','$2a$11$mrxEhS8pIUlL1FG92ouOQuJrntQ569sB/QmnVvx0Tuop8Uxs1XURO','2025-01-01 18:40:21'),(634,'345345345345','35345345345','Jomari Tenorio','Male','Taguig City','09474554607','jtenoriobscs@tfvc.edu.ph',1,_binary '','$2a$11$mrxEhS8pIUlL1FG92ouOQuJrntQ569sB/QmnVvx0Tuop8Uxs1XURO','2025-01-01 18:40:21'),(635,'345345345345','35345345345','Jomari Tenorio','Male','Taguig City','09474554607','jtenoriobscs@tfvc.edu.ph',1,_binary '','$2a$11$mrxEhS8pIUlL1FG92ouOQuJrntQ569sB/QmnVvx0Tuop8Uxs1XURO','2025-01-01 18:40:21'),(636,'345345345345','35345345345','Jomari Tenorio','Male','Taguig City','09474554607','jtenoriobscs@tfvc.edu.ph',1,_binary '','$2a$11$mrxEhS8pIUlL1FG92ouOQuJrntQ569sB/QmnVvx0Tuop8Uxs1XURO','2025-01-01 18:40:21'),(637,'345345345345','35345345345','Jomari Tenorio','Male','Taguig City','09474554607','jtenoriobscs@tfvc.edu.ph',1,_binary '','$2a$11$mrxEhS8pIUlL1FG92ouOQuJrntQ569sB/QmnVvx0Tuop8Uxs1XURO','2025-01-01 18:40:21'),(638,'345345345345','35345345345','Jomari Tenorio','Male','Taguig City','09474554607','jtenoriobscs@tfvc.edu.ph',1,_binary '','$2a$11$mrxEhS8pIUlL1FG92ouOQuJrntQ569sB/QmnVvx0Tuop8Uxs1XURO','2025-01-01 18:40:21'),(639,'345345345345','35345345345','Jomari Tenorio','Male','Taguig City','09474554607','jtenoriobscs@tfvc.edu.ph',1,_binary '','$2a$11$mrxEhS8pIUlL1FG92ouOQuJrntQ569sB/QmnVvx0Tuop8Uxs1XURO','2025-01-01 18:40:21'),(640,'345345345345','35345345345','Jomari Tenorio','Male','Taguig City','09474554607','jtenoriobscs@tfvc.edu.ph',1,_binary '','$2a$11$mrxEhS8pIUlL1FG92ouOQuJrntQ569sB/QmnVvx0Tuop8Uxs1XURO','2025-01-01 18:40:21'),(641,'345345345345','35345345345','Jomari Tenorio','Male','Taguig City','09474554607','jtenoriobscs@tfvc.edu.ph',1,_binary '','$2a$11$mrxEhS8pIUlL1FG92ouOQuJrntQ569sB/QmnVvx0Tuop8Uxs1XURO','2025-01-01 18:40:21'),(642,'345345345345','35345345345','Jomari Tenorio','Male','Taguig City','09474554607','jtenoriobscs@tfvc.edu.ph',1,_binary '','$2a$11$mrxEhS8pIUlL1FG92ouOQuJrntQ569sB/QmnVvx0Tuop8Uxs1XURO','2025-01-01 18:40:21'),(643,'345345345345','35345345345','Jomari Tenorio','Male','Taguig City','09474554607','jtenoriobscs@tfvc.edu.ph',1,_binary '','$2a$11$mrxEhS8pIUlL1FG92ouOQuJrntQ569sB/QmnVvx0Tuop8Uxs1XURO','2025-01-01 18:40:21'),(644,'345345345345','35345345345','Jomari Tenorio','Male','Taguig City','09474554607','jtenoriobscs@tfvc.edu.ph',1,_binary '','$2a$11$mrxEhS8pIUlL1FG92ouOQuJrntQ569sB/QmnVvx0Tuop8Uxs1XURO','2025-01-01 18:40:21'),(645,'345345345345','35345345345','Jomari Tenorio','Male','Taguig City','09474554607','jtenoriobscs@tfvc.edu.ph',1,_binary '','$2a$11$mrxEhS8pIUlL1FG92ouOQuJrntQ569sB/QmnVvx0Tuop8Uxs1XURO','2025-01-01 18:40:21'),(646,'345345345345','35345345345','Jomari Tenorio','Male','Taguig City','09474554607','jtenoriobscs@tfvc.edu.ph',1,_binary '','$2a$11$mrxEhS8pIUlL1FG92ouOQuJrntQ569sB/QmnVvx0Tuop8Uxs1XURO','2025-01-01 18:40:21'),(647,'345345345345','35345345345','Jomari Tenorio','Male','Taguig City','09474554607','jtenoriobscs@tfvc.edu.ph',1,_binary '','$2a$11$mrxEhS8pIUlL1FG92ouOQuJrntQ569sB/QmnVvx0Tuop8Uxs1XURO','2025-01-01 18:40:21'),(648,'345345345345','35345345345','Jomari Tenorio','Male','Taguig City','09474554607','jtenoriobscs@tfvc.edu.ph',1,_binary '','$2a$11$mrxEhS8pIUlL1FG92ouOQuJrntQ569sB/QmnVvx0Tuop8Uxs1XURO','2025-01-01 18:40:21'),(649,'345345345345','35345345345','Jomari Tenorio','Male','Taguig City','09474554607','jtenoriobscs@tfvc.edu.ph',1,_binary '','$2a$11$mrxEhS8pIUlL1FG92ouOQuJrntQ569sB/QmnVvx0Tuop8Uxs1XURO','2025-01-01 18:40:21'),(650,'345345345345','35345345345','Jomari Tenorio','Male','Taguig City','09474554607','jtenoriobscs@tfvc.edu.ph',1,_binary '','$2a$11$mrxEhS8pIUlL1FG92ouOQuJrntQ569sB/QmnVvx0Tuop8Uxs1XURO','2025-01-01 18:40:21'),(651,'345345345345','35345345345','Jomari Tenorio','Male','Taguig City','09474554607','jtenoriobscs@tfvc.edu.ph',1,_binary '','$2a$11$mrxEhS8pIUlL1FG92ouOQuJrntQ569sB/QmnVvx0Tuop8Uxs1XURO','2025-01-01 18:40:21'),(652,'345345345345','35345345345','Jomari Tenorio','Male','Taguig City','09474554607','jtenoriobscs@tfvc.edu.ph',1,_binary '','$2a$11$mrxEhS8pIUlL1FG92ouOQuJrntQ569sB/QmnVvx0Tuop8Uxs1XURO','2025-01-01 18:40:21'),(653,'345345345345','35345345345','Jomari Tenorio','Male','Taguig City','09474554607','jtenoriobscs@tfvc.edu.ph',1,_binary '','$2a$11$mrxEhS8pIUlL1FG92ouOQuJrntQ569sB/QmnVvx0Tuop8Uxs1XURO','2025-01-01 18:40:21'),(654,'345345345345','35345345345','Jomari Tenorio','Male','Taguig City','09474554607','jtenoriobscs@tfvc.edu.ph',1,_binary '','$2a$11$mrxEhS8pIUlL1FG92ouOQuJrntQ569sB/QmnVvx0Tuop8Uxs1XURO','2025-01-01 18:40:21'),(655,'345345345345','35345345345','Jomari Tenorio','Male','Taguig City','09474554607','jtenoriobscs@tfvc.edu.ph',1,_binary '','$2a$11$mrxEhS8pIUlL1FG92ouOQuJrntQ569sB/QmnVvx0Tuop8Uxs1XURO','2025-01-01 18:40:21'),(656,'345345345345','35345345345','Jomari Tenorio','Male','Taguig City','09474554607','jtenoriobscs@tfvc.edu.ph',1,_binary '','$2a$11$mrxEhS8pIUlL1FG92ouOQuJrntQ569sB/QmnVvx0Tuop8Uxs1XURO','2025-01-01 18:40:21'),(657,'345345345345','35345345345','Jomari Tenorio','Male','Taguig City','09474554607','jtenoriobscs@tfvc.edu.ph',1,_binary '','$2a$11$mrxEhS8pIUlL1FG92ouOQuJrntQ569sB/QmnVvx0Tuop8Uxs1XURO','2025-01-01 18:40:21'),(658,'345345345345','35345345345','Jomari Tenorio','Male','Taguig City','09474554607','jtenoriobscs@tfvc.edu.ph',1,_binary '','$2a$11$mrxEhS8pIUlL1FG92ouOQuJrntQ569sB/QmnVvx0Tuop8Uxs1XURO','2025-01-01 18:40:21'),(659,'345345345345','35345345345','Jomari Tenorio','Male','Taguig City','09474554607','jtenoriobscs@tfvc.edu.ph',1,_binary '','$2a$11$mrxEhS8pIUlL1FG92ouOQuJrntQ569sB/QmnVvx0Tuop8Uxs1XURO','2025-01-01 18:40:21'),(660,'345345345345','35345345345','Jomari Tenorio','Male','Taguig City','09474554607','jtenoriobscs@tfvc.edu.ph',1,_binary '','$2a$11$mrxEhS8pIUlL1FG92ouOQuJrntQ569sB/QmnVvx0Tuop8Uxs1XURO','2025-01-01 18:40:21'),(661,'345345345345','35345345345','Jomari Tenorio','Male','Taguig City','09474554607','jtenoriobscs@tfvc.edu.ph',1,_binary '','$2a$11$mrxEhS8pIUlL1FG92ouOQuJrntQ569sB/QmnVvx0Tuop8Uxs1XURO','2025-01-01 18:40:21'),(662,'345345345345','35345345345','Jomari Tenorio','Male','Taguig City','09474554607','jtenoriobscs@tfvc.edu.ph',1,_binary '','$2a$11$mrxEhS8pIUlL1FG92ouOQuJrntQ569sB/QmnVvx0Tuop8Uxs1XURO','2025-01-01 18:40:21'),(663,'345345345345','35345345345','Jomari Tenorio','Male','Taguig City','09474554607','jtenoriobscs@tfvc.edu.ph',1,_binary '','$2a$11$mrxEhS8pIUlL1FG92ouOQuJrntQ569sB/QmnVvx0Tuop8Uxs1XURO','2025-01-01 18:40:21'),(664,'345345345345','35345345345','Jomari Tenorio','Male','Taguig City','09474554607','jtenoriobscs@tfvc.edu.ph',1,_binary '','$2a$11$mrxEhS8pIUlL1FG92ouOQuJrntQ569sB/QmnVvx0Tuop8Uxs1XURO','2025-01-01 18:40:21'),(665,'345345345345','35345345345','Jomari Tenorio','Male','Taguig City','09474554607','jtenoriobscs@tfvc.edu.ph',1,_binary '','$2a$11$mrxEhS8pIUlL1FG92ouOQuJrntQ569sB/QmnVvx0Tuop8Uxs1XURO','2025-01-01 18:40:21'),(666,'345345345345','35345345345','Jomari Tenorio','Male','Taguig City','09474554607','jtenoriobscs@tfvc.edu.ph',1,_binary '','$2a$11$mrxEhS8pIUlL1FG92ouOQuJrntQ569sB/QmnVvx0Tuop8Uxs1XURO','2025-01-01 18:40:21'),(667,'345345345345','35345345345','Jomari Tenorio','Male','Taguig City','09474554607','jtenoriobscs@tfvc.edu.ph',1,_binary '','$2a$11$mrxEhS8pIUlL1FG92ouOQuJrntQ569sB/QmnVvx0Tuop8Uxs1XURO','2025-01-01 18:40:21'),(668,'345345345345','35345345345','Jomari Tenorio','Male','Taguig City','09474554607','jtenoriobscs@tfvc.edu.ph',1,_binary '','$2a$11$mrxEhS8pIUlL1FG92ouOQuJrntQ569sB/QmnVvx0Tuop8Uxs1XURO','2025-01-01 18:40:21'),(669,'345345345345','35345345345','Jomari Tenorio','Male','Taguig City','09474554607','jtenoriobscs@tfvc.edu.ph',1,_binary '','$2a$11$mrxEhS8pIUlL1FG92ouOQuJrntQ569sB/QmnVvx0Tuop8Uxs1XURO','2025-01-01 18:40:21'),(670,'345345345345','35345345345','Jomari Tenorio','Male','Taguig City','09474554607','jtenoriobscs@tfvc.edu.ph',1,_binary '','$2a$11$mrxEhS8pIUlL1FG92ouOQuJrntQ569sB/QmnVvx0Tuop8Uxs1XURO','2025-01-01 18:40:21'),(671,'345345345345','35345345345','Jomari Tenorio','Male','Taguig City','09474554607','jtenoriobscs@tfvc.edu.ph',1,_binary '','$2a$11$mrxEhS8pIUlL1FG92ouOQuJrntQ569sB/QmnVvx0Tuop8Uxs1XURO','2025-01-01 18:40:21'),(672,'345345345345','35345345345','Jomari Tenorio','Male','Taguig City','09474554607','jtenoriobscs@tfvc.edu.ph',1,_binary '','$2a$11$mrxEhS8pIUlL1FG92ouOQuJrntQ569sB/QmnVvx0Tuop8Uxs1XURO','2025-01-01 18:40:21'),(673,'345345345345','35345345345','Jomari Tenorio','Male','Taguig City','09474554607','jtenoriobscs@tfvc.edu.ph',1,_binary '','$2a$11$mrxEhS8pIUlL1FG92ouOQuJrntQ569sB/QmnVvx0Tuop8Uxs1XURO','2025-01-01 18:40:21'),(674,'345345345345','35345345345','Jomari Tenorio','Male','Taguig City','09474554607','jtenoriobscs@tfvc.edu.ph',1,_binary '','$2a$11$mrxEhS8pIUlL1FG92ouOQuJrntQ569sB/QmnVvx0Tuop8Uxs1XURO','2025-01-01 18:40:21'),(675,'345345345345','35345345345','Jomari Tenorio','Male','Taguig City','09474554607','jtenoriobscs@tfvc.edu.ph',1,_binary '','$2a$11$mrxEhS8pIUlL1FG92ouOQuJrntQ569sB/QmnVvx0Tuop8Uxs1XURO','2025-01-01 18:40:21'),(676,'345345345345','35345345345','Jomari Tenorio','Male','Taguig City','09474554607','jtenoriobscs@tfvc.edu.ph',1,_binary '','$2a$11$mrxEhS8pIUlL1FG92ouOQuJrntQ569sB/QmnVvx0Tuop8Uxs1XURO','2025-01-01 18:40:21'),(677,'345345345345','35345345345','Jomari Tenorio','Male','Taguig City','09474554607','jtenoriobscs@tfvc.edu.ph',1,_binary '','$2a$11$mrxEhS8pIUlL1FG92ouOQuJrntQ569sB/QmnVvx0Tuop8Uxs1XURO','2025-01-01 18:40:21'),(678,'345345345345','35345345345','Jomari Tenorio','Male','Taguig City','09474554607','jtenoriobscs@tfvc.edu.ph',1,_binary '','$2a$11$mrxEhS8pIUlL1FG92ouOQuJrntQ569sB/QmnVvx0Tuop8Uxs1XURO','2025-01-01 18:40:21'),(679,'345345345345','35345345345','Jomari Tenorio','Male','Taguig City','09474554607','jtenoriobscs@tfvc.edu.ph',1,_binary '','$2a$11$mrxEhS8pIUlL1FG92ouOQuJrntQ569sB/QmnVvx0Tuop8Uxs1XURO','2025-01-01 18:40:21'),(680,'345345345345','35345345345','Jomari Tenorio','Male','Taguig City','09474554607','jtenoriobscs@tfvc.edu.ph',1,_binary '','$2a$11$mrxEhS8pIUlL1FG92ouOQuJrntQ569sB/QmnVvx0Tuop8Uxs1XURO','2025-01-01 18:40:21'),(681,'345345345345','35345345345','Jomari Tenorio','Male','Taguig City','09474554607','jtenoriobscs@tfvc.edu.ph',1,_binary '','$2a$11$mrxEhS8pIUlL1FG92ouOQuJrntQ569sB/QmnVvx0Tuop8Uxs1XURO','2025-01-01 18:40:21'),(682,'345345345345','35345345345','Jomari Tenorio','Male','Taguig City','09474554607','jtenoriobscs@tfvc.edu.ph',1,_binary '','$2a$11$mrxEhS8pIUlL1FG92ouOQuJrntQ569sB/QmnVvx0Tuop8Uxs1XURO','2025-01-01 18:40:21'),(683,'345345345345','35345345345','Jomari Tenorio','Male','Taguig City','09474554607','jtenoriobscs@tfvc.edu.ph',1,_binary '','$2a$11$mrxEhS8pIUlL1FG92ouOQuJrntQ569sB/QmnVvx0Tuop8Uxs1XURO','2025-01-01 18:40:21'),(684,'345345345345','35345345345','Jomari Tenorio','Male','Taguig City','09474554607','jtenoriobscs@tfvc.edu.ph',1,_binary '','$2a$11$mrxEhS8pIUlL1FG92ouOQuJrntQ569sB/QmnVvx0Tuop8Uxs1XURO','2025-01-01 18:40:21'),(685,'345345345345','35345345345','Jomari Tenorio','Male','Taguig City','09474554607','jtenoriobscs@tfvc.edu.ph',1,_binary '','$2a$11$mrxEhS8pIUlL1FG92ouOQuJrntQ569sB/QmnVvx0Tuop8Uxs1XURO','2025-01-01 18:40:21'),(686,'345345345345','35345345345','Jomari Tenorio','Male','Taguig City','09474554607','jtenoriobscs@tfvc.edu.ph',1,_binary '','$2a$11$mrxEhS8pIUlL1FG92ouOQuJrntQ569sB/QmnVvx0Tuop8Uxs1XURO','2025-01-01 18:40:21'),(687,'345345345345','35345345345','Jomari Tenorio','Male','Taguig City','09474554607','jtenoriobscs@tfvc.edu.ph',1,_binary '','$2a$11$mrxEhS8pIUlL1FG92ouOQuJrntQ569sB/QmnVvx0Tuop8Uxs1XURO','2025-01-01 18:40:21'),(688,'345345345345','35345345345','Jomari Tenorio','Male','Taguig City','09474554607','jtenoriobscs@tfvc.edu.ph',1,_binary '','$2a$11$mrxEhS8pIUlL1FG92ouOQuJrntQ569sB/QmnVvx0Tuop8Uxs1XURO','2025-01-01 18:40:21'),(689,'345345345345','35345345345','Jomari Tenorio','Male','Taguig City','09474554607','jtenoriobscs@tfvc.edu.ph',1,_binary '','$2a$11$mrxEhS8pIUlL1FG92ouOQuJrntQ569sB/QmnVvx0Tuop8Uxs1XURO','2025-01-01 18:40:21'),(690,'345345345345','35345345345','Jomari Tenorio','Male','Taguig City','09474554607','jtenoriobscs@tfvc.edu.ph',1,_binary '','$2a$11$mrxEhS8pIUlL1FG92ouOQuJrntQ569sB/QmnVvx0Tuop8Uxs1XURO','2025-01-01 18:40:21'),(691,'345345345345','35345345345','Jomari Tenorio','Male','Taguig City','09474554607','jtenoriobscs@tfvc.edu.ph',1,_binary '','$2a$11$mrxEhS8pIUlL1FG92ouOQuJrntQ569sB/QmnVvx0Tuop8Uxs1XURO','2025-01-01 18:40:21'),(692,'345345345345','35345345345','Jomari Tenorio','Male','Taguig City','09474554607','jtenoriobscs@tfvc.edu.ph',1,_binary '','$2a$11$mrxEhS8pIUlL1FG92ouOQuJrntQ569sB/QmnVvx0Tuop8Uxs1XURO','2025-01-01 18:40:21'),(693,'345345345345','35345345345','Jomari Tenorio','Male','Taguig City','09474554607','jtenoriobscs@tfvc.edu.ph',1,_binary '','$2a$11$mrxEhS8pIUlL1FG92ouOQuJrntQ569sB/QmnVvx0Tuop8Uxs1XURO','2025-01-01 18:40:21'),(694,'345345345345','35345345345','Jomari Tenorio','Male','Taguig City','09474554607','jtenoriobscs@tfvc.edu.ph',1,_binary '','$2a$11$mrxEhS8pIUlL1FG92ouOQuJrntQ569sB/QmnVvx0Tuop8Uxs1XURO','2025-01-01 18:40:21'),(695,'345345345345','35345345345','Jomari Tenorio','Male','Taguig City','09474554607','jtenoriobscs@tfvc.edu.ph',1,_binary '','$2a$11$mrxEhS8pIUlL1FG92ouOQuJrntQ569sB/QmnVvx0Tuop8Uxs1XURO','2025-01-01 18:40:21'),(696,'345345345345','35345345345','Jomari Tenorio','Male','Taguig City','09474554607','jtenoriobscs@tfvc.edu.ph',1,_binary '','$2a$11$mrxEhS8pIUlL1FG92ouOQuJrntQ569sB/QmnVvx0Tuop8Uxs1XURO','2025-01-01 18:40:21'),(697,'345345345345','35345345345','Jomari Tenorio','Male','Taguig City','09474554607','jtenoriobscs@tfvc.edu.ph',1,_binary '','$2a$11$mrxEhS8pIUlL1FG92ouOQuJrntQ569sB/QmnVvx0Tuop8Uxs1XURO','2025-01-01 18:40:21'),(698,'345345345345','35345345345','Jomari Tenorio','Male','Taguig City','09474554607','jtenoriobscs@tfvc.edu.ph',1,_binary '','$2a$11$mrxEhS8pIUlL1FG92ouOQuJrntQ569sB/QmnVvx0Tuop8Uxs1XURO','2025-01-01 18:40:21'),(699,'345345345345','35345345345','Jomari Tenorio','Male','Taguig City','09474554607','jtenoriobscs@tfvc.edu.ph',1,_binary '','$2a$11$mrxEhS8pIUlL1FG92ouOQuJrntQ569sB/QmnVvx0Tuop8Uxs1XURO','2025-01-01 18:40:21'),(700,'345345345345','35345345345','Jomari Tenorio','Male','Taguig City','09474554607','jtenoriobscs@tfvc.edu.ph',1,_binary '','$2a$11$mrxEhS8pIUlL1FG92ouOQuJrntQ569sB/QmnVvx0Tuop8Uxs1XURO','2025-01-01 18:40:21'),(701,'345345345345','35345345345','Jomari Tenorio','Male','Taguig City','09474554607','jtenoriobscs@tfvc.edu.ph',1,_binary '','$2a$11$mrxEhS8pIUlL1FG92ouOQuJrntQ569sB/QmnVvx0Tuop8Uxs1XURO','2025-01-01 18:40:21'),(702,'345345345345','35345345345','Jomari Tenorio','Male','Taguig City','09474554607','jtenoriobscs@tfvc.edu.ph',1,_binary '','$2a$11$mrxEhS8pIUlL1FG92ouOQuJrntQ569sB/QmnVvx0Tuop8Uxs1XURO','2025-01-01 18:40:21'),(703,'345345345345','35345345345','Jomari Tenorio','Male','Taguig City','09474554607','jtenoriobscs@tfvc.edu.ph',1,_binary '','$2a$11$mrxEhS8pIUlL1FG92ouOQuJrntQ569sB/QmnVvx0Tuop8Uxs1XURO','2025-01-01 18:40:21'),(704,'345345345345','35345345345','Jomari Tenorio','Male','Taguig City','09474554607','jtenoriobscs@tfvc.edu.ph',1,_binary '','$2a$11$mrxEhS8pIUlL1FG92ouOQuJrntQ569sB/QmnVvx0Tuop8Uxs1XURO','2025-01-01 18:40:21'),(705,'345345345345','35345345345','Jomari Tenorio','Male','Taguig City','09474554607','jtenoriobscs@tfvc.edu.ph',1,_binary '','$2a$11$mrxEhS8pIUlL1FG92ouOQuJrntQ569sB/QmnVvx0Tuop8Uxs1XURO','2025-01-01 18:40:21'),(706,'345345345345','35345345345','Jomari Tenorio','Male','Taguig City','09474554607','jtenoriobscs@tfvc.edu.ph',1,_binary '','$2a$11$mrxEhS8pIUlL1FG92ouOQuJrntQ569sB/QmnVvx0Tuop8Uxs1XURO','2025-01-01 18:40:21'),(707,'345345345345','35345345345','Jomari Tenorio','Male','Taguig City','09474554607','jtenoriobscs@tfvc.edu.ph',1,_binary '','$2a$11$mrxEhS8pIUlL1FG92ouOQuJrntQ569sB/QmnVvx0Tuop8Uxs1XURO','2025-01-01 18:40:21'),(708,'345345345345','35345345345','Jomari Tenorio','Male','Taguig City','09474554607','jtenoriobscs@tfvc.edu.ph',1,_binary '','$2a$11$mrxEhS8pIUlL1FG92ouOQuJrntQ569sB/QmnVvx0Tuop8Uxs1XURO','2025-01-01 18:40:21'),(709,'345345345345','35345345345','Jomari Tenorio','Male','Taguig City','09474554607','jtenoriobscs@tfvc.edu.ph',1,_binary '','$2a$11$mrxEhS8pIUlL1FG92ouOQuJrntQ569sB/QmnVvx0Tuop8Uxs1XURO','2025-01-01 18:40:21'),(710,'345345345345','35345345345','Jomari Tenorio','Male','Taguig City','09474554607','jtenoriobscs@tfvc.edu.ph',1,_binary '','$2a$11$mrxEhS8pIUlL1FG92ouOQuJrntQ569sB/QmnVvx0Tuop8Uxs1XURO','2025-01-01 18:40:21'),(711,'345345345345','35345345345','Jomari Tenorio','Male','Taguig City','09474554607','jtenoriobscs@tfvc.edu.ph',1,_binary '','$2a$11$mrxEhS8pIUlL1FG92ouOQuJrntQ569sB/QmnVvx0Tuop8Uxs1XURO','2025-01-01 18:40:21'),(712,'345345345345','35345345345','Jomari Tenorio','Male','Taguig City','09474554607','jtenoriobscs@tfvc.edu.ph',1,_binary '','$2a$11$mrxEhS8pIUlL1FG92ouOQuJrntQ569sB/QmnVvx0Tuop8Uxs1XURO','2025-01-01 18:40:21'),(713,'345345345345','35345345345','Jomari Tenorio','Male','Taguig City','09474554607','jtenoriobscs@tfvc.edu.ph',1,_binary '','$2a$11$mrxEhS8pIUlL1FG92ouOQuJrntQ569sB/QmnVvx0Tuop8Uxs1XURO','2025-01-01 18:40:21'),(714,'345345345345','35345345345','Jomari Tenorio','Male','Taguig City','09474554607','jtenoriobscs@tfvc.edu.ph',1,_binary '','$2a$11$mrxEhS8pIUlL1FG92ouOQuJrntQ569sB/QmnVvx0Tuop8Uxs1XURO','2025-01-01 18:40:21'),(715,'345345345345','35345345345','Jomari Tenorio','Male','Taguig City','09474554607','jtenoriobscs@tfvc.edu.ph',1,_binary '','$2a$11$mrxEhS8pIUlL1FG92ouOQuJrntQ569sB/QmnVvx0Tuop8Uxs1XURO','2025-01-01 18:40:21'),(716,'345345345345','35345345345','Jomari Tenorio','Male','Taguig City','09474554607','jtenoriobscs@tfvc.edu.ph',1,_binary '','$2a$11$mrxEhS8pIUlL1FG92ouOQuJrntQ569sB/QmnVvx0Tuop8Uxs1XURO','2025-01-01 18:40:21'),(717,'345345345345','35345345345','Jomari Tenorio','Male','Taguig City','09474554607','jtenoriobscs@tfvc.edu.ph',1,_binary '','$2a$11$mrxEhS8pIUlL1FG92ouOQuJrntQ569sB/QmnVvx0Tuop8Uxs1XURO','2025-01-01 18:40:21'),(718,'345345345345','35345345345','Jomari Tenorio','Male','Taguig City','09474554607','jtenoriobscs@tfvc.edu.ph',1,_binary '','$2a$11$mrxEhS8pIUlL1FG92ouOQuJrntQ569sB/QmnVvx0Tuop8Uxs1XURO','2025-01-01 18:40:21'),(719,'345345345345','35345345345','Jomari Tenorio','Male','Taguig City','09474554607','jtenoriobscs@tfvc.edu.ph',1,_binary '','$2a$11$mrxEhS8pIUlL1FG92ouOQuJrntQ569sB/QmnVvx0Tuop8Uxs1XURO','2025-01-01 18:40:21'),(720,'345345345345','35345345345','Jomari Tenorio','Male','Taguig City','09474554607','jtenoriobscs@tfvc.edu.ph',1,_binary '','$2a$11$mrxEhS8pIUlL1FG92ouOQuJrntQ569sB/QmnVvx0Tuop8Uxs1XURO','2025-01-01 18:40:21'),(721,'345345345345','35345345345','Jomari Tenorio','Male','Taguig City','09474554607','jtenoriobscs@tfvc.edu.ph',1,_binary '','$2a$11$mrxEhS8pIUlL1FG92ouOQuJrntQ569sB/QmnVvx0Tuop8Uxs1XURO','2025-01-01 18:40:21'),(722,'345345345345','35345345345','Jomari Tenorio','Male','Taguig City','09474554607','jtenoriobscs@tfvc.edu.ph',1,_binary '','$2a$11$mrxEhS8pIUlL1FG92ouOQuJrntQ569sB/QmnVvx0Tuop8Uxs1XURO','2025-01-01 18:40:21'),(723,'345345345345','35345345345','Jomari Tenorio','Male','Taguig City','09474554607','jtenoriobscs@tfvc.edu.ph',1,_binary '','$2a$11$mrxEhS8pIUlL1FG92ouOQuJrntQ569sB/QmnVvx0Tuop8Uxs1XURO','2025-01-01 18:40:21'),(724,'345345345345','35345345345','Jomari Tenorio','Male','Taguig City','09474554607','jtenoriobscs@tfvc.edu.ph',1,_binary '','$2a$11$mrxEhS8pIUlL1FG92ouOQuJrntQ569sB/QmnVvx0Tuop8Uxs1XURO','2025-01-01 18:40:21'),(725,'345345345345','35345345345','Jomari Tenorio','Male','Taguig City','09474554607','jtenoriobscs@tfvc.edu.ph',1,_binary '','$2a$11$mrxEhS8pIUlL1FG92ouOQuJrntQ569sB/QmnVvx0Tuop8Uxs1XURO','2025-01-01 18:40:21'),(726,'345345345345','35345345345','Jomari Tenorio','Male','Taguig City','09474554607','jtenoriobscs@tfvc.edu.ph',1,_binary '','$2a$11$mrxEhS8pIUlL1FG92ouOQuJrntQ569sB/QmnVvx0Tuop8Uxs1XURO','2025-01-01 18:40:21'),(727,'345345345345','35345345345','Jomari Tenorio','Male','Taguig City','09474554607','jtenoriobscs@tfvc.edu.ph',1,_binary '','$2a$11$mrxEhS8pIUlL1FG92ouOQuJrntQ569sB/QmnVvx0Tuop8Uxs1XURO','2025-01-01 18:40:21'),(728,'345345345345','35345345345','Jomari Tenorio','Male','Taguig City','09474554607','jtenoriobscs@tfvc.edu.ph',1,_binary '','$2a$11$mrxEhS8pIUlL1FG92ouOQuJrntQ569sB/QmnVvx0Tuop8Uxs1XURO','2025-01-01 18:40:21'),(729,'345345345345','35345345345','Jomari Tenorio','Male','Taguig City','09474554607','jtenoriobscs@tfvc.edu.ph',1,_binary '','$2a$11$mrxEhS8pIUlL1FG92ouOQuJrntQ569sB/QmnVvx0Tuop8Uxs1XURO','2025-01-01 18:40:21'),(730,'345345345345','35345345345','Jomari Tenorio','Male','Taguig City','09474554607','jtenoriobscs@tfvc.edu.ph',1,_binary '','$2a$11$mrxEhS8pIUlL1FG92ouOQuJrntQ569sB/QmnVvx0Tuop8Uxs1XURO','2025-01-01 18:40:21'),(731,'345345345345','35345345345','Jomari Tenorio','Male','Taguig City','09474554607','jtenoriobscs@tfvc.edu.ph',1,_binary '','$2a$11$mrxEhS8pIUlL1FG92ouOQuJrntQ569sB/QmnVvx0Tuop8Uxs1XURO','2025-01-01 18:40:21'),(732,'345345345345','35345345345','Jomari Tenorio','Male','Taguig City','09474554607','jtenoriobscs@tfvc.edu.ph',1,_binary '','$2a$11$mrxEhS8pIUlL1FG92ouOQuJrntQ569sB/QmnVvx0Tuop8Uxs1XURO','2025-01-01 18:40:21'),(733,'345345345345','35345345345','Jomari Tenorio','Male','Taguig City','09474554607','jtenoriobscs@tfvc.edu.ph',1,_binary '','$2a$11$mrxEhS8pIUlL1FG92ouOQuJrntQ569sB/QmnVvx0Tuop8Uxs1XURO','2025-01-01 18:40:21'),(734,'345345345345','35345345345','Jomari Tenorio','Male','Taguig City','09474554607','jtenoriobscs@tfvc.edu.ph',1,_binary '','$2a$11$mrxEhS8pIUlL1FG92ouOQuJrntQ569sB/QmnVvx0Tuop8Uxs1XURO','2025-01-01 18:40:21'),(735,'345345345345','35345345345','Jomari Tenorio','Male','Taguig City','09474554607','jtenoriobscs@tfvc.edu.ph',1,_binary '','$2a$11$mrxEhS8pIUlL1FG92ouOQuJrntQ569sB/QmnVvx0Tuop8Uxs1XURO','2025-01-01 18:40:21'),(736,'345345345345','35345345345','Jomari Tenorio','Male','Taguig City','09474554607','jtenoriobscs@tfvc.edu.ph',1,_binary '','$2a$11$mrxEhS8pIUlL1FG92ouOQuJrntQ569sB/QmnVvx0Tuop8Uxs1XURO','2025-01-01 18:40:21'),(737,'345345345345','35345345345','Jomari Tenorio','Male','Taguig City','09474554607','jtenoriobscs@tfvc.edu.ph',1,_binary '','$2a$11$mrxEhS8pIUlL1FG92ouOQuJrntQ569sB/QmnVvx0Tuop8Uxs1XURO','2025-01-01 18:40:21'),(738,'345345345345','35345345345','Jomari Tenorio','Male','Taguig City','09474554607','jtenoriobscs@tfvc.edu.ph',1,_binary '','$2a$11$mrxEhS8pIUlL1FG92ouOQuJrntQ569sB/QmnVvx0Tuop8Uxs1XURO','2025-01-01 18:40:21'),(739,'345345345345','35345345345','Jomari Tenorio','Male','Taguig City','09474554607','jtenoriobscs@tfvc.edu.ph',1,_binary '','$2a$11$mrxEhS8pIUlL1FG92ouOQuJrntQ569sB/QmnVvx0Tuop8Uxs1XURO','2025-01-01 18:40:21'),(740,'345345345345','35345345345','Jomari Tenorio','Male','Taguig City','09474554607','jtenoriobscs@tfvc.edu.ph',1,_binary '','$2a$11$mrxEhS8pIUlL1FG92ouOQuJrntQ569sB/QmnVvx0Tuop8Uxs1XURO','2025-01-01 18:40:21'),(741,'345345345345','35345345345','Jomari Tenorio','Male','Taguig City','09474554607','jtenoriobscs@tfvc.edu.ph',1,_binary '','$2a$11$mrxEhS8pIUlL1FG92ouOQuJrntQ569sB/QmnVvx0Tuop8Uxs1XURO','2025-01-01 18:40:21'),(742,'345345345345','35345345345','Jomari Tenorio','Male','Taguig City','09474554607','jtenoriobscs@tfvc.edu.ph',1,_binary '','$2a$11$mrxEhS8pIUlL1FG92ouOQuJrntQ569sB/QmnVvx0Tuop8Uxs1XURO','2025-01-01 18:40:21'),(743,'345345345345','35345345345','Jomari Tenorio','Male','Taguig City','09474554607','jtenoriobscs@tfvc.edu.ph',1,_binary '','$2a$11$mrxEhS8pIUlL1FG92ouOQuJrntQ569sB/QmnVvx0Tuop8Uxs1XURO','2025-01-01 18:40:21'),(744,'345345345345','35345345345','Jomari Tenorio','Male','Taguig City','09474554607','jtenoriobscs@tfvc.edu.ph',1,_binary '','$2a$11$mrxEhS8pIUlL1FG92ouOQuJrntQ569sB/QmnVvx0Tuop8Uxs1XURO','2025-01-01 18:40:21'),(745,'345345345345','35345345345','Jomari Tenorio','Male','Taguig City','09474554607','jtenoriobscs@tfvc.edu.ph',1,_binary '','$2a$11$mrxEhS8pIUlL1FG92ouOQuJrntQ569sB/QmnVvx0Tuop8Uxs1XURO','2025-01-01 18:40:21'),(746,'345345345345','35345345345','Jomari Tenorio','Male','Taguig City','09474554607','jtenoriobscs@tfvc.edu.ph',1,_binary '','$2a$11$mrxEhS8pIUlL1FG92ouOQuJrntQ569sB/QmnVvx0Tuop8Uxs1XURO','2025-01-01 18:40:21'),(747,'345345345345','35345345345','Jomari Tenorio','Male','Taguig City','09474554607','jtenoriobscs@tfvc.edu.ph',1,_binary '','$2a$11$mrxEhS8pIUlL1FG92ouOQuJrntQ569sB/QmnVvx0Tuop8Uxs1XURO','2025-01-01 18:40:21'),(748,'345345345345','35345345345','Jomari Tenorio','Male','Taguig City','09474554607','jtenoriobscs@tfvc.edu.ph',1,_binary '','$2a$11$mrxEhS8pIUlL1FG92ouOQuJrntQ569sB/QmnVvx0Tuop8Uxs1XURO','2025-01-01 18:40:21'),(749,'345345345345','35345345345','Jomari Tenorio','Male','Taguig City','09474554607','jtenoriobscs@tfvc.edu.ph',1,_binary '','$2a$11$mrxEhS8pIUlL1FG92ouOQuJrntQ569sB/QmnVvx0Tuop8Uxs1XURO','2025-01-01 18:40:21'),(750,'345345345345','35345345345','Jomari Tenorio','Male','Taguig City','09474554607','jtenoriobscs@tfvc.edu.ph',1,_binary '','$2a$11$mrxEhS8pIUlL1FG92ouOQuJrntQ569sB/QmnVvx0Tuop8Uxs1XURO','2025-01-01 18:40:21'),(751,'345345345345','35345345345','Jomari Tenorio','Male','Taguig City','09474554607','jtenoriobscs@tfvc.edu.ph',1,_binary '','$2a$11$mrxEhS8pIUlL1FG92ouOQuJrntQ569sB/QmnVvx0Tuop8Uxs1XURO','2025-01-01 18:40:21'),(752,'345345345345','35345345345','Jomari Tenorio','Male','Taguig City','09474554607','jtenoriobscs@tfvc.edu.ph',1,_binary '','$2a$11$mrxEhS8pIUlL1FG92ouOQuJrntQ569sB/QmnVvx0Tuop8Uxs1XURO','2025-01-01 18:40:21'),(753,'345345345345','35345345345','Jomari Tenorio','Male','Taguig City','09474554607','jtenoriobscs@tfvc.edu.ph',1,_binary '','$2a$11$mrxEhS8pIUlL1FG92ouOQuJrntQ569sB/QmnVvx0Tuop8Uxs1XURO','2025-01-01 18:40:21'),(754,'345345345345','35345345345','Jomari Tenorio','Male','Taguig City','09474554607','jtenoriobscs@tfvc.edu.ph',1,_binary '','$2a$11$mrxEhS8pIUlL1FG92ouOQuJrntQ569sB/QmnVvx0Tuop8Uxs1XURO','2025-01-01 18:40:21'),(755,'345345345345','35345345345','Jomari Tenorio','Male','Taguig City','09474554607','jtenoriobscs@tfvc.edu.ph',1,_binary '','$2a$11$mrxEhS8pIUlL1FG92ouOQuJrntQ569sB/QmnVvx0Tuop8Uxs1XURO','2025-01-01 18:40:21'),(756,'345345345345','35345345345','Jomari Tenorio','Male','Taguig City','09474554607','jtenoriobscs@tfvc.edu.ph',1,_binary '','$2a$11$mrxEhS8pIUlL1FG92ouOQuJrntQ569sB/QmnVvx0Tuop8Uxs1XURO','2025-01-01 18:40:21'),(757,'345345345345','35345345345','Jomari Tenorio','Male','Taguig City','09474554607','jtenoriobscs@tfvc.edu.ph',1,_binary '','$2a$11$mrxEhS8pIUlL1FG92ouOQuJrntQ569sB/QmnVvx0Tuop8Uxs1XURO','2025-01-01 18:40:21'),(758,'345345345345','35345345345','Jomari Tenorio','Male','Taguig City','09474554607','jtenoriobscs@tfvc.edu.ph',1,_binary '','$2a$11$mrxEhS8pIUlL1FG92ouOQuJrntQ569sB/QmnVvx0Tuop8Uxs1XURO','2025-01-01 18:40:21'),(759,'345345345345','35345345345','Jomari Tenorio','Male','Taguig City','09474554607','jtenoriobscs@tfvc.edu.ph',1,_binary '','$2a$11$mrxEhS8pIUlL1FG92ouOQuJrntQ569sB/QmnVvx0Tuop8Uxs1XURO','2025-01-01 18:40:21'),(760,'345345345345','35345345345','Jomari Tenorio','Male','Taguig City','09474554607','jtenoriobscs@tfvc.edu.ph',1,_binary '','$2a$11$mrxEhS8pIUlL1FG92ouOQuJrntQ569sB/QmnVvx0Tuop8Uxs1XURO','2025-01-01 18:40:21');
/*!40000 ALTER TABLE `tblstudents` ENABLE KEYS */;
UNLOCK TABLES;

--
-- Table structure for table `tblsuppliers`
--

DROP TABLE IF EXISTS `tblsuppliers`;
/*!40101 SET @saved_cs_client     = @@character_set_client */;
/*!50503 SET character_set_client = utf8mb4 */;
CREATE TABLE `tblsuppliers` (
  `id` int NOT NULL AUTO_INCREMENT,
  `name` varchar(50) NOT NULL,
  `address` varchar(80) NOT NULL,
  PRIMARY KEY (`id`)
) ENGINE=InnoDB AUTO_INCREMENT=44 DEFAULT CHARSET=utf8mb4 COLLATE=utf8mb4_0900_ai_ci;
/*!40101 SET character_set_client = @saved_cs_client */;

--
-- Dumping data for table `tblsuppliers`
--

LOCK TABLES `tblsuppliers` WRITE;
/*!40000 ALTER TABLE `tblsuppliers` DISABLE KEYS */;
INSERT INTO `tblsuppliers` VALUES (1,'bba','bbba'),(2,'RAWR','RAWR'),(3,'bbad','bbbad'),(4,'RAWR','RAWR'),(6,'bb','bbb'),(7,'RAWR','RAWR'),(8,'bb','bbb'),(9,'RAWR','RAWR'),(13,'bb','bbb'),(14,'RAWR','RAWR'),(15,'bb','bbb'),(16,'RAWR','RAWR'),(17,'bb','bbb'),(18,'RAWR','RAWR'),(19,'bb','bbb'),(20,'RAWR','RAWR'),(28,'bb','bbb'),(29,'RAWR','RAWR'),(30,'bb','bbb'),(31,'RAWR','RAWR'),(32,'bb','bbb'),(33,'RAWR','RAWR'),(34,'bb','bbb'),(35,'RAWR','RAWR'),(36,'bb','bbb'),(37,'RAWR','RAWR'),(38,'bb','bbb'),(39,'RAWR','RAWR'),(40,'bb','bbb'),(41,'RAWR','RAWR'),(42,'bb','bbb'),(43,'RAWR','RAWR');
/*!40000 ALTER TABLE `tblsuppliers` ENABLE KEYS */;
UNLOCK TABLES;

--
-- Table structure for table `tblyearlevels`
--

DROP TABLE IF EXISTS `tblyearlevels`;
/*!40101 SET @saved_cs_client     = @@character_set_client */;
/*!50503 SET character_set_client = utf8mb4 */;
CREATE TABLE `tblyearlevels` (
  `id` int NOT NULL AUTO_INCREMENT,
  `year_level` varchar(20) NOT NULL,
  `department_id` int NOT NULL,
  PRIMARY KEY (`id`),
  KEY `fk_departmentyearlevel_idx` (`department_id`),
  CONSTRAINT `fk_departmentyearlevel` FOREIGN KEY (`department_id`) REFERENCES `tbldepartments` (`id`)
) ENGINE=InnoDB AUTO_INCREMENT=7 DEFAULT CHARSET=utf8mb4 COLLATE=utf8mb4_0900_ai_ci;
/*!40101 SET character_set_client = @saved_cs_client */;

--
-- Dumping data for table `tblyearlevels`
--

LOCK TABLES `tblyearlevels` WRITE;
/*!40000 ALTER TABLE `tblyearlevels` DISABLE KEYS */;
INSERT INTO `tblyearlevels` VALUES (1,'1',1),(2,'2',1),(3,'1st Year',1),(4,'Grade 7',1),(5,'12',1),(6,'rawr',3);
/*!40000 ALTER TABLE `tblyearlevels` ENABLE KEYS */;
UNLOCK TABLES;
/*!40103 SET TIME_ZONE=@OLD_TIME_ZONE */;

/*!40101 SET SQL_MODE=@OLD_SQL_MODE */;
/*!40014 SET FOREIGN_KEY_CHECKS=@OLD_FOREIGN_KEY_CHECKS */;
/*!40014 SET UNIQUE_CHECKS=@OLD_UNIQUE_CHECKS */;
/*!40101 SET CHARACTER_SET_CLIENT=@OLD_CHARACTER_SET_CLIENT */;
/*!40101 SET CHARACTER_SET_RESULTS=@OLD_CHARACTER_SET_RESULTS */;
/*!40101 SET COLLATION_CONNECTION=@OLD_COLLATION_CONNECTION */;
/*!40111 SET SQL_NOTES=@OLD_SQL_NOTES */;

-- Dump completed on 2025-01-01 19:08:27
