CREATE DATABASE  IF NOT EXISTS `lmsdb` /*!40100 DEFAULT CHARACTER SET utf8mb4 COLLATE utf8mb4_0900_ai_ci */ /*!80016 DEFAULT ENCRYPTION='N' */;
USE `lmsdb`;
-- MySQL dump 10.13  Distrib 8.0.40, for Win64 (x86_64)
--
-- Host: localhost    Database: lmsdb
-- ------------------------------------------------------
-- Server version	8.0.40

/*!40101 SET @OLD_CHARACTER_SET_CLIENT=@@CHARACTER_SET_CLIENT */;
/*!40101 SET @OLD_CHARACTER_SET_RESULTS=@@CHARACTER_SET_RESULTS */;
/*!40101 SET @OLD_COLLATION_CONNECTION=@@COLLATION_CONNECTION */;
/*!50503 SET NAMES utf8 */;
/*!40103 SET @OLD_TIME_ZONE=@@TIME_ZONE */;
/*!40103 SET TIME_ZONE='+00:00' */;
/*!40014 SET @OLD_UNIQUE_CHECKS=@@UNIQUE_CHECKS, UNIQUE_CHECKS=0 */;
/*!40014 SET @OLD_FOREIGN_KEY_CHECKS=@@FOREIGN_KEY_CHECKS, FOREIGN_KEY_CHECKS=0 */;
/*!40101 SET @OLD_SQL_MODE=@@SQL_MODE, SQL_MODE='NO_AUTO_VALUE_ON_ZERO' */;
/*!40111 SET @OLD_SQL_NOTES=@@SQL_NOTES, SQL_NOTES=0 */;

--
-- Table structure for table `tbladmins`
--

DROP TABLE IF EXISTS `tbladmins`;
/*!40101 SET @saved_cs_client     = @@character_set_client */;
/*!50503 SET character_set_client = utf8mb4 */;
CREATE TABLE `tbladmins` (
  `id` int NOT NULL AUTO_INCREMENT,
  `student_id` int DEFAULT NULL,
  `faculty_id` int DEFAULT NULL,
  `role` bit(1) NOT NULL DEFAULT b'1',
  `date_created` datetime DEFAULT CURRENT_TIMESTAMP,
  PRIMARY KEY (`id`),
  KEY `fk_student_id_idx` (`student_id`),
  KEY `fk_faculty_id_idx` (`faculty_id`),
  CONSTRAINT `fk_afaculty_id` FOREIGN KEY (`faculty_id`) REFERENCES `tblfaculties` (`id`) ON DELETE CASCADE,
  CONSTRAINT `fk_astudent_id` FOREIGN KEY (`student_id`) REFERENCES `tblstudents` (`id`) ON DELETE CASCADE
) ENGINE=InnoDB AUTO_INCREMENT=11 DEFAULT CHARSET=utf8mb4 COLLATE=utf8mb4_0900_ai_ci;
/*!40101 SET character_set_client = @saved_cs_client */;

--
-- Dumping data for table `tbladmins`
--

LOCK TABLES `tbladmins` WRITE;
/*!40000 ALTER TABLE `tbladmins` DISABLE KEYS */;
INSERT INTO `tbladmins` VALUES (5,NULL,2042,_binary '\0','2025-01-04 19:04:17'),(6,761,NULL,_binary '','2025-01-11 14:08:56'),(9,762,NULL,_binary '','2025-01-11 17:36:33'),(10,NULL,2045,_binary '','2025-01-11 17:57:07');
/*!40000 ALTER TABLE `tbladmins` ENABLE KEYS */;
UNLOCK TABLES;

--
-- Table structure for table `tblappsettings`
--

DROP TABLE IF EXISTS `tblappsettings`;
/*!40101 SET @saved_cs_client     = @@character_set_client */;
/*!50503 SET character_set_client = utf8mb4 */;
CREATE TABLE `tblappsettings` (
  `id` int NOT NULL AUTO_INCREMENT,
  `enable_notification` int NOT NULL DEFAULT '1',
  `gpenalty` int NOT NULL,
  `spenalty` float NOT NULL,
  `fpenalty` float NOT NULL,
  `sdays` int NOT NULL,
  `fdays` int NOT NULL,
  `e_pass` varchar(80) NOT NULL,
  `s_count` int NOT NULL,
  `f_count` int NOT NULL,
  `return_message` varchar(300) NOT NULL,
  `overdue_message` varchar(300) NOT NULL,
  `borrow_message` varchar(300) NOT NULL,
  `app_email` varchar(100) NOT NULL,
  `boverdue_message` varchar(300) NOT NULL,
  PRIMARY KEY (`id`)
) ENGINE=InnoDB AUTO_INCREMENT=2 DEFAULT CHARSET=utf8mb4 COLLATE=utf8mb4_0900_ai_ci;
/*!40101 SET character_set_client = @saved_cs_client */;

--
-- Dumping data for table `tblappsettings`
--

LOCK TABLES `tblappsettings` WRITE;
/*!40000 ALTER TABLE `tblappsettings` DISABLE KEYS */;
INSERT INTO `tblappsettings` VALUES (1,1,1,12,11,5,5,'mypass',5,5,'Dear @borrower,\r\n\r\nThis is to confirm the return of the following books on @return_date:\r\n@borrowed_books\r\n\r\nThank you for returning them on time. We look forward to serving you again.\r\n\r\nBest regards,\r\nLibrarian: @librarian','Dear @borrower,\r\n\r\nThe following books borrowed on @borrow_date are overdue since @overdue_date:\r\n@borrowed_books\r\n\r\nKindly return them promptly.\r\n\r\nThank you,\r\nLibrarian: @librarian','Dear @borrower,\r\n\r\nYou borrowed the following books on @borrow_date, due by @overdue_date:\r\n@borrowed_books\r\n\r\nPlease return them on time.\r\n\r\nThank you,\r\nLibrarian: @librarian','jtenoriobscs@tfvc.edu.ph','Dear @borrower,\r\n\r\nThis is a friendly reminder that the following books borrowed on @borrow_date are due soon:\r\n@borrowed_books\r\n\r\nDue Date: @overdue_date\r\n\r\nPlease return them by the due date to avoid overdue fines.\r\n\r\nThank you,\r\nLibrarian: @librarian');
/*!40000 ALTER TABLE `tblappsettings` ENABLE KEYS */;
UNLOCK TABLES;

--
-- Table structure for table `tblauthors`
--

DROP TABLE IF EXISTS `tblauthors`;
/*!40101 SET @saved_cs_client     = @@character_set_client */;
/*!50503 SET character_set_client = utf8mb4 */;
CREATE TABLE `tblauthors` (
  `id` int NOT NULL AUTO_INCREMENT,
  `first_name` varchar(50) NOT NULL,
  `last_name` varchar(50) NOT NULL,
  `gender` varchar(6) NOT NULL,
  `date_added` datetime DEFAULT CURRENT_TIMESTAMP,
  PRIMARY KEY (`id`)
) ENGINE=InnoDB AUTO_INCREMENT=19 DEFAULT CHARSET=utf8mb4 COLLATE=utf8mb4_0900_ai_ci;
/*!40101 SET character_set_client = @saved_cs_client */;

--
-- Dumping data for table `tblauthors`
--

LOCK TABLES `tblauthors` WRITE;
/*!40000 ALTER TABLE `tblauthors` DISABLE KEYS */;
INSERT INTO `tblauthors` VALUES (4,'J.K','Rowling','Male','2024-12-03 14:01:27'),(5,'awdaw','awdaw','Male','2024-12-03 14:01:32'),(6,'dawdaw','awdaw','Male','2024-12-03 14:01:37'),(7,'dawd','wdawdaw','Male','2024-12-03 14:01:42'),(12,'Albert','Einstein','Male','2024-12-13 17:30:48'),(13,'John','Doe','Male','2025-01-05 17:18:17'),(14,'Ohns','Soe','Male','2025-01-05 17:18:56'),(15,'Jane','Austen','Female','2025-01-06 18:59:14'),(16,'Author','Name','Male','2025-01-26 16:43:04'),(18,'Percy','Jackson','Male','2025-02-06 21:28:03');
/*!40000 ALTER TABLE `tblauthors` ENABLE KEYS */;
UNLOCK TABLES;

--
-- Table structure for table `tblbookcopies`
--

DROP TABLE IF EXISTS `tblbookcopies`;
/*!40101 SET @saved_cs_client     = @@character_set_client */;
/*!50503 SET character_set_client = utf8mb4 */;
CREATE TABLE `tblbookcopies` (
  `id` int NOT NULL AUTO_INCREMENT,
  `book_id` int NOT NULL,
  `accession_no` varchar(10) NOT NULL,
  `donator_id` int DEFAULT NULL,
  `supplier_id` int DEFAULT NULL,
  `price` float NOT NULL DEFAULT '0',
  `condition` tinyint NOT NULL DEFAULT '0',
  `status` tinyint NOT NULL DEFAULT '1',
  `date_added` datetime NOT NULL DEFAULT CURRENT_TIMESTAMP,
  PRIMARY KEY (`id`),
  KEY `fk_donator_idx` (`donator_id`),
  KEY `fk_supplier_idx` (`supplier_id`),
  KEY `fk_book_idx` (`book_id`),
  CONSTRAINT `fk_book` FOREIGN KEY (`book_id`) REFERENCES `tblbooks` (`id`) ON DELETE CASCADE,
  CONSTRAINT `fk_donator` FOREIGN KEY (`donator_id`) REFERENCES `tbldonators` (`id`),
  CONSTRAINT `fk_supplier` FOREIGN KEY (`supplier_id`) REFERENCES `tblsuppliers` (`id`)
) ENGINE=InnoDB AUTO_INCREMENT=1480 DEFAULT CHARSET=utf8mb4 COLLATE=utf8mb4_0900_ai_ci;
/*!40101 SET character_set_client = @saved_cs_client */;

--
-- Dumping data for table `tblbookcopies`
--

LOCK TABLES `tblbookcopies` WRITE;
/*!40000 ALTER TABLE `tblbookcopies` DISABLE KEYS */;
INSERT INTO `tblbookcopies` VALUES (775,542,'0000000001',NULL,NULL,396,0,1,'2025-01-11 18:07:42'),(776,542,'0000000002',NULL,NULL,396,0,1,'2025-01-11 18:07:42'),(777,542,'0000000003',NULL,NULL,396,2,3,'2025-01-11 18:07:42'),(778,542,'0000000004',NULL,NULL,396,0,1,'2025-01-11 18:07:42'),(779,542,'0000000005',NULL,NULL,396,0,1,'2025-01-11 18:07:42'),(780,542,'0000000006',NULL,NULL,600,0,1,'2025-01-11 18:15:50'),(781,542,'0000000007',NULL,NULL,600,0,1,'2025-01-11 18:15:50'),(782,542,'0000000008',NULL,NULL,600,0,1,'2025-01-11 18:15:50'),(783,542,'0000000009',NULL,NULL,600,0,1,'2025-01-11 18:15:50'),(784,542,'0000000010',NULL,NULL,600,0,1,'2025-01-11 18:15:50'),(785,542,'0000000011',NULL,NULL,600,0,1,'2025-01-11 18:15:50'),(786,542,'0000000012',NULL,NULL,600,0,1,'2025-01-11 18:15:50'),(787,542,'0000000013',NULL,NULL,600,0,1,'2025-01-11 18:15:50'),(788,542,'0000000014',NULL,NULL,600,0,1,'2025-01-11 18:15:50'),(789,542,'0000000015',NULL,NULL,600,0,1,'2025-01-11 18:15:50'),(790,542,'0000000016',NULL,NULL,0,0,1,'2025-01-11 19:49:23'),(791,542,'0000000017',NULL,NULL,0,0,1,'2025-01-11 19:49:23'),(792,542,'0000000018',NULL,NULL,0,0,1,'2025-01-11 19:49:23'),(793,542,'0000000019',NULL,NULL,0,0,1,'2025-01-11 19:49:23'),(794,542,'0000000020',NULL,NULL,0,0,1,'2025-01-11 19:49:23'),(795,542,'0000000021',NULL,NULL,0,0,1,'2025-01-11 19:49:23'),(796,542,'0000000022',NULL,NULL,0,0,1,'2025-01-11 19:49:23'),(797,542,'0000000023',NULL,NULL,0,0,1,'2025-01-11 19:49:23'),(798,542,'0000000024',NULL,NULL,0,0,1,'2025-01-11 19:49:23'),(799,542,'0000000025',NULL,NULL,0,0,1,'2025-01-11 19:49:23'),(800,544,'0000000026',NULL,NULL,0,0,1,'2025-01-11 21:05:06'),(801,544,'0000000027',NULL,NULL,0,0,1,'2025-01-11 21:05:06'),(802,544,'0000000028',NULL,NULL,0,0,1,'2025-01-11 21:05:06'),(803,544,'0000000029',NULL,NULL,0,2,3,'2025-01-11 21:05:06'),(804,544,'0000000030',NULL,NULL,0,2,3,'2025-01-11 21:05:06'),(805,544,'0000000031',NULL,NULL,0,0,1,'2025-01-11 21:05:06'),(806,544,'0000000032',NULL,NULL,0,0,1,'2025-01-11 21:05:06'),(807,544,'0000000033',NULL,NULL,0,0,1,'2025-01-11 21:05:06'),(808,544,'0000000034',NULL,NULL,0,0,1,'2025-01-11 21:05:06'),(809,544,'0000000035',NULL,NULL,0,0,1,'2025-01-11 21:05:06'),(810,544,'0000000036',NULL,NULL,0,0,1,'2025-01-11 21:05:06'),(811,544,'0000000037',NULL,NULL,0,0,1,'2025-01-11 21:05:06'),(812,544,'0000000038',NULL,NULL,0,0,1,'2025-01-11 21:05:06'),(813,544,'0000000039',NULL,NULL,0,0,1,'2025-01-11 21:05:06'),(814,544,'0000000040',NULL,NULL,0,0,1,'2025-01-11 21:05:06'),(815,544,'0000000041',NULL,NULL,0,0,1,'2025-01-11 21:05:06'),(816,544,'0000000042',NULL,NULL,0,0,1,'2025-01-11 21:05:06'),(817,544,'0000000043',NULL,NULL,0,0,1,'2025-01-11 21:05:06'),(818,544,'0000000044',NULL,NULL,0,0,1,'2025-01-11 21:05:06'),(819,544,'0000000045',NULL,NULL,0,0,1,'2025-01-11 21:05:06'),(820,544,'0000000046',NULL,NULL,0,0,1,'2025-01-11 21:05:06'),(821,544,'0000000047',NULL,NULL,0,0,1,'2025-01-11 21:05:06'),(822,544,'0000000048',NULL,NULL,0,0,1,'2025-01-11 21:05:06'),(823,544,'0000000049',NULL,NULL,0,0,1,'2025-01-11 21:05:06'),(824,544,'0000000050',NULL,NULL,0,0,1,'2025-01-11 21:05:06'),(825,544,'0000000051',NULL,NULL,0,0,1,'2025-01-11 21:05:06'),(826,544,'0000000052',NULL,NULL,0,0,1,'2025-01-11 21:05:06'),(827,544,'0000000053',NULL,NULL,0,0,1,'2025-01-11 21:05:06'),(828,544,'0000000054',NULL,NULL,0,0,1,'2025-01-11 21:05:06'),(829,544,'0000000055',NULL,NULL,0,0,1,'2025-01-11 21:05:06'),(830,544,'0000000056',NULL,NULL,0,0,1,'2025-01-11 21:05:06'),(831,544,'0000000057',NULL,NULL,0,0,1,'2025-01-11 21:05:06'),(832,544,'0000000058',NULL,NULL,0,0,1,'2025-01-11 21:05:06'),(833,544,'0000000059',NULL,NULL,0,0,1,'2025-01-11 21:05:06'),(834,544,'0000000060',NULL,NULL,0,0,1,'2025-01-11 21:05:06'),(835,544,'0000000061',NULL,NULL,0,0,1,'2025-01-11 21:05:06'),(836,544,'0000000062',NULL,NULL,0,0,1,'2025-01-11 21:05:06'),(837,544,'0000000063',NULL,NULL,0,0,1,'2025-01-11 21:05:06'),(838,544,'0000000064',NULL,NULL,0,0,1,'2025-01-11 21:05:06'),(839,544,'0000000065',NULL,NULL,0,0,1,'2025-01-11 21:05:06'),(840,544,'0000000066',NULL,NULL,0,0,1,'2025-01-11 21:05:06'),(841,544,'0000000067',NULL,NULL,0,0,1,'2025-01-11 21:05:06'),(842,544,'0000000068',NULL,NULL,0,0,1,'2025-01-11 21:05:06'),(843,544,'0000000069',NULL,NULL,0,0,1,'2025-01-11 21:05:06'),(844,544,'0000000070',NULL,NULL,0,0,1,'2025-01-11 21:05:06'),(845,544,'0000000071',NULL,NULL,0,0,1,'2025-01-11 21:05:06'),(846,544,'0000000072',NULL,NULL,0,0,1,'2025-01-11 21:05:06'),(847,544,'0000000073',NULL,NULL,0,0,1,'2025-01-11 21:05:06'),(848,544,'0000000074',NULL,NULL,0,0,1,'2025-01-11 21:05:06'),(849,544,'0000000075',NULL,NULL,0,0,1,'2025-01-11 21:05:06'),(850,541,'0000000076',NULL,NULL,500,0,1,'2025-01-16 17:15:42'),(851,541,'0000000077',NULL,NULL,500,0,1,'2025-01-16 17:15:42'),(852,541,'0000000078',NULL,NULL,500,0,1,'2025-01-16 17:15:42'),(853,541,'0000000079',NULL,NULL,500,0,1,'2025-01-16 17:15:42'),(854,541,'0000000080',NULL,NULL,500,0,1,'2025-01-16 17:15:42'),(855,541,'0000000081',NULL,NULL,500,0,1,'2025-01-16 17:15:42'),(856,541,'0000000082',NULL,NULL,500,0,1,'2025-01-16 17:15:42'),(857,541,'0000000083',NULL,NULL,500,0,1,'2025-01-16 17:15:42'),(858,541,'0000000084',NULL,NULL,500,0,1,'2025-01-16 17:15:42'),(859,541,'0000000085',NULL,NULL,500,0,1,'2025-01-16 17:15:42'),(860,541,'0000000086',NULL,NULL,500,0,1,'2025-01-16 17:15:42'),(861,541,'0000000087',NULL,NULL,500,0,1,'2025-01-16 17:15:42'),(862,541,'0000000088',NULL,NULL,500,0,1,'2025-01-16 17:15:42'),(863,541,'0000000089',NULL,NULL,500,0,1,'2025-01-16 17:15:42'),(864,541,'0000000090',NULL,NULL,500,0,1,'2025-01-16 17:15:42'),(865,541,'0000000091',NULL,NULL,500,0,1,'2025-01-16 17:15:42'),(866,541,'0000000092',NULL,NULL,500,0,1,'2025-01-16 17:15:42'),(867,541,'0000000093',NULL,NULL,500,0,1,'2025-01-16 17:15:42'),(868,541,'0000000094',NULL,NULL,500,0,1,'2025-01-16 17:15:42'),(869,541,'0000000095',NULL,NULL,500,0,1,'2025-01-16 17:15:42'),(870,539,'0000000096',NULL,NULL,500,0,1,'2025-01-16 17:16:22'),(871,539,'0000000097',NULL,NULL,500,0,1,'2025-01-16 17:16:22'),(872,539,'0000000098',NULL,NULL,500,0,1,'2025-01-16 17:16:22'),(873,539,'0000000099',NULL,NULL,500,0,1,'2025-01-16 17:16:22'),(874,539,'0000000100',NULL,NULL,500,0,1,'2025-01-16 17:16:22'),(875,539,'0000000101',NULL,NULL,500,0,1,'2025-01-16 17:16:22'),(876,539,'0000000102',NULL,NULL,500,0,1,'2025-01-16 17:16:22'),(877,539,'0000000103',NULL,NULL,500,0,1,'2025-01-16 17:16:22'),(878,539,'0000000104',NULL,NULL,500,0,1,'2025-01-16 17:16:22'),(879,539,'0000000105',NULL,NULL,500,0,1,'2025-01-16 17:16:22'),(880,539,'0000000106',NULL,NULL,500,0,1,'2025-01-16 17:16:22'),(881,539,'0000000107',NULL,NULL,500,0,1,'2025-01-16 17:16:22'),(882,539,'0000000108',NULL,NULL,500,0,1,'2025-01-16 17:16:22'),(883,539,'0000000109',NULL,NULL,500,0,1,'2025-01-16 17:16:22'),(884,539,'0000000110',NULL,NULL,500,0,1,'2025-01-16 17:16:22'),(885,539,'0000000111',NULL,NULL,500,0,1,'2025-01-16 17:16:22'),(886,539,'0000000112',NULL,NULL,500,0,1,'2025-01-16 17:16:22'),(887,539,'0000000113',NULL,NULL,500,0,1,'2025-01-16 17:16:22'),(888,539,'0000000114',NULL,NULL,500,0,1,'2025-01-16 17:16:22'),(889,539,'0000000115',NULL,NULL,500,0,1,'2025-01-16 17:16:22'),(890,539,'0000000116',NULL,NULL,500,0,1,'2025-01-16 17:16:22'),(891,539,'0000000117',NULL,NULL,500,0,1,'2025-01-16 17:16:22'),(892,539,'0000000118',NULL,NULL,500,0,1,'2025-01-16 17:16:22'),(893,539,'0000000119',NULL,NULL,500,0,1,'2025-01-16 17:16:22'),(894,539,'0000000120',NULL,NULL,500,0,1,'2025-01-16 17:16:22'),(895,539,'0000000121',NULL,NULL,500,0,1,'2025-01-16 17:16:22'),(896,539,'0000000122',NULL,NULL,500,0,1,'2025-01-16 17:16:22'),(897,539,'0000000123',NULL,NULL,500,0,1,'2025-01-16 17:16:22'),(898,539,'0000000124',NULL,NULL,500,0,1,'2025-01-16 17:16:22'),(899,539,'0000000125',NULL,NULL,500,0,1,'2025-01-16 17:16:22'),(900,539,'0000000126',NULL,NULL,500,0,1,'2025-01-16 17:16:22'),(901,539,'0000000127',NULL,NULL,500,0,1,'2025-01-16 17:16:22'),(902,539,'0000000128',NULL,NULL,500,0,1,'2025-01-16 17:16:22'),(903,539,'0000000129',NULL,NULL,500,0,1,'2025-01-16 17:16:22'),(904,539,'0000000130',NULL,NULL,500,0,1,'2025-01-16 17:16:22'),(905,539,'0000000131',NULL,NULL,500,0,1,'2025-01-16 17:16:22'),(906,539,'0000000132',NULL,NULL,500,0,1,'2025-01-16 17:16:22'),(907,539,'0000000133',NULL,NULL,500,0,1,'2025-01-16 17:16:22'),(908,539,'0000000134',NULL,NULL,500,0,1,'2025-01-16 17:16:22'),(909,539,'0000000135',NULL,NULL,500,0,1,'2025-01-16 17:16:22'),(910,539,'0000000136',NULL,NULL,500,0,1,'2025-01-16 17:16:22'),(911,539,'0000000137',NULL,NULL,500,0,1,'2025-01-16 17:16:22'),(912,539,'0000000138',NULL,NULL,500,0,1,'2025-01-16 17:16:22'),(913,539,'0000000139',NULL,NULL,500,0,1,'2025-01-16 17:16:22'),(914,539,'0000000140',NULL,NULL,500,0,1,'2025-01-16 17:16:22'),(915,539,'0000000141',NULL,NULL,500,0,1,'2025-01-16 17:16:22'),(916,539,'0000000142',NULL,NULL,500,0,1,'2025-01-16 17:16:22'),(917,539,'0000000143',NULL,NULL,500,0,1,'2025-01-16 17:16:22'),(918,539,'0000000144',NULL,NULL,500,0,1,'2025-01-16 17:16:22'),(919,539,'0000000145',NULL,NULL,500,0,1,'2025-01-16 17:16:22'),(920,543,'0000000146',NULL,NULL,500,0,1,'2025-01-16 17:16:47'),(921,543,'0000000147',NULL,NULL,500,0,1,'2025-01-16 17:16:47'),(922,543,'0000000148',NULL,NULL,500,0,1,'2025-01-16 17:16:47'),(923,543,'0000000149',NULL,NULL,500,0,1,'2025-01-16 17:16:47'),(924,543,'0000000150',NULL,NULL,500,0,1,'2025-01-16 17:16:47'),(925,543,'0000000151',NULL,NULL,500,0,1,'2025-01-16 17:16:47'),(926,543,'0000000152',NULL,NULL,500,0,1,'2025-01-16 17:16:47'),(927,543,'0000000153',NULL,NULL,500,0,1,'2025-01-16 17:16:47'),(928,543,'0000000154',NULL,NULL,500,0,1,'2025-01-16 17:16:47'),(929,543,'0000000155',NULL,NULL,500,0,1,'2025-01-16 17:16:47'),(930,543,'0000000156',NULL,NULL,500,0,1,'2025-01-16 17:16:47'),(931,543,'0000000157',NULL,NULL,500,0,1,'2025-01-16 17:16:47'),(932,543,'0000000158',NULL,NULL,500,0,1,'2025-01-16 17:16:47'),(933,543,'0000000159',NULL,NULL,500,0,1,'2025-01-16 17:16:47'),(934,543,'0000000160',NULL,NULL,500,0,1,'2025-01-16 17:16:47'),(935,543,'0000000161',NULL,NULL,500,0,1,'2025-01-16 17:16:47'),(936,543,'0000000162',NULL,NULL,500,0,1,'2025-01-16 17:16:47'),(937,543,'0000000163',NULL,NULL,500,0,1,'2025-01-16 17:16:47'),(938,543,'0000000164',NULL,NULL,500,0,1,'2025-01-16 17:16:47'),(939,543,'0000000165',NULL,NULL,500,0,1,'2025-01-16 17:16:47'),(940,543,'0000000166',NULL,NULL,500,0,1,'2025-01-16 17:16:47'),(941,543,'0000000167',NULL,NULL,500,0,1,'2025-01-16 17:16:47'),(942,543,'0000000168',NULL,NULL,500,0,1,'2025-01-16 17:16:47'),(943,543,'0000000169',NULL,NULL,500,0,1,'2025-01-16 17:16:47'),(944,543,'0000000170',NULL,NULL,500,0,1,'2025-01-16 17:16:47'),(945,543,'0000000171',NULL,NULL,500,0,1,'2025-01-16 17:16:47'),(946,543,'0000000172',NULL,NULL,500,0,1,'2025-01-16 17:16:47'),(947,543,'0000000173',NULL,NULL,500,0,1,'2025-01-16 17:16:47'),(948,543,'0000000174',NULL,NULL,500,0,1,'2025-01-16 17:16:47'),(949,543,'0000000175',NULL,NULL,500,0,1,'2025-01-16 17:16:47'),(950,543,'0000000176',NULL,NULL,500,0,1,'2025-01-16 17:16:47'),(951,543,'0000000177',NULL,NULL,500,0,1,'2025-01-16 17:16:47'),(952,543,'0000000178',NULL,NULL,500,0,1,'2025-01-16 17:16:47'),(953,543,'0000000179',NULL,NULL,500,0,1,'2025-01-16 17:16:47'),(954,543,'0000000180',NULL,NULL,500,0,1,'2025-01-16 17:16:47'),(955,543,'0000000181',NULL,NULL,500,0,1,'2025-01-16 17:16:47'),(956,543,'0000000182',NULL,NULL,500,0,1,'2025-01-16 17:16:47'),(957,543,'0000000183',NULL,NULL,500,0,1,'2025-01-16 17:16:47'),(958,543,'0000000184',NULL,NULL,500,0,1,'2025-01-16 17:16:47'),(959,543,'0000000185',NULL,NULL,500,0,1,'2025-01-16 17:16:47'),(960,540,'0000000186',NULL,NULL,500,0,1,'2025-01-16 17:17:05'),(961,540,'0000000187',NULL,NULL,500,0,1,'2025-01-16 17:17:05'),(962,540,'0000000188',NULL,NULL,500,0,1,'2025-01-16 17:17:05'),(963,540,'0000000189',NULL,NULL,500,0,1,'2025-01-16 17:17:05'),(964,540,'0000000190',NULL,NULL,500,0,1,'2025-01-16 17:17:05'),(965,540,'0000000191',NULL,NULL,500,0,1,'2025-01-16 17:17:05'),(966,540,'0000000192',NULL,NULL,500,0,1,'2025-01-16 17:17:05'),(967,540,'0000000193',NULL,NULL,500,0,1,'2025-01-16 17:17:05'),(968,540,'0000000194',NULL,NULL,500,0,1,'2025-01-16 17:17:05'),(969,540,'0000000195',NULL,NULL,500,0,1,'2025-01-16 17:17:05'),(970,540,'0000000196',NULL,NULL,500,0,1,'2025-01-16 17:17:05'),(971,540,'0000000197',NULL,NULL,500,0,1,'2025-01-16 17:17:05'),(972,540,'0000000198',NULL,NULL,500,0,1,'2025-01-16 17:17:05'),(973,540,'0000000199',NULL,NULL,500,0,1,'2025-01-16 17:17:05'),(974,540,'0000000200',NULL,NULL,500,0,1,'2025-01-16 17:17:05'),(975,540,'0000000201',NULL,NULL,500,0,1,'2025-01-16 17:17:05'),(976,540,'0000000202',NULL,NULL,500,0,1,'2025-01-16 17:17:05'),(977,540,'0000000203',NULL,NULL,500,0,1,'2025-01-16 17:17:05'),(978,540,'0000000204',NULL,NULL,500,0,1,'2025-01-16 17:17:05'),(979,540,'0000000205',NULL,NULL,500,0,1,'2025-01-16 17:17:05'),(980,550,'0000000206',NULL,NULL,500,0,1,'2025-02-02 14:52:15'),(981,550,'0000000207',NULL,NULL,500,0,1,'2025-02-02 14:52:15'),(982,550,'0000000208',NULL,NULL,500,0,1,'2025-02-02 14:52:15'),(983,550,'0000000209',NULL,NULL,500,0,1,'2025-02-02 14:52:15'),(984,550,'0000000210',NULL,NULL,500,0,1,'2025-02-02 14:52:15'),(985,550,'0000000211',NULL,NULL,500,0,1,'2025-02-02 14:52:15'),(986,550,'0000000212',NULL,NULL,500,0,1,'2025-02-02 14:52:15'),(987,550,'0000000213',NULL,NULL,500,0,1,'2025-02-02 14:52:15'),(988,550,'0000000214',NULL,NULL,500,0,1,'2025-02-02 14:52:15'),(989,550,'0000000215',NULL,NULL,500,0,1,'2025-02-02 14:52:15'),(990,550,'0000000216',NULL,NULL,500,0,1,'2025-02-02 14:52:15'),(991,550,'0000000217',NULL,NULL,500,0,1,'2025-02-02 14:52:15'),(992,550,'0000000218',NULL,NULL,500,0,1,'2025-02-02 14:52:15'),(993,550,'0000000219',NULL,NULL,500,0,1,'2025-02-02 14:52:15'),(994,550,'0000000220',NULL,NULL,500,0,1,'2025-02-02 14:52:15'),(995,550,'0000000221',NULL,NULL,500,0,1,'2025-02-02 14:52:15'),(996,550,'0000000222',NULL,NULL,500,0,1,'2025-02-02 14:52:15'),(997,550,'0000000223',NULL,NULL,500,0,1,'2025-02-02 14:52:15'),(998,550,'0000000224',NULL,NULL,500,0,1,'2025-02-02 14:52:15'),(999,550,'0000000225',NULL,NULL,500,0,1,'2025-02-02 14:52:15'),(1000,550,'0000000226',NULL,NULL,500,0,1,'2025-02-02 14:52:15'),(1001,550,'0000000227',NULL,NULL,500,0,1,'2025-02-02 14:52:15'),(1002,550,'0000000228',NULL,NULL,500,0,1,'2025-02-02 14:52:15'),(1003,550,'0000000229',NULL,NULL,500,0,1,'2025-02-02 14:52:15'),(1004,550,'0000000230',NULL,NULL,500,0,1,'2025-02-02 14:52:15'),(1005,550,'0000000231',NULL,NULL,500,0,1,'2025-02-02 14:52:15'),(1006,550,'0000000232',NULL,NULL,500,0,1,'2025-02-02 14:52:15'),(1007,550,'0000000233',NULL,NULL,500,0,1,'2025-02-02 14:52:15'),(1008,550,'0000000234',NULL,NULL,500,0,1,'2025-02-02 14:52:15'),(1009,550,'0000000235',NULL,NULL,500,0,1,'2025-02-02 14:52:15'),(1010,550,'0000000236',NULL,NULL,500,0,1,'2025-02-02 14:52:15'),(1011,550,'0000000237',NULL,NULL,500,0,1,'2025-02-02 14:52:15'),(1012,550,'0000000238',NULL,NULL,500,0,1,'2025-02-02 14:52:15'),(1013,550,'0000000239',NULL,NULL,500,0,1,'2025-02-02 14:52:15'),(1014,550,'0000000240',NULL,NULL,500,0,1,'2025-02-02 14:52:15'),(1015,550,'0000000241',NULL,NULL,500,0,1,'2025-02-02 14:52:15'),(1016,550,'0000000242',NULL,NULL,500,0,1,'2025-02-02 14:52:15'),(1017,550,'0000000243',NULL,NULL,500,0,1,'2025-02-02 14:52:15'),(1018,550,'0000000244',NULL,NULL,500,0,1,'2025-02-02 14:52:15'),(1019,550,'0000000245',NULL,NULL,500,0,1,'2025-02-02 14:52:15'),(1020,550,'0000000246',NULL,NULL,500,0,1,'2025-02-02 14:52:15'),(1021,550,'0000000247',NULL,NULL,500,0,1,'2025-02-02 14:52:15'),(1022,550,'0000000248',NULL,NULL,500,0,1,'2025-02-02 14:52:15'),(1023,550,'0000000249',NULL,NULL,500,0,1,'2025-02-02 14:52:15'),(1024,550,'0000000250',NULL,NULL,500,0,1,'2025-02-02 14:52:15'),(1025,550,'0000000251',NULL,NULL,500,0,1,'2025-02-02 14:52:15'),(1026,550,'0000000252',NULL,NULL,500,0,1,'2025-02-02 14:52:15'),(1027,550,'0000000253',NULL,NULL,500,0,1,'2025-02-02 14:52:15'),(1028,550,'0000000254',NULL,NULL,500,0,1,'2025-02-02 14:52:15'),(1029,550,'0000000255',NULL,NULL,500,0,1,'2025-02-02 14:52:15'),(1030,550,'0000000256',NULL,NULL,500,0,1,'2025-02-02 14:52:15'),(1031,550,'0000000257',NULL,NULL,500,0,1,'2025-02-02 14:52:15'),(1032,550,'0000000258',NULL,NULL,500,0,1,'2025-02-02 14:52:15'),(1033,550,'0000000259',NULL,NULL,500,0,1,'2025-02-02 14:52:15'),(1034,550,'0000000260',NULL,NULL,500,0,1,'2025-02-02 14:52:15'),(1035,550,'0000000261',NULL,NULL,500,0,1,'2025-02-02 14:52:15'),(1036,550,'0000000262',NULL,NULL,500,0,1,'2025-02-02 14:52:15'),(1037,550,'0000000263',NULL,NULL,500,0,1,'2025-02-02 14:52:15'),(1038,550,'0000000264',NULL,NULL,500,0,1,'2025-02-02 14:52:15'),(1039,550,'0000000265',NULL,NULL,500,0,1,'2025-02-02 14:52:15'),(1040,550,'0000000266',NULL,NULL,500,0,1,'2025-02-02 14:52:15'),(1041,550,'0000000267',NULL,NULL,500,0,1,'2025-02-02 14:52:15'),(1042,550,'0000000268',NULL,NULL,500,0,1,'2025-02-02 14:52:15'),(1043,550,'0000000269',NULL,NULL,500,0,1,'2025-02-02 14:52:15'),(1044,550,'0000000270',NULL,NULL,500,0,1,'2025-02-02 14:52:15'),(1045,550,'0000000271',NULL,NULL,500,0,1,'2025-02-02 14:52:15'),(1046,550,'0000000272',NULL,NULL,500,0,1,'2025-02-02 14:52:15'),(1047,550,'0000000273',NULL,NULL,500,0,1,'2025-02-02 14:52:15'),(1048,550,'0000000274',NULL,NULL,500,0,1,'2025-02-02 14:52:15'),(1049,550,'0000000275',NULL,NULL,500,0,1,'2025-02-02 14:52:15'),(1050,550,'0000000276',NULL,NULL,500,0,1,'2025-02-02 14:52:15'),(1051,550,'0000000277',NULL,NULL,500,0,1,'2025-02-02 14:52:15'),(1052,550,'0000000278',NULL,NULL,500,0,1,'2025-02-02 14:52:15'),(1053,550,'0000000279',NULL,NULL,500,0,1,'2025-02-02 14:52:15'),(1054,550,'0000000280',NULL,NULL,500,0,1,'2025-02-02 14:52:15'),(1055,550,'0000000281',NULL,NULL,500,0,1,'2025-02-02 14:52:15'),(1056,550,'0000000282',NULL,NULL,500,0,1,'2025-02-02 14:52:15'),(1057,550,'0000000283',NULL,NULL,500,0,1,'2025-02-02 14:52:15'),(1058,550,'0000000284',NULL,NULL,500,0,1,'2025-02-02 14:52:15'),(1059,550,'0000000285',NULL,NULL,500,0,1,'2025-02-02 14:52:15'),(1060,550,'0000000286',NULL,NULL,500,0,1,'2025-02-02 14:52:15'),(1061,550,'0000000287',NULL,NULL,500,0,1,'2025-02-02 14:52:15'),(1062,550,'0000000288',NULL,NULL,500,0,1,'2025-02-02 14:52:15'),(1063,550,'0000000289',NULL,NULL,500,0,1,'2025-02-02 14:52:15'),(1064,550,'0000000290',NULL,NULL,500,0,1,'2025-02-02 14:52:15'),(1065,550,'0000000291',NULL,NULL,500,0,1,'2025-02-02 14:52:15'),(1066,550,'0000000292',NULL,NULL,500,0,1,'2025-02-02 14:52:15'),(1067,550,'0000000293',NULL,NULL,500,0,1,'2025-02-02 14:52:15'),(1068,550,'0000000294',NULL,NULL,500,0,1,'2025-02-02 14:52:15'),(1069,550,'0000000295',NULL,NULL,500,0,1,'2025-02-02 14:52:15'),(1070,550,'0000000296',NULL,NULL,500,0,1,'2025-02-02 14:52:15'),(1071,550,'0000000297',NULL,NULL,500,0,1,'2025-02-02 14:52:15'),(1072,550,'0000000298',NULL,NULL,500,0,1,'2025-02-02 14:52:15'),(1073,550,'0000000299',NULL,NULL,500,0,1,'2025-02-02 14:52:15'),(1074,550,'0000000300',NULL,NULL,500,0,1,'2025-02-02 14:52:15'),(1075,550,'0000000301',NULL,NULL,500,0,1,'2025-02-02 14:52:15'),(1076,550,'0000000302',NULL,NULL,500,0,1,'2025-02-02 14:52:15'),(1077,550,'0000000303',NULL,NULL,500,0,1,'2025-02-02 14:52:15'),(1078,550,'0000000304',NULL,NULL,500,0,1,'2025-02-02 14:52:15'),(1079,550,'0000000305',NULL,NULL,500,0,1,'2025-02-02 14:52:15'),(1080,550,'0000000306',NULL,NULL,500,0,1,'2025-02-02 14:52:15'),(1081,550,'0000000307',NULL,NULL,500,0,1,'2025-02-02 14:52:15'),(1082,550,'0000000308',NULL,NULL,500,0,1,'2025-02-02 14:52:15'),(1083,550,'0000000309',NULL,NULL,500,0,1,'2025-02-02 14:52:15'),(1084,550,'0000000310',NULL,NULL,500,0,1,'2025-02-02 14:52:15'),(1085,550,'0000000311',NULL,NULL,500,0,1,'2025-02-02 14:52:15'),(1086,550,'0000000312',NULL,NULL,500,0,1,'2025-02-02 14:52:15'),(1087,550,'0000000313',NULL,NULL,500,0,1,'2025-02-02 14:52:15'),(1088,550,'0000000314',NULL,NULL,500,0,1,'2025-02-02 14:52:15'),(1089,550,'0000000315',NULL,NULL,500,0,1,'2025-02-02 14:52:15'),(1090,550,'0000000316',NULL,NULL,500,0,1,'2025-02-02 14:52:15'),(1091,550,'0000000317',NULL,NULL,500,0,1,'2025-02-02 14:52:15'),(1092,550,'0000000318',NULL,NULL,500,0,1,'2025-02-02 14:52:15'),(1093,550,'0000000319',NULL,NULL,500,0,1,'2025-02-02 14:52:15'),(1094,550,'0000000320',NULL,NULL,500,0,1,'2025-02-02 14:52:15'),(1095,550,'0000000321',NULL,NULL,500,0,1,'2025-02-02 14:52:15'),(1096,550,'0000000322',NULL,NULL,500,0,1,'2025-02-02 14:52:15'),(1097,550,'0000000323',NULL,NULL,500,0,1,'2025-02-02 14:52:15'),(1098,550,'0000000324',NULL,NULL,500,0,1,'2025-02-02 14:52:15'),(1099,550,'0000000325',NULL,NULL,500,0,1,'2025-02-02 14:52:15'),(1100,550,'0000000326',NULL,NULL,500,0,1,'2025-02-02 14:52:15'),(1101,550,'0000000327',NULL,NULL,500,0,1,'2025-02-02 14:52:15'),(1102,550,'0000000328',NULL,NULL,500,0,1,'2025-02-02 14:52:15'),(1103,550,'0000000329',NULL,NULL,500,0,1,'2025-02-02 14:52:15'),(1104,550,'0000000330',NULL,NULL,500,0,1,'2025-02-02 14:52:15'),(1105,550,'0000000331',NULL,NULL,500,0,1,'2025-02-02 14:52:15'),(1106,550,'0000000332',NULL,NULL,500,0,1,'2025-02-02 14:52:15'),(1107,550,'0000000333',NULL,NULL,500,0,1,'2025-02-02 14:52:15'),(1108,550,'0000000334',NULL,NULL,500,0,1,'2025-02-02 14:52:15'),(1109,550,'0000000335',NULL,NULL,500,0,1,'2025-02-02 14:52:15'),(1110,550,'0000000336',NULL,NULL,500,0,1,'2025-02-02 14:52:15'),(1111,550,'0000000337',NULL,NULL,500,0,1,'2025-02-02 14:52:15'),(1112,550,'0000000338',NULL,NULL,500,0,1,'2025-02-02 14:52:15'),(1113,550,'0000000339',NULL,NULL,500,0,1,'2025-02-02 14:52:15'),(1114,550,'0000000340',NULL,NULL,500,0,1,'2025-02-02 14:52:15'),(1115,550,'0000000341',NULL,NULL,500,0,1,'2025-02-02 14:52:15'),(1116,550,'0000000342',NULL,NULL,500,0,1,'2025-02-02 14:52:15'),(1117,550,'0000000343',NULL,NULL,500,0,1,'2025-02-02 14:52:15'),(1118,550,'0000000344',NULL,NULL,500,0,1,'2025-02-02 14:52:15'),(1119,550,'0000000345',NULL,NULL,500,0,1,'2025-02-02 14:52:15'),(1120,550,'0000000346',NULL,NULL,500,0,1,'2025-02-02 14:52:15'),(1121,550,'0000000347',NULL,NULL,500,0,1,'2025-02-02 14:52:15'),(1122,550,'0000000348',NULL,NULL,500,0,1,'2025-02-02 14:52:15'),(1123,550,'0000000349',NULL,NULL,500,0,1,'2025-02-02 14:52:15'),(1124,550,'0000000350',NULL,NULL,500,0,1,'2025-02-02 14:52:15'),(1125,550,'0000000351',NULL,NULL,500,0,1,'2025-02-02 14:52:15'),(1126,550,'0000000352',NULL,NULL,500,0,1,'2025-02-02 14:52:15'),(1127,550,'0000000353',NULL,NULL,500,0,1,'2025-02-02 14:52:15'),(1128,550,'0000000354',NULL,NULL,500,0,1,'2025-02-02 14:52:15'),(1129,550,'0000000355',NULL,NULL,500,0,1,'2025-02-02 14:52:15'),(1130,550,'0000000356',NULL,NULL,500,0,1,'2025-02-02 14:52:15'),(1131,550,'0000000357',NULL,NULL,500,0,1,'2025-02-02 14:52:15'),(1132,550,'0000000358',NULL,NULL,500,0,1,'2025-02-02 14:52:15'),(1133,550,'0000000359',NULL,NULL,500,0,1,'2025-02-02 14:52:15'),(1134,550,'0000000360',NULL,NULL,500,0,1,'2025-02-02 14:52:15'),(1135,550,'0000000361',NULL,NULL,500,0,1,'2025-02-02 14:52:15'),(1136,550,'0000000362',NULL,NULL,500,0,1,'2025-02-02 14:52:15'),(1137,550,'0000000363',NULL,NULL,500,0,1,'2025-02-02 14:52:15'),(1138,550,'0000000364',NULL,NULL,500,0,1,'2025-02-02 14:52:15'),(1139,550,'0000000365',NULL,NULL,500,0,1,'2025-02-02 14:52:15'),(1140,550,'0000000366',NULL,NULL,500,0,1,'2025-02-02 14:52:15'),(1141,550,'0000000367',NULL,NULL,500,0,1,'2025-02-02 14:52:15'),(1142,550,'0000000368',NULL,NULL,500,0,1,'2025-02-02 14:52:15'),(1143,550,'0000000369',NULL,NULL,500,0,1,'2025-02-02 14:52:15'),(1144,550,'0000000370',NULL,NULL,500,0,1,'2025-02-02 14:52:15'),(1145,550,'0000000371',NULL,NULL,500,0,1,'2025-02-02 14:52:15'),(1146,550,'0000000372',NULL,NULL,500,0,1,'2025-02-02 14:52:15'),(1147,550,'0000000373',NULL,NULL,500,0,1,'2025-02-02 14:52:15'),(1148,550,'0000000374',NULL,NULL,500,0,1,'2025-02-02 14:52:15'),(1149,550,'0000000375',NULL,NULL,500,0,1,'2025-02-02 14:52:15'),(1150,550,'0000000376',NULL,NULL,500,0,1,'2025-02-02 14:52:15'),(1151,550,'0000000377',NULL,NULL,500,0,1,'2025-02-02 14:52:15'),(1152,550,'0000000378',NULL,NULL,500,0,1,'2025-02-02 14:52:15'),(1153,550,'0000000379',NULL,NULL,500,0,1,'2025-02-02 14:52:15'),(1154,550,'0000000380',NULL,NULL,500,0,1,'2025-02-02 14:52:15'),(1155,550,'0000000381',NULL,NULL,500,0,1,'2025-02-02 14:52:15'),(1156,550,'0000000382',NULL,NULL,500,0,1,'2025-02-02 14:52:15'),(1157,550,'0000000383',NULL,NULL,500,0,1,'2025-02-02 14:52:15'),(1158,550,'0000000384',NULL,NULL,500,0,1,'2025-02-02 14:52:15'),(1159,550,'0000000385',NULL,NULL,500,0,1,'2025-02-02 14:52:15'),(1160,550,'0000000386',NULL,NULL,500,0,1,'2025-02-02 14:52:15'),(1161,550,'0000000387',NULL,NULL,500,0,1,'2025-02-02 14:52:15'),(1162,550,'0000000388',NULL,NULL,500,0,1,'2025-02-02 14:52:15'),(1163,550,'0000000389',NULL,NULL,500,0,1,'2025-02-02 14:52:15'),(1164,550,'0000000390',NULL,NULL,500,0,1,'2025-02-02 14:52:15'),(1165,550,'0000000391',NULL,NULL,500,0,1,'2025-02-02 14:52:15'),(1166,550,'0000000392',NULL,NULL,500,0,1,'2025-02-02 14:52:15'),(1167,550,'0000000393',NULL,NULL,500,0,1,'2025-02-02 14:52:15'),(1168,550,'0000000394',NULL,NULL,500,0,1,'2025-02-02 14:52:15'),(1169,550,'0000000395',NULL,NULL,500,0,1,'2025-02-02 14:52:15'),(1170,550,'0000000396',NULL,NULL,500,0,1,'2025-02-02 14:52:15'),(1171,550,'0000000397',NULL,NULL,500,0,1,'2025-02-02 14:52:15'),(1172,550,'0000000398',NULL,NULL,500,0,1,'2025-02-02 14:52:15'),(1173,550,'0000000399',NULL,NULL,500,0,1,'2025-02-02 14:52:15'),(1174,550,'0000000400',NULL,NULL,500,0,1,'2025-02-02 14:52:15'),(1175,550,'0000000401',NULL,NULL,500,0,1,'2025-02-02 14:52:15'),(1176,550,'0000000402',NULL,NULL,500,0,1,'2025-02-02 14:52:15'),(1177,550,'0000000403',NULL,NULL,500,0,1,'2025-02-02 14:52:15'),(1178,550,'0000000404',NULL,NULL,500,0,1,'2025-02-02 14:52:15'),(1179,550,'0000000405',NULL,NULL,500,0,1,'2025-02-02 14:52:15'),(1180,550,'0000000406',NULL,NULL,500,0,1,'2025-02-02 14:52:15'),(1181,550,'0000000407',NULL,NULL,500,0,1,'2025-02-02 14:52:15'),(1182,550,'0000000408',NULL,NULL,500,0,1,'2025-02-02 14:52:15'),(1183,550,'0000000409',NULL,NULL,500,0,1,'2025-02-02 14:52:15'),(1184,550,'0000000410',NULL,NULL,500,0,1,'2025-02-02 14:52:15'),(1185,550,'0000000411',NULL,NULL,500,0,1,'2025-02-02 14:52:15'),(1186,550,'0000000412',NULL,NULL,500,0,1,'2025-02-02 14:52:15'),(1187,550,'0000000413',NULL,NULL,500,0,1,'2025-02-02 14:52:15'),(1188,550,'0000000414',NULL,NULL,500,0,1,'2025-02-02 14:52:15'),(1189,550,'0000000415',NULL,NULL,500,0,1,'2025-02-02 14:52:15'),(1190,550,'0000000416',NULL,NULL,500,0,1,'2025-02-02 14:52:15'),(1191,550,'0000000417',NULL,NULL,500,0,1,'2025-02-02 14:52:15'),(1192,550,'0000000418',NULL,NULL,500,0,1,'2025-02-02 14:52:15'),(1193,550,'0000000419',NULL,NULL,500,0,1,'2025-02-02 14:52:15'),(1194,550,'0000000420',NULL,NULL,500,0,1,'2025-02-02 14:52:15'),(1195,550,'0000000421',NULL,NULL,500,0,1,'2025-02-02 14:52:15'),(1196,550,'0000000422',NULL,NULL,500,0,1,'2025-02-02 14:52:15'),(1197,550,'0000000423',NULL,NULL,500,0,1,'2025-02-02 14:52:15'),(1198,550,'0000000424',NULL,NULL,500,0,1,'2025-02-02 14:52:15'),(1199,550,'0000000425',NULL,NULL,500,0,1,'2025-02-02 14:52:15'),(1200,550,'0000000426',NULL,NULL,500,0,1,'2025-02-02 14:52:15'),(1201,550,'0000000427',NULL,NULL,500,0,1,'2025-02-02 14:52:15'),(1202,550,'0000000428',NULL,NULL,500,0,1,'2025-02-02 14:52:15'),(1203,550,'0000000429',NULL,NULL,500,0,1,'2025-02-02 14:52:15'),(1204,550,'0000000430',NULL,NULL,500,0,1,'2025-02-02 14:52:15'),(1205,550,'0000000431',NULL,NULL,500,0,1,'2025-02-02 14:52:15'),(1206,550,'0000000432',NULL,NULL,500,0,1,'2025-02-02 14:52:15'),(1207,550,'0000000433',NULL,NULL,500,0,1,'2025-02-02 14:52:15'),(1208,550,'0000000434',NULL,NULL,500,0,1,'2025-02-02 14:52:15'),(1209,550,'0000000435',NULL,NULL,500,0,1,'2025-02-02 14:52:15'),(1210,550,'0000000436',NULL,NULL,500,0,1,'2025-02-02 14:52:15'),(1211,550,'0000000437',NULL,NULL,500,0,1,'2025-02-02 14:52:15'),(1212,550,'0000000438',NULL,NULL,500,0,1,'2025-02-02 14:52:15'),(1213,550,'0000000439',NULL,NULL,500,0,1,'2025-02-02 14:52:15'),(1214,550,'0000000440',NULL,NULL,500,0,1,'2025-02-02 14:52:15'),(1215,550,'0000000441',NULL,NULL,500,0,1,'2025-02-02 14:52:15'),(1216,550,'0000000442',NULL,NULL,500,0,1,'2025-02-02 14:52:15'),(1217,550,'0000000443',NULL,NULL,500,0,1,'2025-02-02 14:52:15'),(1218,550,'0000000444',NULL,NULL,500,0,1,'2025-02-02 14:52:15'),(1219,550,'0000000445',NULL,NULL,500,0,1,'2025-02-02 14:52:15'),(1220,550,'0000000446',NULL,NULL,500,0,1,'2025-02-02 14:52:15'),(1221,550,'0000000447',NULL,NULL,500,0,1,'2025-02-02 14:52:15'),(1222,550,'0000000448',NULL,NULL,500,0,1,'2025-02-02 14:52:15'),(1223,550,'0000000449',NULL,NULL,500,0,1,'2025-02-02 14:52:15'),(1224,550,'0000000450',NULL,NULL,500,0,1,'2025-02-02 14:52:15'),(1225,550,'0000000451',NULL,NULL,500,0,1,'2025-02-02 14:52:15'),(1226,550,'0000000452',NULL,NULL,500,0,1,'2025-02-02 14:52:15'),(1227,550,'0000000453',NULL,NULL,500,0,1,'2025-02-02 14:52:15'),(1228,550,'0000000454',NULL,NULL,500,0,1,'2025-02-02 14:52:15'),(1229,550,'0000000455',NULL,NULL,500,0,1,'2025-02-02 14:52:15'),(1230,550,'0000000456',NULL,NULL,500,0,1,'2025-02-02 14:52:15'),(1231,550,'0000000457',NULL,NULL,500,0,1,'2025-02-02 14:52:15'),(1232,550,'0000000458',NULL,NULL,500,0,1,'2025-02-02 14:52:15'),(1233,550,'0000000459',NULL,NULL,500,0,1,'2025-02-02 14:52:15'),(1234,550,'0000000460',NULL,NULL,500,0,1,'2025-02-02 14:52:15'),(1235,550,'0000000461',NULL,NULL,500,0,1,'2025-02-02 14:52:15'),(1236,550,'0000000462',NULL,NULL,500,0,1,'2025-02-02 14:52:15'),(1237,550,'0000000463',NULL,NULL,500,0,1,'2025-02-02 14:52:15'),(1238,550,'0000000464',NULL,NULL,500,0,1,'2025-02-02 14:52:15'),(1239,550,'0000000465',NULL,NULL,500,0,1,'2025-02-02 14:52:15'),(1240,550,'0000000466',NULL,NULL,500,0,1,'2025-02-02 14:52:15'),(1241,550,'0000000467',NULL,NULL,500,0,1,'2025-02-02 14:52:15'),(1242,550,'0000000468',NULL,NULL,500,0,1,'2025-02-02 14:52:15'),(1243,550,'0000000469',NULL,NULL,500,0,1,'2025-02-02 14:52:15'),(1244,550,'0000000470',NULL,NULL,500,0,1,'2025-02-02 14:52:15'),(1245,550,'0000000471',NULL,NULL,500,0,1,'2025-02-02 14:52:15'),(1246,550,'0000000472',NULL,NULL,500,0,1,'2025-02-02 14:52:15'),(1247,550,'0000000473',NULL,NULL,500,0,1,'2025-02-02 14:52:15'),(1248,550,'0000000474',NULL,NULL,500,0,1,'2025-02-02 14:52:15'),(1249,550,'0000000475',NULL,NULL,500,0,1,'2025-02-02 14:52:15'),(1250,550,'0000000476',NULL,NULL,500,0,1,'2025-02-02 14:52:15'),(1251,550,'0000000477',NULL,NULL,500,0,1,'2025-02-02 14:52:15'),(1252,550,'0000000478',NULL,NULL,500,0,1,'2025-02-02 14:52:15'),(1253,550,'0000000479',NULL,NULL,500,0,1,'2025-02-02 14:52:15'),(1254,550,'0000000480',NULL,NULL,500,0,1,'2025-02-02 14:52:15'),(1255,550,'0000000481',NULL,NULL,500,0,1,'2025-02-02 14:52:15'),(1256,550,'0000000482',NULL,NULL,500,0,1,'2025-02-02 14:52:15'),(1257,550,'0000000483',NULL,NULL,500,0,1,'2025-02-02 14:52:15'),(1258,550,'0000000484',NULL,NULL,500,0,1,'2025-02-02 14:52:15'),(1259,550,'0000000485',NULL,NULL,500,0,1,'2025-02-02 14:52:15'),(1260,550,'0000000486',NULL,NULL,500,0,1,'2025-02-02 14:52:15'),(1261,550,'0000000487',NULL,NULL,500,0,1,'2025-02-02 14:52:15'),(1262,550,'0000000488',NULL,NULL,500,0,1,'2025-02-02 14:52:15'),(1263,550,'0000000489',NULL,NULL,500,0,1,'2025-02-02 14:52:15'),(1264,550,'0000000490',NULL,NULL,500,0,1,'2025-02-02 14:52:15'),(1265,550,'0000000491',NULL,NULL,500,0,1,'2025-02-02 14:52:15'),(1266,550,'0000000492',NULL,NULL,500,0,1,'2025-02-02 14:52:15'),(1267,550,'0000000493',NULL,NULL,500,0,1,'2025-02-02 14:52:15'),(1268,550,'0000000494',NULL,NULL,500,0,1,'2025-02-02 14:52:15'),(1269,550,'0000000495',NULL,NULL,500,0,1,'2025-02-02 14:52:15'),(1270,550,'0000000496',NULL,NULL,500,0,1,'2025-02-02 14:52:15'),(1271,550,'0000000497',NULL,NULL,500,0,1,'2025-02-02 14:52:15'),(1272,550,'0000000498',NULL,NULL,500,0,1,'2025-02-02 14:52:15'),(1273,550,'0000000499',NULL,NULL,500,0,1,'2025-02-02 14:52:15'),(1274,550,'0000000500',NULL,NULL,500,0,1,'2025-02-02 14:52:15'),(1275,550,'0000000501',NULL,NULL,500,0,1,'2025-02-02 14:52:15'),(1276,550,'0000000502',NULL,NULL,500,0,1,'2025-02-02 14:52:15'),(1277,550,'0000000503',NULL,NULL,500,0,1,'2025-02-02 14:52:15'),(1278,550,'0000000504',NULL,NULL,500,0,1,'2025-02-02 14:52:15'),(1279,550,'0000000505',NULL,NULL,500,0,1,'2025-02-02 14:52:15'),(1280,550,'0000000506',NULL,NULL,500,0,1,'2025-02-02 14:52:15'),(1281,550,'0000000507',NULL,NULL,500,0,1,'2025-02-02 14:52:15'),(1282,550,'0000000508',NULL,NULL,500,0,1,'2025-02-02 14:52:15'),(1283,550,'0000000509',NULL,NULL,500,0,1,'2025-02-02 14:52:15'),(1284,550,'0000000510',NULL,NULL,500,0,1,'2025-02-02 14:52:15'),(1285,550,'0000000511',NULL,NULL,500,0,1,'2025-02-02 14:52:15'),(1286,550,'0000000512',NULL,NULL,500,0,1,'2025-02-02 14:52:15'),(1287,550,'0000000513',NULL,NULL,500,0,1,'2025-02-02 14:52:15'),(1288,550,'0000000514',NULL,NULL,500,0,1,'2025-02-02 14:52:15'),(1289,550,'0000000515',NULL,NULL,500,0,1,'2025-02-02 14:52:15'),(1290,550,'0000000516',NULL,NULL,500,0,1,'2025-02-02 14:52:15'),(1291,550,'0000000517',NULL,NULL,500,0,1,'2025-02-02 14:52:15'),(1292,550,'0000000518',NULL,NULL,500,0,1,'2025-02-02 14:52:15'),(1293,550,'0000000519',NULL,NULL,500,0,1,'2025-02-02 14:52:15'),(1294,550,'0000000520',NULL,NULL,500,0,1,'2025-02-02 14:52:15'),(1295,550,'0000000521',NULL,NULL,500,0,1,'2025-02-02 14:52:15'),(1296,550,'0000000522',NULL,NULL,500,0,1,'2025-02-02 14:52:15'),(1297,550,'0000000523',NULL,NULL,500,0,1,'2025-02-02 14:52:15'),(1298,550,'0000000524',NULL,NULL,500,0,1,'2025-02-02 14:52:15'),(1299,550,'0000000525',NULL,NULL,500,0,1,'2025-02-02 14:52:15'),(1300,550,'0000000526',NULL,NULL,500,0,1,'2025-02-02 14:52:15'),(1301,550,'0000000527',NULL,NULL,500,0,1,'2025-02-02 14:52:15'),(1302,550,'0000000528',NULL,NULL,500,0,1,'2025-02-02 14:52:15'),(1303,550,'0000000529',NULL,NULL,500,0,1,'2025-02-02 14:52:15'),(1304,550,'0000000530',NULL,NULL,500,0,1,'2025-02-02 14:52:15'),(1305,550,'0000000531',NULL,NULL,500,0,1,'2025-02-02 14:52:15'),(1306,550,'0000000532',NULL,NULL,500,0,1,'2025-02-02 14:52:15'),(1307,550,'0000000533',NULL,NULL,500,0,1,'2025-02-02 14:52:15'),(1308,550,'0000000534',NULL,NULL,500,0,1,'2025-02-02 14:52:15'),(1309,550,'0000000535',NULL,NULL,500,0,1,'2025-02-02 14:52:15'),(1310,550,'0000000536',NULL,NULL,500,0,1,'2025-02-02 14:52:15'),(1311,550,'0000000537',NULL,NULL,500,0,1,'2025-02-02 14:52:15'),(1312,550,'0000000538',NULL,NULL,500,0,1,'2025-02-02 14:52:15'),(1313,550,'0000000539',NULL,NULL,500,0,1,'2025-02-02 14:52:15'),(1314,550,'0000000540',NULL,NULL,500,0,1,'2025-02-02 14:52:15'),(1315,550,'0000000541',NULL,NULL,500,0,1,'2025-02-02 14:52:15'),(1316,550,'0000000542',NULL,NULL,500,0,1,'2025-02-02 14:52:15'),(1317,550,'0000000543',NULL,NULL,500,0,1,'2025-02-02 14:52:15'),(1318,550,'0000000544',NULL,NULL,500,0,1,'2025-02-02 14:52:15'),(1319,550,'0000000545',NULL,NULL,500,0,1,'2025-02-02 14:52:15'),(1320,550,'0000000546',NULL,NULL,500,0,1,'2025-02-02 14:52:15'),(1321,550,'0000000547',NULL,NULL,500,0,1,'2025-02-02 14:52:15'),(1322,550,'0000000548',NULL,NULL,500,0,1,'2025-02-02 14:52:15'),(1323,550,'0000000549',NULL,NULL,500,0,1,'2025-02-02 14:52:15'),(1324,550,'0000000550',NULL,NULL,500,0,1,'2025-02-02 14:52:15'),(1325,550,'0000000551',NULL,NULL,500,0,1,'2025-02-02 14:52:15'),(1326,550,'0000000552',NULL,NULL,500,0,1,'2025-02-02 14:52:15'),(1327,550,'0000000553',NULL,NULL,500,0,1,'2025-02-02 14:52:15'),(1328,550,'0000000554',NULL,NULL,500,0,1,'2025-02-02 14:52:15'),(1329,550,'0000000555',NULL,NULL,500,0,1,'2025-02-02 14:52:15'),(1330,550,'0000000556',NULL,NULL,500,0,1,'2025-02-02 14:52:15'),(1331,550,'0000000557',NULL,NULL,500,0,1,'2025-02-02 14:52:15'),(1332,550,'0000000558',NULL,NULL,500,0,1,'2025-02-02 14:52:15'),(1333,550,'0000000559',NULL,NULL,500,0,1,'2025-02-02 14:52:15'),(1334,550,'0000000560',NULL,NULL,500,0,1,'2025-02-02 14:52:15'),(1335,550,'0000000561',NULL,NULL,500,0,1,'2025-02-02 14:52:15'),(1336,550,'0000000562',NULL,NULL,500,0,1,'2025-02-02 14:52:15'),(1337,550,'0000000563',NULL,NULL,500,0,1,'2025-02-02 14:52:15'),(1338,550,'0000000564',NULL,NULL,500,0,1,'2025-02-02 14:52:15'),(1339,550,'0000000565',NULL,NULL,500,0,1,'2025-02-02 14:52:15'),(1340,550,'0000000566',NULL,NULL,500,0,1,'2025-02-02 14:52:15'),(1341,550,'0000000567',NULL,NULL,500,0,1,'2025-02-02 14:52:15'),(1342,550,'0000000568',NULL,NULL,500,0,1,'2025-02-02 14:52:15'),(1343,550,'0000000569',NULL,NULL,500,0,1,'2025-02-02 14:52:15'),(1344,550,'0000000570',NULL,NULL,500,0,1,'2025-02-02 14:52:15'),(1345,550,'0000000571',NULL,NULL,500,0,1,'2025-02-02 14:52:15'),(1346,550,'0000000572',NULL,NULL,500,0,1,'2025-02-02 14:52:15'),(1347,550,'0000000573',NULL,NULL,500,0,1,'2025-02-02 14:52:15'),(1348,550,'0000000574',NULL,NULL,500,0,1,'2025-02-02 14:52:15'),(1349,550,'0000000575',NULL,NULL,500,0,1,'2025-02-02 14:52:15'),(1350,550,'0000000576',NULL,NULL,500,0,1,'2025-02-02 14:52:15'),(1351,550,'0000000577',NULL,NULL,500,0,1,'2025-02-02 14:52:15'),(1352,550,'0000000578',NULL,NULL,500,0,1,'2025-02-02 14:52:15'),(1353,550,'0000000579',NULL,NULL,500,0,1,'2025-02-02 14:52:15'),(1354,550,'0000000580',NULL,NULL,500,0,1,'2025-02-02 14:52:15'),(1355,550,'0000000581',NULL,NULL,500,0,1,'2025-02-02 14:52:15'),(1356,550,'0000000582',NULL,NULL,500,0,1,'2025-02-02 14:52:15'),(1357,550,'0000000583',NULL,NULL,500,0,1,'2025-02-02 14:52:15'),(1358,550,'0000000584',NULL,NULL,500,0,1,'2025-02-02 14:52:15'),(1359,550,'0000000585',NULL,NULL,500,0,1,'2025-02-02 14:52:15'),(1360,550,'0000000586',NULL,NULL,500,0,1,'2025-02-02 14:52:15'),(1361,550,'0000000587',NULL,NULL,500,0,1,'2025-02-02 14:52:15'),(1362,550,'0000000588',NULL,NULL,500,0,1,'2025-02-02 14:52:15'),(1363,550,'0000000589',NULL,NULL,500,0,1,'2025-02-02 14:52:15'),(1364,550,'0000000590',NULL,NULL,500,0,1,'2025-02-02 14:52:15'),(1365,550,'0000000591',NULL,NULL,500,0,1,'2025-02-02 14:52:15'),(1366,550,'0000000592',NULL,NULL,500,0,1,'2025-02-02 14:52:15'),(1367,550,'0000000593',NULL,NULL,500,0,1,'2025-02-02 14:52:15'),(1368,550,'0000000594',NULL,NULL,500,0,1,'2025-02-02 14:52:15'),(1369,550,'0000000595',NULL,NULL,500,0,1,'2025-02-02 14:52:15'),(1370,550,'0000000596',NULL,NULL,500,0,1,'2025-02-02 14:52:15'),(1371,550,'0000000597',NULL,NULL,500,0,1,'2025-02-02 14:52:15'),(1372,550,'0000000598',NULL,NULL,500,0,1,'2025-02-02 14:52:15'),(1373,550,'0000000599',NULL,NULL,500,0,1,'2025-02-02 14:52:15'),(1374,550,'0000000600',NULL,NULL,500,0,1,'2025-02-02 14:52:15'),(1375,550,'0000000601',NULL,NULL,500,0,1,'2025-02-02 14:52:15'),(1376,550,'0000000602',NULL,NULL,500,0,1,'2025-02-02 14:52:15'),(1377,550,'0000000603',NULL,NULL,500,0,1,'2025-02-02 14:52:15'),(1378,550,'0000000604',NULL,NULL,500,0,1,'2025-02-02 14:52:15'),(1379,550,'0000000605',NULL,NULL,500,0,1,'2025-02-02 14:52:15'),(1380,550,'0000000606',NULL,NULL,500,0,1,'2025-02-02 14:52:15'),(1381,550,'0000000607',NULL,NULL,500,0,1,'2025-02-02 14:52:15'),(1382,550,'0000000608',NULL,NULL,500,0,1,'2025-02-02 14:52:15'),(1383,550,'0000000609',NULL,NULL,500,0,1,'2025-02-02 14:52:15'),(1384,550,'0000000610',NULL,NULL,500,0,1,'2025-02-02 14:52:15'),(1385,550,'0000000611',NULL,NULL,500,0,1,'2025-02-02 14:52:15'),(1386,550,'0000000612',NULL,NULL,500,0,1,'2025-02-02 14:52:15'),(1387,550,'0000000613',NULL,NULL,500,0,1,'2025-02-02 14:52:15'),(1388,550,'0000000614',NULL,NULL,500,0,1,'2025-02-02 14:52:15'),(1389,550,'0000000615',NULL,NULL,500,0,1,'2025-02-02 14:52:15'),(1390,550,'0000000616',NULL,NULL,500,0,1,'2025-02-02 14:52:15'),(1391,550,'0000000617',NULL,NULL,500,0,1,'2025-02-02 14:52:15'),(1392,550,'0000000618',NULL,NULL,500,0,1,'2025-02-02 14:52:15'),(1393,550,'0000000619',NULL,NULL,500,0,1,'2025-02-02 14:52:15'),(1394,550,'0000000620',NULL,NULL,500,0,1,'2025-02-02 14:52:15'),(1395,550,'0000000621',NULL,NULL,500,0,1,'2025-02-02 14:52:15'),(1396,550,'0000000622',NULL,NULL,500,0,1,'2025-02-02 14:52:15'),(1397,550,'0000000623',NULL,NULL,500,0,1,'2025-02-02 14:52:15'),(1398,550,'0000000624',NULL,NULL,500,0,1,'2025-02-02 14:52:15'),(1399,550,'0000000625',NULL,NULL,500,0,1,'2025-02-02 14:52:15'),(1400,550,'0000000626',NULL,NULL,500,0,1,'2025-02-02 14:52:15'),(1401,550,'0000000627',NULL,NULL,500,0,1,'2025-02-02 14:52:15'),(1402,550,'0000000628',NULL,NULL,500,0,1,'2025-02-02 14:52:15'),(1403,550,'0000000629',NULL,NULL,500,0,1,'2025-02-02 14:52:15'),(1404,550,'0000000630',NULL,NULL,500,0,1,'2025-02-02 14:52:15'),(1405,550,'0000000631',NULL,NULL,500,0,1,'2025-02-02 14:52:15'),(1406,550,'0000000632',NULL,NULL,500,0,1,'2025-02-02 14:52:15'),(1407,550,'0000000633',NULL,NULL,500,0,1,'2025-02-02 14:52:15'),(1408,550,'0000000634',NULL,NULL,500,0,1,'2025-02-02 14:52:15'),(1409,550,'0000000635',NULL,NULL,500,0,1,'2025-02-02 14:52:15'),(1410,550,'0000000636',NULL,NULL,500,0,1,'2025-02-02 14:52:15'),(1411,550,'0000000637',NULL,NULL,500,0,1,'2025-02-02 14:52:15'),(1412,550,'0000000638',NULL,NULL,500,0,1,'2025-02-02 14:52:15'),(1413,550,'0000000639',NULL,NULL,500,0,1,'2025-02-02 14:52:15'),(1414,550,'0000000640',NULL,NULL,500,0,1,'2025-02-02 14:52:15'),(1415,550,'0000000641',NULL,NULL,500,0,1,'2025-02-02 14:52:15'),(1416,550,'0000000642',NULL,NULL,500,0,1,'2025-02-02 14:52:15'),(1417,550,'0000000643',NULL,NULL,500,0,1,'2025-02-02 14:52:15'),(1418,550,'0000000644',NULL,NULL,500,0,1,'2025-02-02 14:52:15'),(1419,550,'0000000645',NULL,NULL,500,0,1,'2025-02-02 14:52:16'),(1420,550,'0000000646',NULL,NULL,500,0,1,'2025-02-02 14:52:16'),(1421,550,'0000000647',NULL,NULL,500,0,1,'2025-02-02 14:52:16'),(1422,550,'0000000648',NULL,NULL,500,0,1,'2025-02-02 14:52:16'),(1423,550,'0000000649',NULL,NULL,500,0,1,'2025-02-02 14:52:16'),(1424,550,'0000000650',NULL,NULL,500,0,1,'2025-02-02 14:52:16'),(1425,550,'0000000651',NULL,NULL,500,0,1,'2025-02-02 14:52:16'),(1426,550,'0000000652',NULL,NULL,500,0,1,'2025-02-02 14:52:16'),(1427,550,'0000000653',NULL,NULL,500,0,1,'2025-02-02 14:52:16'),(1428,550,'0000000654',NULL,NULL,500,0,1,'2025-02-02 14:52:16'),(1429,550,'0000000655',NULL,NULL,500,0,1,'2025-02-02 14:52:16'),(1430,550,'0000000656',NULL,NULL,500,0,1,'2025-02-02 14:52:16'),(1431,550,'0000000657',NULL,NULL,500,0,1,'2025-02-02 14:52:16'),(1432,550,'0000000658',NULL,NULL,500,0,1,'2025-02-02 14:52:16'),(1433,550,'0000000659',NULL,NULL,500,0,1,'2025-02-02 14:52:16'),(1434,550,'0000000660',NULL,NULL,500,0,1,'2025-02-02 14:52:16'),(1435,550,'0000000661',NULL,NULL,500,0,1,'2025-02-02 14:52:16'),(1436,550,'0000000662',NULL,NULL,500,0,1,'2025-02-02 14:52:16'),(1437,550,'0000000663',NULL,NULL,500,0,1,'2025-02-02 14:52:16'),(1438,550,'0000000664',NULL,NULL,500,0,1,'2025-02-02 14:52:16'),(1439,550,'0000000665',NULL,NULL,500,0,1,'2025-02-02 14:52:16'),(1440,550,'0000000666',NULL,NULL,500,0,1,'2025-02-02 14:52:16'),(1441,550,'0000000667',NULL,NULL,500,0,1,'2025-02-02 14:52:16'),(1442,550,'0000000668',NULL,NULL,500,0,1,'2025-02-02 14:52:16'),(1443,550,'0000000669',NULL,NULL,500,0,1,'2025-02-02 14:52:16'),(1444,550,'0000000670',NULL,NULL,500,0,1,'2025-02-02 14:52:16'),(1445,550,'0000000671',NULL,NULL,500,0,1,'2025-02-02 14:52:16'),(1446,550,'0000000672',NULL,NULL,500,0,1,'2025-02-02 14:52:16'),(1447,550,'0000000673',NULL,NULL,500,0,1,'2025-02-02 14:52:16'),(1448,550,'0000000674',NULL,NULL,500,0,1,'2025-02-02 14:52:16'),(1449,550,'0000000675',NULL,NULL,500,0,1,'2025-02-02 14:52:16'),(1450,550,'0000000676',NULL,NULL,500,0,1,'2025-02-02 14:52:16'),(1451,550,'0000000677',NULL,NULL,500,0,1,'2025-02-02 14:52:16'),(1452,550,'0000000678',NULL,NULL,500,0,1,'2025-02-02 14:52:16'),(1453,550,'0000000679',NULL,NULL,500,0,1,'2025-02-02 14:52:16'),(1454,550,'0000000680',NULL,NULL,500,0,1,'2025-02-02 14:52:16'),(1455,550,'0000000681',NULL,NULL,500,0,1,'2025-02-02 14:52:16'),(1456,550,'0000000682',NULL,NULL,500,0,1,'2025-02-02 14:52:16'),(1457,550,'0000000683',NULL,NULL,500,0,1,'2025-02-02 14:52:16'),(1458,550,'0000000684',NULL,NULL,500,0,1,'2025-02-02 14:52:16'),(1459,550,'0000000685',NULL,NULL,500,0,1,'2025-02-02 14:52:16'),(1460,550,'0000000686',NULL,NULL,500,0,1,'2025-02-02 14:52:16'),(1461,550,'0000000687',NULL,NULL,500,0,1,'2025-02-02 14:52:16'),(1462,550,'0000000688',NULL,NULL,500,0,1,'2025-02-02 14:52:16'),(1463,550,'0000000689',NULL,NULL,500,0,1,'2025-02-02 14:52:16'),(1464,550,'0000000690',NULL,NULL,500,0,1,'2025-02-02 14:52:16'),(1465,550,'0000000691',NULL,NULL,500,0,1,'2025-02-02 14:52:16'),(1466,550,'0000000692',NULL,NULL,500,0,1,'2025-02-02 14:52:16'),(1467,550,'0000000693',NULL,NULL,500,0,1,'2025-02-02 14:52:16'),(1468,550,'0000000694',NULL,NULL,500,0,1,'2025-02-02 14:52:16'),(1469,550,'0000000695',NULL,NULL,500,0,1,'2025-02-02 14:52:16'),(1470,550,'0000000696',NULL,NULL,500,0,1,'2025-02-02 14:52:16'),(1471,550,'0000000697',NULL,NULL,500,0,1,'2025-02-02 14:52:16'),(1472,550,'0000000698',NULL,NULL,500,0,1,'2025-02-02 14:52:16'),(1473,550,'0000000699',NULL,NULL,500,0,1,'2025-02-02 14:52:16'),(1474,550,'0000000700',NULL,NULL,500,0,1,'2025-02-02 14:52:16'),(1475,550,'0000000701',NULL,NULL,500,0,1,'2025-02-02 14:52:16'),(1476,550,'0000000702',NULL,NULL,500,0,1,'2025-02-02 14:52:16'),(1477,550,'0000000703',NULL,NULL,500,0,1,'2025-02-02 14:52:16'),(1478,550,'0000000704',NULL,NULL,500,0,1,'2025-02-02 14:52:16'),(1479,550,'0000000705',NULL,NULL,500,0,1,'2025-02-02 14:52:16');
/*!40000 ALTER TABLE `tblbookcopies` ENABLE KEYS */;
UNLOCK TABLES;

--
-- Table structure for table `tblbooks`
--

DROP TABLE IF EXISTS `tblbooks`;
/*!40101 SET @saved_cs_client     = @@character_set_client */;
/*!50503 SET character_set_client = utf8mb4 */;
CREATE TABLE `tblbooks` (
  `id` int NOT NULL AUTO_INCREMENT,
  `title` varchar(50) NOT NULL,
  `book_cover` varchar(20) NOT NULL,
  `isbn` varchar(13) NOT NULL,
  `genre_id` int NOT NULL,
  `publisher_id` int NOT NULL,
  `language_id` int NOT NULL,
  `author_id` int NOT NULL,
  `classification_id` int NOT NULL,
  `reserve_copy` int NOT NULL,
  `spenalty` float NOT NULL DEFAULT '0',
  `fpenalty` float NOT NULL DEFAULT '0',
  `status` bit(1) NOT NULL DEFAULT b'1',
  PRIMARY KEY (`id`),
  KEY `fk_genre_idx` (`genre_id`),
  KEY `fk_publisher_idx` (`publisher_id`),
  KEY `fk_author_idx` (`author_id`),
  KEY `fk_language_idx` (`language_id`),
  KEY `fk_classification_idx` (`classification_id`),
  CONSTRAINT `fk_author` FOREIGN KEY (`author_id`) REFERENCES `tblauthors` (`id`),
  CONSTRAINT `fk_classification` FOREIGN KEY (`classification_id`) REFERENCES `tblclassifications` (`id`),
  CONSTRAINT `fk_genre` FOREIGN KEY (`genre_id`) REFERENCES `tblgenres` (`id`),
  CONSTRAINT `fk_language` FOREIGN KEY (`language_id`) REFERENCES `tbllanguages` (`id`),
  CONSTRAINT `fk_publisher` FOREIGN KEY (`publisher_id`) REFERENCES `tblpublishers` (`id`)
) ENGINE=InnoDB AUTO_INCREMENT=2576 DEFAULT CHARSET=utf8mb4 COLLATE=utf8mb4_0900_ai_ci;
/*!40101 SET character_set_client = @saved_cs_client */;

--
-- Dumping data for table `tblbooks`
--

LOCK TABLES `tblbooks` WRITE;
/*!40000 ALTER TABLE `tblbooks` DISABLE KEYS */;
INSERT INTO `tblbooks` VALUES (539,'Harry Potter','Soft Cover','0781234356232',107,39,5,4,1,5,0,0,_binary ''),(540,'Pride & Prejudice','Soft Cover','9781234356231',107,39,5,4,1,5,0,0,_binary ''),(541,'Circe','Soft Cover','9781234356233',107,39,5,4,1,5,0,0,_binary ''),(542,'Book Thief','Soft Cover','9781234356234',107,39,5,4,1,5,0,0,_binary ''),(543,'Lord of the Rings','Soft Cover','9781234356235',107,39,5,4,1,5,0,0,_binary ''),(544,'The Catcher In The Rye','Soft Cover','9781234356256',107,39,5,4,1,5,0,0,_binary ''),(545,'Harry Potter','Soft Cover','9781294356231',107,39,5,4,1,5,0,0,_binary ''),(546,'Harry Potter 1','Soft Cover','9781264356232',107,39,5,4,1,5,0,0,_binary ''),(547,'Harry Potter 2','Soft Cover','9784234356237',107,39,5,4,1,5,0,0,_binary ''),(548,'Harry Potter 3','Soft Cover','9781234356238',107,39,5,4,1,5,0,0,_binary ''),(549,'Harry Potter 4','Soft Cover','9781233356239',107,39,5,4,1,5,0,0,_binary ''),(550,'Harry Potter 4','Soft Cover','9781233356256',107,39,5,4,1,5,0,0,_binary ''),(551,'Harry Potter','Soft Cover','0781234356232',107,39,5,4,1,5,0,0,_binary ''),(552,'Pride & Prejudice','Soft Cover','9781234356231',107,39,5,4,1,5,0,0,_binary ''),(553,'Circe','Soft Cover','9781234356233',107,39,5,4,1,5,0,0,_binary ''),(554,'Book Thief','Soft Cover','9781234356234',107,39,5,4,1,5,0,0,_binary ''),(555,'Lord of the Rings','Soft Cover','9781234356235',107,39,5,4,1,5,0,0,_binary ''),(556,'The Catcher In The Rye','Soft Cover','9781234356256',107,39,5,4,1,5,0,0,_binary ''),(557,'Harry Potter','Soft Cover','9781294356231',107,39,5,4,1,5,0,0,_binary ''),(558,'Harry Potter 1','Soft Cover','9781264356232',107,39,5,4,1,5,0,0,_binary ''),(559,'Harry Potter 2','Soft Cover','9784234356237',107,39,5,4,1,5,0,0,_binary ''),(560,'Harry Potter 3','Soft Cover','9781234356238',107,39,5,4,1,5,0,0,_binary ''),(561,'Harry Potter 4','Soft Cover','9781233356239',107,39,5,4,1,5,0,0,_binary ''),(562,'Harry Potter 4','Soft Cover','9781233356256',107,39,5,4,1,5,0,0,_binary ''),(566,'Harry Potter','Soft Cover','0781234356232',107,39,5,4,1,5,0,0,_binary ''),(567,'Pride & Prejudice','Soft Cover','9781234356231',107,39,5,4,1,5,0,0,_binary ''),(568,'Circe','Soft Cover','9781234356233',107,39,5,4,1,5,0,0,_binary ''),(569,'Book Thief','Soft Cover','9781234356234',107,39,5,4,1,5,0,0,_binary ''),(570,'Lord of the Rings','Soft Cover','9781234356235',107,39,5,4,1,5,0,0,_binary ''),(571,'The Catcher In The Rye','Soft Cover','9781234356256',107,39,5,4,1,5,0,0,_binary ''),(572,'Harry Potter','Soft Cover','9781294356231',107,39,5,4,1,5,0,0,_binary ''),(573,'Harry Potter 1','Soft Cover','9781264356232',107,39,5,4,1,5,0,0,_binary ''),(574,'Harry Potter 2','Soft Cover','9784234356237',107,39,5,4,1,5,0,0,_binary ''),(575,'Harry Potter 3','Soft Cover','9781234356238',107,39,5,4,1,5,0,0,_binary ''),(576,'Harry Potter 4','Soft Cover','9781233356239',107,39,5,4,1,5,0,0,_binary ''),(577,'Harry Potter 4','Soft Cover','9781233356256',107,39,5,4,1,5,0,0,_binary ''),(578,'Harry Potter','Soft Cover','0781234356232',107,39,5,4,1,5,0,0,_binary ''),(579,'Pride & Prejudice','Soft Cover','9781234356231',107,39,5,4,1,5,0,0,_binary ''),(580,'Circe','Soft Cover','9781234356233',107,39,5,4,1,5,0,0,_binary ''),(581,'Book Thief','Soft Cover','9781234356234',107,39,5,4,1,5,0,0,_binary ''),(582,'Lord of the Rings','Soft Cover','9781234356235',107,39,5,4,1,5,0,0,_binary ''),(583,'The Catcher In The Rye','Soft Cover','9781234356256',107,39,5,4,1,5,0,0,_binary ''),(584,'Harry Potter','Soft Cover','9781294356231',107,39,5,4,1,5,0,0,_binary ''),(585,'Harry Potter 1','Soft Cover','9781264356232',107,39,5,4,1,5,0,0,_binary ''),(586,'Harry Potter 2','Soft Cover','9784234356237',107,39,5,4,1,5,0,0,_binary ''),(587,'Harry Potter 3','Soft Cover','9781234356238',107,39,5,4,1,5,0,0,_binary ''),(588,'Harry Potter 4','Soft Cover','9781233356239',107,39,5,4,1,5,0,0,_binary ''),(589,'Harry Potter 4','Soft Cover','9781233356256',107,39,5,4,1,5,0,0,_binary ''),(597,'Harry Potter','Soft Cover','0781234356232',107,39,5,4,1,5,0,0,_binary ''),(598,'Pride & Prejudice','Soft Cover','9781234356231',107,39,5,4,1,5,0,0,_binary ''),(599,'Circe','Soft Cover','9781234356233',107,39,5,4,1,5,0,0,_binary ''),(600,'Book Thief','Soft Cover','9781234356234',107,39,5,4,1,5,0,0,_binary ''),(601,'Lord of the Rings','Soft Cover','9781234356235',107,39,5,4,1,5,0,0,_binary ''),(602,'The Catcher In The Rye','Soft Cover','9781234356256',107,39,5,4,1,5,0,0,_binary ''),(603,'Harry Potter','Soft Cover','9781294356231',107,39,5,4,1,5,0,0,_binary ''),(604,'Harry Potter 1','Soft Cover','9781264356232',107,39,5,4,1,5,0,0,_binary ''),(605,'Harry Potter 2','Soft Cover','9784234356237',107,39,5,4,1,5,0,0,_binary ''),(606,'Harry Potter 3','Soft Cover','9781234356238',107,39,5,4,1,5,0,0,_binary ''),(607,'Harry Potter 4','Soft Cover','9781233356239',107,39,5,4,1,5,0,0,_binary ''),(608,'Harry Potter 4','Soft Cover','9781233356256',107,39,5,4,1,5,0,0,_binary ''),(609,'Harry Potter','Soft Cover','0781234356232',107,39,5,4,1,5,0,0,_binary ''),(610,'Pride & Prejudice','Soft Cover','9781234356231',107,39,5,4,1,5,0,0,_binary ''),(611,'Circe','Soft Cover','9781234356233',107,39,5,4,1,5,0,0,_binary ''),(612,'Book Thief','Soft Cover','9781234356234',107,39,5,4,1,5,0,0,_binary ''),(613,'Lord of the Rings','Soft Cover','9781234356235',107,39,5,4,1,5,0,0,_binary ''),(614,'The Catcher In The Rye','Soft Cover','9781234356256',107,39,5,4,1,5,0,0,_binary ''),(615,'Harry Potter','Soft Cover','9781294356231',107,39,5,4,1,5,0,0,_binary ''),(616,'Harry Potter 1','Soft Cover','9781264356232',107,39,5,4,1,5,0,0,_binary ''),(617,'Harry Potter 2','Soft Cover','9784234356237',107,39,5,4,1,5,0,0,_binary ''),(618,'Harry Potter 3','Soft Cover','9781234356238',107,39,5,4,1,5,0,0,_binary ''),(619,'Harry Potter 4','Soft Cover','9781233356239',107,39,5,4,1,5,0,0,_binary ''),(620,'Harry Potter 4','Soft Cover','9781233356256',107,39,5,4,1,5,0,0,_binary ''),(621,'Harry Potter','Soft Cover','0781234356232',107,39,5,4,1,5,0,0,_binary ''),(622,'Pride & Prejudice','Soft Cover','9781234356231',107,39,5,4,1,5,0,0,_binary ''),(623,'Circe','Soft Cover','9781234356233',107,39,5,4,1,5,0,0,_binary ''),(624,'Book Thief','Soft Cover','9781234356234',107,39,5,4,1,5,0,0,_binary ''),(625,'Lord of the Rings','Soft Cover','9781234356235',107,39,5,4,1,5,0,0,_binary ''),(626,'The Catcher In The Rye','Soft Cover','9781234356256',107,39,5,4,1,5,0,0,_binary ''),(627,'Harry Potter','Soft Cover','9781294356231',107,39,5,4,1,5,0,0,_binary ''),(628,'Harry Potter 1','Soft Cover','9781264356232',107,39,5,4,1,5,0,0,_binary ''),(629,'Harry Potter 2','Soft Cover','9784234356237',107,39,5,4,1,5,0,0,_binary ''),(630,'Harry Potter 3','Soft Cover','9781234356238',107,39,5,4,1,5,0,0,_binary ''),(631,'Harry Potter 4','Soft Cover','9781233356239',107,39,5,4,1,5,0,0,_binary ''),(632,'Harry Potter 4','Soft Cover','9781233356256',107,39,5,4,1,5,0,0,_binary ''),(633,'Harry Potter','Soft Cover','0781234356232',107,39,5,4,1,5,0,0,_binary ''),(634,'Pride & Prejudice','Soft Cover','9781234356231',107,39,5,4,1,5,0,0,_binary ''),(635,'Circe','Soft Cover','9781234356233',107,39,5,4,1,5,0,0,_binary ''),(636,'Book Thief','Soft Cover','9781234356234',107,39,5,4,1,5,0,0,_binary ''),(637,'Lord of the Rings','Soft Cover','9781234356235',107,39,5,4,1,5,0,0,_binary ''),(638,'The Catcher In The Rye','Soft Cover','9781234356256',107,39,5,4,1,5,0,0,_binary ''),(639,'Harry Potter','Soft Cover','9781294356231',107,39,5,4,1,5,0,0,_binary ''),(640,'Harry Potter 1','Soft Cover','9781264356232',107,39,5,4,1,5,0,0,_binary ''),(641,'Harry Potter 2','Soft Cover','9784234356237',107,39,5,4,1,5,0,0,_binary ''),(642,'Harry Potter 3','Soft Cover','9781234356238',107,39,5,4,1,5,0,0,_binary ''),(643,'Harry Potter 4','Soft Cover','9781233356239',107,39,5,4,1,5,0,0,_binary ''),(644,'Harry Potter 4','Soft Cover','9781233356256',107,39,5,4,1,5,0,0,_binary ''),(660,'Harry Potter','Soft Cover','0781234356232',107,39,5,4,1,5,0,0,_binary ''),(661,'Pride & Prejudice','Soft Cover','9781234356231',107,39,5,4,1,5,0,0,_binary ''),(662,'Circe','Soft Cover','9781234356233',107,39,5,4,1,5,0,0,_binary ''),(663,'Book Thief','Soft Cover','9781234356234',107,39,5,4,1,5,0,0,_binary ''),(664,'Lord of the Rings','Soft Cover','9781234356235',107,39,5,4,1,5,0,0,_binary ''),(665,'The Catcher In The Rye','Soft Cover','9781234356256',107,39,5,4,1,5,0,0,_binary ''),(666,'Harry Potter','Soft Cover','9781294356231',107,39,5,4,1,5,0,0,_binary ''),(667,'Harry Potter 1','Soft Cover','9781264356232',107,39,5,4,1,5,0,0,_binary ''),(668,'Harry Potter 2','Soft Cover','9784234356237',107,39,5,4,1,5,0,0,_binary ''),(669,'Harry Potter 3','Soft Cover','9781234356238',107,39,5,4,1,5,0,0,_binary ''),(670,'Harry Potter 4','Soft Cover','9781233356239',107,39,5,4,1,5,0,0,_binary ''),(671,'Harry Potter 4','Soft Cover','9781233356256',107,39,5,4,1,5,0,0,_binary ''),(672,'Harry Potter','Soft Cover','0781234356232',107,39,5,4,1,5,0,0,_binary ''),(673,'Pride & Prejudice','Soft Cover','9781234356231',107,39,5,4,1,5,0,0,_binary ''),(674,'Circe','Soft Cover','9781234356233',107,39,5,4,1,5,0,0,_binary ''),(675,'Book Thief','Soft Cover','9781234356234',107,39,5,4,1,5,0,0,_binary ''),(676,'Lord of the Rings','Soft Cover','9781234356235',107,39,5,4,1,5,0,0,_binary ''),(677,'The Catcher In The Rye','Soft Cover','9781234356256',107,39,5,4,1,5,0,0,_binary ''),(678,'Harry Potter','Soft Cover','9781294356231',107,39,5,4,1,5,0,0,_binary ''),(679,'Harry Potter 1','Soft Cover','9781264356232',107,39,5,4,1,5,0,0,_binary ''),(680,'Harry Potter 2','Soft Cover','9784234356237',107,39,5,4,1,5,0,0,_binary ''),(681,'Harry Potter 3','Soft Cover','9781234356238',107,39,5,4,1,5,0,0,_binary ''),(682,'Harry Potter 4','Soft Cover','9781233356239',107,39,5,4,1,5,0,0,_binary ''),(683,'Harry Potter 4','Soft Cover','9781233356256',107,39,5,4,1,5,0,0,_binary ''),(684,'Harry Potter','Soft Cover','0781234356232',107,39,5,4,1,5,0,0,_binary ''),(685,'Pride & Prejudice','Soft Cover','9781234356231',107,39,5,4,1,5,0,0,_binary ''),(686,'Circe','Soft Cover','9781234356233',107,39,5,4,1,5,0,0,_binary ''),(687,'Book Thief','Soft Cover','9781234356234',107,39,5,4,1,5,0,0,_binary ''),(688,'Lord of the Rings','Soft Cover','9781234356235',107,39,5,4,1,5,0,0,_binary ''),(689,'The Catcher In The Rye','Soft Cover','9781234356256',107,39,5,4,1,5,0,0,_binary ''),(690,'Harry Potter','Soft Cover','9781294356231',107,39,5,4,1,5,0,0,_binary ''),(691,'Harry Potter 1','Soft Cover','9781264356232',107,39,5,4,1,5,0,0,_binary ''),(692,'Harry Potter 2','Soft Cover','9784234356237',107,39,5,4,1,5,0,0,_binary ''),(693,'Harry Potter 3','Soft Cover','9781234356238',107,39,5,4,1,5,0,0,_binary ''),(694,'Harry Potter 4','Soft Cover','9781233356239',107,39,5,4,1,5,0,0,_binary ''),(695,'Harry Potter 4','Soft Cover','9781233356256',107,39,5,4,1,5,0,0,_binary ''),(696,'Harry Potter','Soft Cover','0781234356232',107,39,5,4,1,5,0,0,_binary ''),(697,'Pride & Prejudice','Soft Cover','9781234356231',107,39,5,4,1,5,0,0,_binary ''),(698,'Circe','Soft Cover','9781234356233',107,39,5,4,1,5,0,0,_binary ''),(699,'Book Thief','Soft Cover','9781234356234',107,39,5,4,1,5,0,0,_binary ''),(700,'Lord of the Rings','Soft Cover','9781234356235',107,39,5,4,1,5,0,0,_binary ''),(701,'The Catcher In The Rye','Soft Cover','9781234356256',107,39,5,4,1,5,0,0,_binary ''),(702,'Harry Potter','Soft Cover','9781294356231',107,39,5,4,1,5,0,0,_binary ''),(703,'Harry Potter 1','Soft Cover','9781264356232',107,39,5,4,1,5,0,0,_binary ''),(704,'Harry Potter 2','Soft Cover','9784234356237',107,39,5,4,1,5,0,0,_binary ''),(705,'Harry Potter 3','Soft Cover','9781234356238',107,39,5,4,1,5,0,0,_binary ''),(706,'Harry Potter 4','Soft Cover','9781233356239',107,39,5,4,1,5,0,0,_binary ''),(707,'Harry Potter 4','Soft Cover','9781233356256',107,39,5,4,1,5,0,0,_binary ''),(708,'Harry Potter','Soft Cover','0781234356232',107,39,5,4,1,5,0,0,_binary ''),(709,'Pride & Prejudice','Soft Cover','9781234356231',107,39,5,4,1,5,0,0,_binary ''),(710,'Circe','Soft Cover','9781234356233',107,39,5,4,1,5,0,0,_binary ''),(711,'Book Thief','Soft Cover','9781234356234',107,39,5,4,1,5,0,0,_binary ''),(712,'Lord of the Rings','Soft Cover','9781234356235',107,39,5,4,1,5,0,0,_binary ''),(713,'The Catcher In The Rye','Soft Cover','9781234356256',107,39,5,4,1,5,0,0,_binary ''),(714,'Harry Potter','Soft Cover','9781294356231',107,39,5,4,1,5,0,0,_binary ''),(715,'Harry Potter 1','Soft Cover','9781264356232',107,39,5,4,1,5,0,0,_binary ''),(716,'Harry Potter 2','Soft Cover','9784234356237',107,39,5,4,1,5,0,0,_binary ''),(717,'Harry Potter 3','Soft Cover','9781234356238',107,39,5,4,1,5,0,0,_binary ''),(718,'Harry Potter 4','Soft Cover','9781233356239',107,39,5,4,1,5,0,0,_binary ''),(719,'Harry Potter 4','Soft Cover','9781233356256',107,39,5,4,1,5,0,0,_binary ''),(720,'Harry Potter','Soft Cover','0781234356232',107,39,5,4,1,5,0,0,_binary ''),(721,'Pride & Prejudice','Soft Cover','9781234356231',107,39,5,4,1,5,0,0,_binary ''),(722,'Circe','Soft Cover','9781234356233',107,39,5,4,1,5,0,0,_binary ''),(723,'Book Thief','Soft Cover','9781234356234',107,39,5,4,1,5,0,0,_binary ''),(724,'Lord of the Rings','Soft Cover','9781234356235',107,39,5,4,1,5,0,0,_binary ''),(725,'The Catcher In The Rye','Soft Cover','9781234356256',107,39,5,4,1,5,0,0,_binary ''),(726,'Harry Potter','Soft Cover','9781294356231',107,39,5,4,1,5,0,0,_binary ''),(727,'Harry Potter 1','Soft Cover','9781264356232',107,39,5,4,1,5,0,0,_binary ''),(728,'Harry Potter 2','Soft Cover','9784234356237',107,39,5,4,1,5,0,0,_binary ''),(729,'Harry Potter 3','Soft Cover','9781234356238',107,39,5,4,1,5,0,0,_binary ''),(730,'Harry Potter 4','Soft Cover','9781233356239',107,39,5,4,1,5,0,0,_binary ''),(731,'Harry Potter 4','Soft Cover','9781233356256',107,39,5,4,1,5,0,0,_binary ''),(732,'Harry Potter','Soft Cover','0781234356232',107,39,5,4,1,5,0,0,_binary ''),(733,'Pride & Prejudice','Soft Cover','9781234356231',107,39,5,4,1,5,0,0,_binary ''),(734,'Circe','Soft Cover','9781234356233',107,39,5,4,1,5,0,0,_binary ''),(735,'Book Thief','Soft Cover','9781234356234',107,39,5,4,1,5,0,0,_binary ''),(736,'Lord of the Rings','Soft Cover','9781234356235',107,39,5,4,1,5,0,0,_binary ''),(737,'The Catcher In The Rye','Soft Cover','9781234356256',107,39,5,4,1,5,0,0,_binary ''),(738,'Harry Potter','Soft Cover','9781294356231',107,39,5,4,1,5,0,0,_binary ''),(739,'Harry Potter 1','Soft Cover','9781264356232',107,39,5,4,1,5,0,0,_binary ''),(740,'Harry Potter 2','Soft Cover','9784234356237',107,39,5,4,1,5,0,0,_binary ''),(741,'Harry Potter 3','Soft Cover','9781234356238',107,39,5,4,1,5,0,0,_binary ''),(742,'Harry Potter 4','Soft Cover','9781233356239',107,39,5,4,1,5,0,0,_binary ''),(743,'Harry Potter 4','Soft Cover','9781233356256',107,39,5,4,1,5,0,0,_binary ''),(744,'Harry Potter','Soft Cover','0781234356232',107,39,5,4,1,5,0,0,_binary ''),(745,'Pride & Prejudice','Soft Cover','9781234356231',107,39,5,4,1,5,0,0,_binary ''),(746,'Circe','Soft Cover','9781234356233',107,39,5,4,1,5,0,0,_binary ''),(747,'Book Thief','Soft Cover','9781234356234',107,39,5,4,1,5,0,0,_binary ''),(748,'Lord of the Rings','Soft Cover','9781234356235',107,39,5,4,1,5,0,0,_binary ''),(749,'The Catcher In The Rye','Soft Cover','9781234356256',107,39,5,4,1,5,0,0,_binary ''),(750,'Harry Potter','Soft Cover','9781294356231',107,39,5,4,1,5,0,0,_binary ''),(751,'Harry Potter 1','Soft Cover','9781264356232',107,39,5,4,1,5,0,0,_binary ''),(752,'Harry Potter 2','Soft Cover','9784234356237',107,39,5,4,1,5,0,0,_binary ''),(753,'Harry Potter 3','Soft Cover','9781234356238',107,39,5,4,1,5,0,0,_binary ''),(754,'Harry Potter 4','Soft Cover','9781233356239',107,39,5,4,1,5,0,0,_binary ''),(755,'Harry Potter 4','Soft Cover','9781233356256',107,39,5,4,1,5,0,0,_binary ''),(787,'Harry Potter','Soft Cover','0781234356232',107,39,5,4,1,5,0,0,_binary ''),(788,'Pride & Prejudice','Soft Cover','9781234356231',107,39,5,4,1,5,0,0,_binary ''),(789,'Circe','Soft Cover','9781234356233',107,39,5,4,1,5,0,0,_binary ''),(790,'Book Thief','Soft Cover','9781234356234',107,39,5,4,1,5,0,0,_binary ''),(791,'Lord of the Rings','Soft Cover','9781234356235',107,39,5,4,1,5,0,0,_binary ''),(792,'The Catcher In The Rye','Soft Cover','9781234356256',107,39,5,4,1,5,0,0,_binary ''),(793,'Harry Potter','Soft Cover','9781294356231',107,39,5,4,1,5,0,0,_binary ''),(794,'Harry Potter 1','Soft Cover','9781264356232',107,39,5,4,1,5,0,0,_binary ''),(795,'Harry Potter 2','Soft Cover','9784234356237',107,39,5,4,1,5,0,0,_binary ''),(796,'Harry Potter 3','Soft Cover','9781234356238',107,39,5,4,1,5,0,0,_binary ''),(797,'Harry Potter 4','Soft Cover','9781233356239',107,39,5,4,1,5,0,0,_binary ''),(798,'Harry Potter 4','Soft Cover','9781233356256',107,39,5,4,1,5,0,0,_binary ''),(799,'Harry Potter','Soft Cover','0781234356232',107,39,5,4,1,5,0,0,_binary ''),(800,'Pride & Prejudice','Soft Cover','9781234356231',107,39,5,4,1,5,0,0,_binary ''),(801,'Circe','Soft Cover','9781234356233',107,39,5,4,1,5,0,0,_binary ''),(802,'Book Thief','Soft Cover','9781234356234',107,39,5,4,1,5,0,0,_binary ''),(803,'Lord of the Rings','Soft Cover','9781234356235',107,39,5,4,1,5,0,0,_binary ''),(804,'The Catcher In The Rye','Soft Cover','9781234356256',107,39,5,4,1,5,0,0,_binary ''),(805,'Harry Potter','Soft Cover','9781294356231',107,39,5,4,1,5,0,0,_binary ''),(806,'Harry Potter 1','Soft Cover','9781264356232',107,39,5,4,1,5,0,0,_binary ''),(807,'Harry Potter 2','Soft Cover','9784234356237',107,39,5,4,1,5,0,0,_binary ''),(808,'Harry Potter 3','Soft Cover','9781234356238',107,39,5,4,1,5,0,0,_binary ''),(809,'Harry Potter 4','Soft Cover','9781233356239',107,39,5,4,1,5,0,0,_binary ''),(810,'Harry Potter 4','Soft Cover','9781233356256',107,39,5,4,1,5,0,0,_binary ''),(811,'Harry Potter','Soft Cover','0781234356232',107,39,5,4,1,5,0,0,_binary ''),(812,'Pride & Prejudice','Soft Cover','9781234356231',107,39,5,4,1,5,0,0,_binary ''),(813,'Circe','Soft Cover','9781234356233',107,39,5,4,1,5,0,0,_binary ''),(814,'Book Thief','Soft Cover','9781234356234',107,39,5,4,1,5,0,0,_binary ''),(815,'Lord of the Rings','Soft Cover','9781234356235',107,39,5,4,1,5,0,0,_binary ''),(816,'The Catcher In The Rye','Soft Cover','9781234356256',107,39,5,4,1,5,0,0,_binary ''),(817,'Harry Potter','Soft Cover','9781294356231',107,39,5,4,1,5,0,0,_binary ''),(818,'Harry Potter 1','Soft Cover','9781264356232',107,39,5,4,1,5,0,0,_binary ''),(819,'Harry Potter 2','Soft Cover','9784234356237',107,39,5,4,1,5,0,0,_binary ''),(820,'Harry Potter 3','Soft Cover','9781234356238',107,39,5,4,1,5,0,0,_binary ''),(821,'Harry Potter 4','Soft Cover','9781233356239',107,39,5,4,1,5,0,0,_binary ''),(822,'Harry Potter 4','Soft Cover','9781233356256',107,39,5,4,1,5,0,0,_binary ''),(823,'Harry Potter','Soft Cover','0781234356232',107,39,5,4,1,5,0,0,_binary ''),(824,'Pride & Prejudice','Soft Cover','9781234356231',107,39,5,4,1,5,0,0,_binary ''),(825,'Circe','Soft Cover','9781234356233',107,39,5,4,1,5,0,0,_binary ''),(826,'Book Thief','Soft Cover','9781234356234',107,39,5,4,1,5,0,0,_binary ''),(827,'Lord of the Rings','Soft Cover','9781234356235',107,39,5,4,1,5,0,0,_binary ''),(828,'The Catcher In The Rye','Soft Cover','9781234356256',107,39,5,4,1,5,0,0,_binary ''),(829,'Harry Potter','Soft Cover','9781294356231',107,39,5,4,1,5,0,0,_binary ''),(830,'Harry Potter 1','Soft Cover','9781264356232',107,39,5,4,1,5,0,0,_binary ''),(831,'Harry Potter 2','Soft Cover','9784234356237',107,39,5,4,1,5,0,0,_binary ''),(832,'Harry Potter 3','Soft Cover','9781234356238',107,39,5,4,1,5,0,0,_binary ''),(833,'Harry Potter 4','Soft Cover','9781233356239',107,39,5,4,1,5,0,0,_binary ''),(834,'Harry Potter 4','Soft Cover','9781233356256',107,39,5,4,1,5,0,0,_binary ''),(835,'Harry Potter','Soft Cover','0781234356232',107,39,5,4,1,5,0,0,_binary ''),(836,'Pride & Prejudice','Soft Cover','9781234356231',107,39,5,4,1,5,0,0,_binary ''),(837,'Circe','Soft Cover','9781234356233',107,39,5,4,1,5,0,0,_binary ''),(838,'Book Thief','Soft Cover','9781234356234',107,39,5,4,1,5,0,0,_binary ''),(839,'Lord of the Rings','Soft Cover','9781234356235',107,39,5,4,1,5,0,0,_binary ''),(840,'The Catcher In The Rye','Soft Cover','9781234356256',107,39,5,4,1,5,0,0,_binary ''),(841,'Harry Potter','Soft Cover','9781294356231',107,39,5,4,1,5,0,0,_binary ''),(842,'Harry Potter 1','Soft Cover','9781264356232',107,39,5,4,1,5,0,0,_binary ''),(843,'Harry Potter 2','Soft Cover','9784234356237',107,39,5,4,1,5,0,0,_binary ''),(844,'Harry Potter 3','Soft Cover','9781234356238',107,39,5,4,1,5,0,0,_binary ''),(845,'Harry Potter 4','Soft Cover','9781233356239',107,39,5,4,1,5,0,0,_binary ''),(846,'Harry Potter 4','Soft Cover','9781233356256',107,39,5,4,1,5,0,0,_binary ''),(847,'Harry Potter','Soft Cover','0781234356232',107,39,5,4,1,5,0,0,_binary ''),(848,'Pride & Prejudice','Soft Cover','9781234356231',107,39,5,4,1,5,0,0,_binary ''),(849,'Circe','Soft Cover','9781234356233',107,39,5,4,1,5,0,0,_binary ''),(850,'Book Thief','Soft Cover','9781234356234',107,39,5,4,1,5,0,0,_binary ''),(851,'Lord of the Rings','Soft Cover','9781234356235',107,39,5,4,1,5,0,0,_binary ''),(852,'The Catcher In The Rye','Soft Cover','9781234356256',107,39,5,4,1,5,0,0,_binary ''),(853,'Harry Potter','Soft Cover','9781294356231',107,39,5,4,1,5,0,0,_binary ''),(854,'Harry Potter 1','Soft Cover','9781264356232',107,39,5,4,1,5,0,0,_binary ''),(855,'Harry Potter 2','Soft Cover','9784234356237',107,39,5,4,1,5,0,0,_binary ''),(856,'Harry Potter 3','Soft Cover','9781234356238',107,39,5,4,1,5,0,0,_binary ''),(857,'Harry Potter 4','Soft Cover','9781233356239',107,39,5,4,1,5,0,0,_binary ''),(858,'Harry Potter 4','Soft Cover','9781233356256',107,39,5,4,1,5,0,0,_binary ''),(859,'Harry Potter','Soft Cover','0781234356232',107,39,5,4,1,5,0,0,_binary ''),(860,'Pride & Prejudice','Soft Cover','9781234356231',107,39,5,4,1,5,0,0,_binary ''),(861,'Circe','Soft Cover','9781234356233',107,39,5,4,1,5,0,0,_binary ''),(862,'Book Thief','Soft Cover','9781234356234',107,39,5,4,1,5,0,0,_binary ''),(863,'Lord of the Rings','Soft Cover','9781234356235',107,39,5,4,1,5,0,0,_binary ''),(864,'The Catcher In The Rye','Soft Cover','9781234356256',107,39,5,4,1,5,0,0,_binary ''),(865,'Harry Potter','Soft Cover','9781294356231',107,39,5,4,1,5,0,0,_binary ''),(866,'Harry Potter 1','Soft Cover','9781264356232',107,39,5,4,1,5,0,0,_binary ''),(867,'Harry Potter 2','Soft Cover','9784234356237',107,39,5,4,1,5,0,0,_binary ''),(868,'Harry Potter 3','Soft Cover','9781234356238',107,39,5,4,1,5,0,0,_binary ''),(869,'Harry Potter 4','Soft Cover','9781233356239',107,39,5,4,1,5,0,0,_binary ''),(870,'Harry Potter 4','Soft Cover','9781233356256',107,39,5,4,1,5,0,0,_binary ''),(871,'Harry Potter','Soft Cover','0781234356232',107,39,5,4,1,5,0,0,_binary ''),(872,'Pride & Prejudice','Soft Cover','9781234356231',107,39,5,4,1,5,0,0,_binary ''),(873,'Circe','Soft Cover','9781234356233',107,39,5,4,1,5,0,0,_binary ''),(874,'Book Thief','Soft Cover','9781234356234',107,39,5,4,1,5,0,0,_binary ''),(875,'Lord of the Rings','Soft Cover','9781234356235',107,39,5,4,1,5,0,0,_binary ''),(876,'The Catcher In The Rye','Soft Cover','9781234356256',107,39,5,4,1,5,0,0,_binary ''),(877,'Harry Potter','Soft Cover','9781294356231',107,39,5,4,1,5,0,0,_binary ''),(878,'Harry Potter 1','Soft Cover','9781264356232',107,39,5,4,1,5,0,0,_binary ''),(879,'Harry Potter 2','Soft Cover','9784234356237',107,39,5,4,1,5,0,0,_binary ''),(880,'Harry Potter 3','Soft Cover','9781234356238',107,39,5,4,1,5,0,0,_binary ''),(881,'Harry Potter 4','Soft Cover','9781233356239',107,39,5,4,1,5,0,0,_binary ''),(882,'Harry Potter 4','Soft Cover','9781233356256',107,39,5,4,1,5,0,0,_binary ''),(883,'Harry Potter','Soft Cover','0781234356232',107,39,5,4,1,5,0,0,_binary ''),(884,'Pride & Prejudice','Soft Cover','9781234356231',107,39,5,4,1,5,0,0,_binary ''),(885,'Circe','Soft Cover','9781234356233',107,39,5,4,1,5,0,0,_binary ''),(886,'Book Thief','Soft Cover','9781234356234',107,39,5,4,1,5,0,0,_binary ''),(887,'Lord of the Rings','Soft Cover','9781234356235',107,39,5,4,1,5,0,0,_binary ''),(888,'The Catcher In The Rye','Soft Cover','9781234356256',107,39,5,4,1,5,0,0,_binary ''),(889,'Harry Potter','Soft Cover','9781294356231',107,39,5,4,1,5,0,0,_binary ''),(890,'Harry Potter 1','Soft Cover','9781264356232',107,39,5,4,1,5,0,0,_binary ''),(891,'Harry Potter 2','Soft Cover','9784234356237',107,39,5,4,1,5,0,0,_binary ''),(892,'Harry Potter 3','Soft Cover','9781234356238',107,39,5,4,1,5,0,0,_binary ''),(893,'Harry Potter 4','Soft Cover','9781233356239',107,39,5,4,1,5,0,0,_binary ''),(894,'Harry Potter 4','Soft Cover','9781233356256',107,39,5,4,1,5,0,0,_binary ''),(895,'Harry Potter','Soft Cover','0781234356232',107,39,5,4,1,5,0,0,_binary ''),(896,'Pride & Prejudice','Soft Cover','9781234356231',107,39,5,4,1,5,0,0,_binary ''),(897,'Circe','Soft Cover','9781234356233',107,39,5,4,1,5,0,0,_binary ''),(898,'Book Thief','Soft Cover','9781234356234',107,39,5,4,1,5,0,0,_binary ''),(899,'Lord of the Rings','Soft Cover','9781234356235',107,39,5,4,1,5,0,0,_binary ''),(900,'The Catcher In The Rye','Soft Cover','9781234356256',107,39,5,4,1,5,0,0,_binary ''),(901,'Harry Potter','Soft Cover','9781294356231',107,39,5,4,1,5,0,0,_binary ''),(902,'Harry Potter 1','Soft Cover','9781264356232',107,39,5,4,1,5,0,0,_binary ''),(903,'Harry Potter 2','Soft Cover','9784234356237',107,39,5,4,1,5,0,0,_binary ''),(904,'Harry Potter 3','Soft Cover','9781234356238',107,39,5,4,1,5,0,0,_binary ''),(905,'Harry Potter 4','Soft Cover','9781233356239',107,39,5,4,1,5,0,0,_binary ''),(906,'Harry Potter 4','Soft Cover','9781233356256',107,39,5,4,1,5,0,0,_binary ''),(907,'Harry Potter','Soft Cover','0781234356232',107,39,5,4,1,5,0,0,_binary ''),(908,'Pride & Prejudice','Soft Cover','9781234356231',107,39,5,4,1,5,0,0,_binary ''),(909,'Circe','Soft Cover','9781234356233',107,39,5,4,1,5,0,0,_binary ''),(910,'Book Thief','Soft Cover','9781234356234',107,39,5,4,1,5,0,0,_binary ''),(911,'Lord of the Rings','Soft Cover','9781234356235',107,39,5,4,1,5,0,0,_binary ''),(912,'The Catcher In The Rye','Soft Cover','9781234356256',107,39,5,4,1,5,0,0,_binary ''),(913,'Harry Potter','Soft Cover','9781294356231',107,39,5,4,1,5,0,0,_binary ''),(914,'Harry Potter 1','Soft Cover','9781264356232',107,39,5,4,1,5,0,0,_binary ''),(915,'Harry Potter 2','Soft Cover','9784234356237',107,39,5,4,1,5,0,0,_binary ''),(916,'Harry Potter 3','Soft Cover','9781234356238',107,39,5,4,1,5,0,0,_binary ''),(917,'Harry Potter 4','Soft Cover','9781233356239',107,39,5,4,1,5,0,0,_binary ''),(918,'Harry Potter 4','Soft Cover','9781233356256',107,39,5,4,1,5,0,0,_binary ''),(919,'Harry Potter','Soft Cover','0781234356232',107,39,5,4,1,5,0,0,_binary ''),(920,'Pride & Prejudice','Soft Cover','9781234356231',107,39,5,4,1,5,0,0,_binary ''),(921,'Circe','Soft Cover','9781234356233',107,39,5,4,1,5,0,0,_binary ''),(922,'Book Thief','Soft Cover','9781234356234',107,39,5,4,1,5,0,0,_binary ''),(923,'Lord of the Rings','Soft Cover','9781234356235',107,39,5,4,1,5,0,0,_binary ''),(924,'The Catcher In The Rye','Soft Cover','9781234356256',107,39,5,4,1,5,0,0,_binary ''),(925,'Harry Potter','Soft Cover','9781294356231',107,39,5,4,1,5,0,0,_binary ''),(926,'Harry Potter 1','Soft Cover','9781264356232',107,39,5,4,1,5,0,0,_binary ''),(927,'Harry Potter 2','Soft Cover','9784234356237',107,39,5,4,1,5,0,0,_binary ''),(928,'Harry Potter 3','Soft Cover','9781234356238',107,39,5,4,1,5,0,0,_binary ''),(929,'Harry Potter 4','Soft Cover','9781233356239',107,39,5,4,1,5,0,0,_binary ''),(930,'Harry Potter 4','Soft Cover','9781233356256',107,39,5,4,1,5,0,0,_binary ''),(931,'Harry Potter','Soft Cover','0781234356232',107,39,5,4,1,5,0,0,_binary ''),(932,'Pride & Prejudice','Soft Cover','9781234356231',107,39,5,4,1,5,0,0,_binary ''),(933,'Circe','Soft Cover','9781234356233',107,39,5,4,1,5,0,0,_binary ''),(934,'Book Thief','Soft Cover','9781234356234',107,39,5,4,1,5,0,0,_binary ''),(935,'Lord of the Rings','Soft Cover','9781234356235',107,39,5,4,1,5,0,0,_binary ''),(936,'The Catcher In The Rye','Soft Cover','9781234356256',107,39,5,4,1,5,0,0,_binary ''),(937,'Harry Potter','Soft Cover','9781294356231',107,39,5,4,1,5,0,0,_binary ''),(938,'Harry Potter 1','Soft Cover','9781264356232',107,39,5,4,1,5,0,0,_binary ''),(939,'Harry Potter 2','Soft Cover','9784234356237',107,39,5,4,1,5,0,0,_binary ''),(940,'Harry Potter 3','Soft Cover','9781234356238',107,39,5,4,1,5,0,0,_binary ''),(941,'Harry Potter 4','Soft Cover','9781233356239',107,39,5,4,1,5,0,0,_binary ''),(942,'Harry Potter 4','Soft Cover','9781233356256',107,39,5,4,1,5,0,0,_binary ''),(943,'Harry Potter','Soft Cover','0781234356232',107,39,5,4,1,5,0,0,_binary ''),(944,'Pride & Prejudice','Soft Cover','9781234356231',107,39,5,4,1,5,0,0,_binary ''),(945,'Circe','Soft Cover','9781234356233',107,39,5,4,1,5,0,0,_binary ''),(946,'Book Thief','Soft Cover','9781234356234',107,39,5,4,1,5,0,0,_binary ''),(947,'Lord of the Rings','Soft Cover','9781234356235',107,39,5,4,1,5,0,0,_binary ''),(948,'The Catcher In The Rye','Soft Cover','9781234356256',107,39,5,4,1,5,0,0,_binary ''),(949,'Harry Potter','Soft Cover','9781294356231',107,39,5,4,1,5,0,0,_binary ''),(950,'Harry Potter 1','Soft Cover','9781264356232',107,39,5,4,1,5,0,0,_binary ''),(951,'Harry Potter 2','Soft Cover','9784234356237',107,39,5,4,1,5,0,0,_binary ''),(952,'Harry Potter 3','Soft Cover','9781234356238',107,39,5,4,1,5,0,0,_binary ''),(953,'Harry Potter 4','Soft Cover','9781233356239',107,39,5,4,1,5,0,0,_binary ''),(954,'Harry Potter 4','Soft Cover','9781233356256',107,39,5,4,1,5,0,0,_binary ''),(955,'Harry Potter','Soft Cover','0781234356232',107,39,5,4,1,5,0,0,_binary ''),(956,'Pride & Prejudice','Soft Cover','9781234356231',107,39,5,4,1,5,0,0,_binary ''),(957,'Circe','Soft Cover','9781234356233',107,39,5,4,1,5,0,0,_binary ''),(958,'Book Thief','Soft Cover','9781234356234',107,39,5,4,1,5,0,0,_binary ''),(959,'Lord of the Rings','Soft Cover','9781234356235',107,39,5,4,1,5,0,0,_binary ''),(960,'The Catcher In The Rye','Soft Cover','9781234356256',107,39,5,4,1,5,0,0,_binary ''),(961,'Harry Potter','Soft Cover','9781294356231',107,39,5,4,1,5,0,0,_binary ''),(962,'Harry Potter 1','Soft Cover','9781264356232',107,39,5,4,1,5,0,0,_binary ''),(963,'Harry Potter 2','Soft Cover','9784234356237',107,39,5,4,1,5,0,0,_binary ''),(964,'Harry Potter 3','Soft Cover','9781234356238',107,39,5,4,1,5,0,0,_binary ''),(965,'Harry Potter 4','Soft Cover','9781233356239',107,39,5,4,1,5,0,0,_binary ''),(966,'Harry Potter 4','Soft Cover','9781233356256',107,39,5,4,1,5,0,0,_binary ''),(967,'Harry Potter','Soft Cover','0781234356232',107,39,5,4,1,5,0,0,_binary ''),(968,'Pride & Prejudice','Soft Cover','9781234356231',107,39,5,4,1,5,0,0,_binary ''),(969,'Circe','Soft Cover','9781234356233',107,39,5,4,1,5,0,0,_binary ''),(970,'Book Thief','Soft Cover','9781234356234',107,39,5,4,1,5,0,0,_binary ''),(971,'Lord of the Rings','Soft Cover','9781234356235',107,39,5,4,1,5,0,0,_binary ''),(972,'The Catcher In The Rye','Soft Cover','9781234356256',107,39,5,4,1,5,0,0,_binary ''),(973,'Harry Potter','Soft Cover','9781294356231',107,39,5,4,1,5,0,0,_binary ''),(974,'Harry Potter 1','Soft Cover','9781264356232',107,39,5,4,1,5,0,0,_binary ''),(975,'Harry Potter 2','Soft Cover','9784234356237',107,39,5,4,1,5,0,0,_binary ''),(976,'Harry Potter 3','Soft Cover','9781234356238',107,39,5,4,1,5,0,0,_binary ''),(977,'Harry Potter 4','Soft Cover','9781233356239',107,39,5,4,1,5,0,0,_binary ''),(978,'Harry Potter 4','Soft Cover','9781233356256',107,39,5,4,1,5,0,0,_binary ''),(1042,'Harry Potter','Soft Cover','0781234356232',107,39,5,4,1,5,0,0,_binary ''),(1043,'Pride & Prejudice','Soft Cover','9781234356231',107,39,5,4,1,5,0,0,_binary ''),(1044,'Circe','Soft Cover','9781234356233',107,39,5,4,1,5,0,0,_binary ''),(1045,'Book Thief','Soft Cover','9781234356234',107,39,5,4,1,5,0,0,_binary ''),(1046,'Lord of the Rings','Soft Cover','9781234356235',107,39,5,4,1,5,0,0,_binary ''),(1047,'The Catcher In The Rye','Soft Cover','9781234356256',107,39,5,4,1,5,0,0,_binary ''),(1048,'Harry Potter','Soft Cover','9781294356231',107,39,5,4,1,5,0,0,_binary ''),(1049,'Harry Potter 1','Soft Cover','9781264356232',107,39,5,4,1,5,0,0,_binary ''),(1050,'Harry Potter 2','Soft Cover','9784234356237',107,39,5,4,1,5,0,0,_binary ''),(1051,'Harry Potter 3','Soft Cover','9781234356238',107,39,5,4,1,5,0,0,_binary ''),(1052,'Harry Potter 4','Soft Cover','9781233356239',107,39,5,4,1,5,0,0,_binary ''),(1053,'Harry Potter 4','Soft Cover','9781233356256',107,39,5,4,1,5,0,0,_binary ''),(1054,'Harry Potter','Soft Cover','0781234356232',107,39,5,4,1,5,0,0,_binary ''),(1055,'Pride & Prejudice','Soft Cover','9781234356231',107,39,5,4,1,5,0,0,_binary ''),(1056,'Circe','Soft Cover','9781234356233',107,39,5,4,1,5,0,0,_binary ''),(1057,'Book Thief','Soft Cover','9781234356234',107,39,5,4,1,5,0,0,_binary ''),(1058,'Lord of the Rings','Soft Cover','9781234356235',107,39,5,4,1,5,0,0,_binary ''),(1059,'The Catcher In The Rye','Soft Cover','9781234356256',107,39,5,4,1,5,0,0,_binary ''),(1060,'Harry Potter','Soft Cover','9781294356231',107,39,5,4,1,5,0,0,_binary ''),(1061,'Harry Potter 1','Soft Cover','9781264356232',107,39,5,4,1,5,0,0,_binary ''),(1062,'Harry Potter 2','Soft Cover','9784234356237',107,39,5,4,1,5,0,0,_binary ''),(1063,'Harry Potter 3','Soft Cover','9781234356238',107,39,5,4,1,5,0,0,_binary ''),(1064,'Harry Potter 4','Soft Cover','9781233356239',107,39,5,4,1,5,0,0,_binary ''),(1065,'Harry Potter 4','Soft Cover','9781233356256',107,39,5,4,1,5,0,0,_binary ''),(1066,'Harry Potter','Soft Cover','0781234356232',107,39,5,4,1,5,0,0,_binary ''),(1067,'Pride & Prejudice','Soft Cover','9781234356231',107,39,5,4,1,5,0,0,_binary ''),(1068,'Circe','Soft Cover','9781234356233',107,39,5,4,1,5,0,0,_binary ''),(1069,'Book Thief','Soft Cover','9781234356234',107,39,5,4,1,5,0,0,_binary ''),(1070,'Lord of the Rings','Soft Cover','9781234356235',107,39,5,4,1,5,0,0,_binary ''),(1071,'The Catcher In The Rye','Soft Cover','9781234356256',107,39,5,4,1,5,0,0,_binary ''),(1072,'Harry Potter','Soft Cover','9781294356231',107,39,5,4,1,5,0,0,_binary ''),(1073,'Harry Potter 1','Soft Cover','9781264356232',107,39,5,4,1,5,0,0,_binary ''),(1074,'Harry Potter 2','Soft Cover','9784234356237',107,39,5,4,1,5,0,0,_binary ''),(1075,'Harry Potter 3','Soft Cover','9781234356238',107,39,5,4,1,5,0,0,_binary ''),(1076,'Harry Potter 4','Soft Cover','9781233356239',107,39,5,4,1,5,0,0,_binary ''),(1077,'Harry Potter 4','Soft Cover','9781233356256',107,39,5,4,1,5,0,0,_binary ''),(1078,'Harry Potter','Soft Cover','0781234356232',107,39,5,4,1,5,0,0,_binary ''),(1079,'Pride & Prejudice','Soft Cover','9781234356231',107,39,5,4,1,5,0,0,_binary ''),(1080,'Circe','Soft Cover','9781234356233',107,39,5,4,1,5,0,0,_binary ''),(1081,'Book Thief','Soft Cover','9781234356234',107,39,5,4,1,5,0,0,_binary ''),(1082,'Lord of the Rings','Soft Cover','9781234356235',107,39,5,4,1,5,0,0,_binary ''),(1083,'The Catcher In The Rye','Soft Cover','9781234356256',107,39,5,4,1,5,0,0,_binary ''),(1084,'Harry Potter','Soft Cover','9781294356231',107,39,5,4,1,5,0,0,_binary ''),(1085,'Harry Potter 1','Soft Cover','9781264356232',107,39,5,4,1,5,0,0,_binary ''),(1086,'Harry Potter 2','Soft Cover','9784234356237',107,39,5,4,1,5,0,0,_binary ''),(1087,'Harry Potter 3','Soft Cover','9781234356238',107,39,5,4,1,5,0,0,_binary ''),(1088,'Harry Potter 4','Soft Cover','9781233356239',107,39,5,4,1,5,0,0,_binary ''),(1089,'Harry Potter 4','Soft Cover','9781233356256',107,39,5,4,1,5,0,0,_binary ''),(1090,'Harry Potter','Soft Cover','0781234356232',107,39,5,4,1,5,0,0,_binary ''),(1091,'Pride & Prejudice','Soft Cover','9781234356231',107,39,5,4,1,5,0,0,_binary ''),(1092,'Circe','Soft Cover','9781234356233',107,39,5,4,1,5,0,0,_binary ''),(1093,'Book Thief','Soft Cover','9781234356234',107,39,5,4,1,5,0,0,_binary ''),(1094,'Lord of the Rings','Soft Cover','9781234356235',107,39,5,4,1,5,0,0,_binary ''),(1095,'The Catcher In The Rye','Soft Cover','9781234356256',107,39,5,4,1,5,0,0,_binary ''),(1096,'Harry Potter','Soft Cover','9781294356231',107,39,5,4,1,5,0,0,_binary ''),(1097,'Harry Potter 1','Soft Cover','9781264356232',107,39,5,4,1,5,0,0,_binary ''),(1098,'Harry Potter 2','Soft Cover','9784234356237',107,39,5,4,1,5,0,0,_binary ''),(1099,'Harry Potter 3','Soft Cover','9781234356238',107,39,5,4,1,5,0,0,_binary ''),(1100,'Harry Potter 4','Soft Cover','9781233356239',107,39,5,4,1,5,0,0,_binary ''),(1101,'Harry Potter 4','Soft Cover','9781233356256',107,39,5,4,1,5,0,0,_binary ''),(1102,'Harry Potter','Soft Cover','0781234356232',107,39,5,4,1,5,0,0,_binary ''),(1103,'Pride & Prejudice','Soft Cover','9781234356231',107,39,5,4,1,5,0,0,_binary ''),(1104,'Circe','Soft Cover','9781234356233',107,39,5,4,1,5,0,0,_binary ''),(1105,'Book Thief','Soft Cover','9781234356234',107,39,5,4,1,5,0,0,_binary ''),(1106,'Lord of the Rings','Soft Cover','9781234356235',107,39,5,4,1,5,0,0,_binary ''),(1107,'The Catcher In The Rye','Soft Cover','9781234356256',107,39,5,4,1,5,0,0,_binary ''),(1108,'Harry Potter','Soft Cover','9781294356231',107,39,5,4,1,5,0,0,_binary ''),(1109,'Harry Potter 1','Soft Cover','9781264356232',107,39,5,4,1,5,0,0,_binary ''),(1110,'Harry Potter 2','Soft Cover','9784234356237',107,39,5,4,1,5,0,0,_binary ''),(1111,'Harry Potter 3','Soft Cover','9781234356238',107,39,5,4,1,5,0,0,_binary ''),(1112,'Harry Potter 4','Soft Cover','9781233356239',107,39,5,4,1,5,0,0,_binary ''),(1113,'Harry Potter 4','Soft Cover','9781233356256',107,39,5,4,1,5,0,0,_binary ''),(1114,'Harry Potter','Soft Cover','0781234356232',107,39,5,4,1,5,0,0,_binary ''),(1115,'Pride & Prejudice','Soft Cover','9781234356231',107,39,5,4,1,5,0,0,_binary ''),(1116,'Circe','Soft Cover','9781234356233',107,39,5,4,1,5,0,0,_binary ''),(1117,'Book Thief','Soft Cover','9781234356234',107,39,5,4,1,5,0,0,_binary ''),(1118,'Lord of the Rings','Soft Cover','9781234356235',107,39,5,4,1,5,0,0,_binary ''),(1119,'The Catcher In The Rye','Soft Cover','9781234356256',107,39,5,4,1,5,0,0,_binary ''),(1120,'Harry Potter','Soft Cover','9781294356231',107,39,5,4,1,5,0,0,_binary ''),(1121,'Harry Potter 1','Soft Cover','9781264356232',107,39,5,4,1,5,0,0,_binary ''),(1122,'Harry Potter 2','Soft Cover','9784234356237',107,39,5,4,1,5,0,0,_binary ''),(1123,'Harry Potter 3','Soft Cover','9781234356238',107,39,5,4,1,5,0,0,_binary ''),(1124,'Harry Potter 4','Soft Cover','9781233356239',107,39,5,4,1,5,0,0,_binary ''),(1125,'Harry Potter 4','Soft Cover','9781233356256',107,39,5,4,1,5,0,0,_binary ''),(1126,'Harry Potter','Soft Cover','0781234356232',107,39,5,4,1,5,0,0,_binary ''),(1127,'Pride & Prejudice','Soft Cover','9781234356231',107,39,5,4,1,5,0,0,_binary ''),(1128,'Circe','Soft Cover','9781234356233',107,39,5,4,1,5,0,0,_binary ''),(1129,'Book Thief','Soft Cover','9781234356234',107,39,5,4,1,5,0,0,_binary ''),(1130,'Lord of the Rings','Soft Cover','9781234356235',107,39,5,4,1,5,0,0,_binary ''),(1131,'The Catcher In The Rye','Soft Cover','9781234356256',107,39,5,4,1,5,0,0,_binary ''),(1132,'Harry Potter','Soft Cover','9781294356231',107,39,5,4,1,5,0,0,_binary ''),(1133,'Harry Potter 1','Soft Cover','9781264356232',107,39,5,4,1,5,0,0,_binary ''),(1134,'Harry Potter 2','Soft Cover','9784234356237',107,39,5,4,1,5,0,0,_binary ''),(1135,'Harry Potter 3','Soft Cover','9781234356238',107,39,5,4,1,5,0,0,_binary ''),(1136,'Harry Potter 4','Soft Cover','9781233356239',107,39,5,4,1,5,0,0,_binary ''),(1137,'Harry Potter 4','Soft Cover','9781233356256',107,39,5,4,1,5,0,0,_binary ''),(1138,'Harry Potter','Soft Cover','0781234356232',107,39,5,4,1,5,0,0,_binary ''),(1139,'Pride & Prejudice','Soft Cover','9781234356231',107,39,5,4,1,5,0,0,_binary ''),(1140,'Circe','Soft Cover','9781234356233',107,39,5,4,1,5,0,0,_binary ''),(1141,'Book Thief','Soft Cover','9781234356234',107,39,5,4,1,5,0,0,_binary ''),(1142,'Lord of the Rings','Soft Cover','9781234356235',107,39,5,4,1,5,0,0,_binary ''),(1143,'The Catcher In The Rye','Soft Cover','9781234356256',107,39,5,4,1,5,0,0,_binary ''),(1144,'Harry Potter','Soft Cover','9781294356231',107,39,5,4,1,5,0,0,_binary ''),(1145,'Harry Potter 1','Soft Cover','9781264356232',107,39,5,4,1,5,0,0,_binary ''),(1146,'Harry Potter 2','Soft Cover','9784234356237',107,39,5,4,1,5,0,0,_binary ''),(1147,'Harry Potter 3','Soft Cover','9781234356238',107,39,5,4,1,5,0,0,_binary ''),(1148,'Harry Potter 4','Soft Cover','9781233356239',107,39,5,4,1,5,0,0,_binary ''),(1149,'Harry Potter 4','Soft Cover','9781233356256',107,39,5,4,1,5,0,0,_binary ''),(1150,'Harry Potter','Soft Cover','0781234356232',107,39,5,4,1,5,0,0,_binary ''),(1151,'Pride & Prejudice','Soft Cover','9781234356231',107,39,5,4,1,5,0,0,_binary ''),(1152,'Circe','Soft Cover','9781234356233',107,39,5,4,1,5,0,0,_binary ''),(1153,'Book Thief','Soft Cover','9781234356234',107,39,5,4,1,5,0,0,_binary ''),(1154,'Lord of the Rings','Soft Cover','9781234356235',107,39,5,4,1,5,0,0,_binary ''),(1155,'The Catcher In The Rye','Soft Cover','9781234356256',107,39,5,4,1,5,0,0,_binary ''),(1156,'Harry Potter','Soft Cover','9781294356231',107,39,5,4,1,5,0,0,_binary ''),(1157,'Harry Potter 1','Soft Cover','9781264356232',107,39,5,4,1,5,0,0,_binary ''),(1158,'Harry Potter 2','Soft Cover','9784234356237',107,39,5,4,1,5,0,0,_binary ''),(1159,'Harry Potter 3','Soft Cover','9781234356238',107,39,5,4,1,5,0,0,_binary ''),(1160,'Harry Potter 4','Soft Cover','9781233356239',107,39,5,4,1,5,0,0,_binary ''),(1161,'Harry Potter 4','Soft Cover','9781233356256',107,39,5,4,1,5,0,0,_binary ''),(1162,'Harry Potter','Soft Cover','0781234356232',107,39,5,4,1,5,0,0,_binary ''),(1163,'Pride & Prejudice','Soft Cover','9781234356231',107,39,5,4,1,5,0,0,_binary ''),(1164,'Circe','Soft Cover','9781234356233',107,39,5,4,1,5,0,0,_binary ''),(1165,'Book Thief','Soft Cover','9781234356234',107,39,5,4,1,5,0,0,_binary ''),(1166,'Lord of the Rings','Soft Cover','9781234356235',107,39,5,4,1,5,0,0,_binary ''),(1167,'The Catcher In The Rye','Soft Cover','9781234356256',107,39,5,4,1,5,0,0,_binary ''),(1168,'Harry Potter','Soft Cover','9781294356231',107,39,5,4,1,5,0,0,_binary ''),(1169,'Harry Potter 1','Soft Cover','9781264356232',107,39,5,4,1,5,0,0,_binary ''),(1170,'Harry Potter 2','Soft Cover','9784234356237',107,39,5,4,1,5,0,0,_binary ''),(1171,'Harry Potter 3','Soft Cover','9781234356238',107,39,5,4,1,5,0,0,_binary ''),(1172,'Harry Potter 4','Soft Cover','9781233356239',107,39,5,4,1,5,0,0,_binary ''),(1173,'Harry Potter 4','Soft Cover','9781233356256',107,39,5,4,1,5,0,0,_binary ''),(1174,'Harry Potter','Soft Cover','0781234356232',107,39,5,4,1,5,0,0,_binary ''),(1175,'Pride & Prejudice','Soft Cover','9781234356231',107,39,5,4,1,5,0,0,_binary ''),(1176,'Circe','Soft Cover','9781234356233',107,39,5,4,1,5,0,0,_binary ''),(1177,'Book Thief','Soft Cover','9781234356234',107,39,5,4,1,5,0,0,_binary ''),(1178,'Lord of the Rings','Soft Cover','9781234356235',107,39,5,4,1,5,0,0,_binary ''),(1179,'The Catcher In The Rye','Soft Cover','9781234356256',107,39,5,4,1,5,0,0,_binary ''),(1180,'Harry Potter','Soft Cover','9781294356231',107,39,5,4,1,5,0,0,_binary ''),(1181,'Harry Potter 1','Soft Cover','9781264356232',107,39,5,4,1,5,0,0,_binary ''),(1182,'Harry Potter 2','Soft Cover','9784234356237',107,39,5,4,1,5,0,0,_binary ''),(1183,'Harry Potter 3','Soft Cover','9781234356238',107,39,5,4,1,5,0,0,_binary ''),(1184,'Harry Potter 4','Soft Cover','9781233356239',107,39,5,4,1,5,0,0,_binary ''),(1185,'Harry Potter 4','Soft Cover','9781233356256',107,39,5,4,1,5,0,0,_binary ''),(1186,'Harry Potter','Soft Cover','0781234356232',107,39,5,4,1,5,0,0,_binary ''),(1187,'Pride & Prejudice','Soft Cover','9781234356231',107,39,5,4,1,5,0,0,_binary ''),(1188,'Circe','Soft Cover','9781234356233',107,39,5,4,1,5,0,0,_binary ''),(1189,'Book Thief','Soft Cover','9781234356234',107,39,5,4,1,5,0,0,_binary ''),(1190,'Lord of the Rings','Soft Cover','9781234356235',107,39,5,4,1,5,0,0,_binary ''),(1191,'The Catcher In The Rye','Soft Cover','9781234356256',107,39,5,4,1,5,0,0,_binary ''),(1192,'Harry Potter','Soft Cover','9781294356231',107,39,5,4,1,5,0,0,_binary ''),(1193,'Harry Potter 1','Soft Cover','9781264356232',107,39,5,4,1,5,0,0,_binary ''),(1194,'Harry Potter 2','Soft Cover','9784234356237',107,39,5,4,1,5,0,0,_binary ''),(1195,'Harry Potter 3','Soft Cover','9781234356238',107,39,5,4,1,5,0,0,_binary ''),(1196,'Harry Potter 4','Soft Cover','9781233356239',107,39,5,4,1,5,0,0,_binary ''),(1197,'Harry Potter 4','Soft Cover','9781233356256',107,39,5,4,1,5,0,0,_binary ''),(1198,'Harry Potter','Soft Cover','0781234356232',107,39,5,4,1,5,0,0,_binary ''),(1199,'Pride & Prejudice','Soft Cover','9781234356231',107,39,5,4,1,5,0,0,_binary ''),(1200,'Circe','Soft Cover','9781234356233',107,39,5,4,1,5,0,0,_binary ''),(1201,'Book Thief','Soft Cover','9781234356234',107,39,5,4,1,5,0,0,_binary ''),(1202,'Lord of the Rings','Soft Cover','9781234356235',107,39,5,4,1,5,0,0,_binary ''),(1203,'The Catcher In The Rye','Soft Cover','9781234356256',107,39,5,4,1,5,0,0,_binary ''),(1204,'Harry Potter','Soft Cover','9781294356231',107,39,5,4,1,5,0,0,_binary ''),(1205,'Harry Potter 1','Soft Cover','9781264356232',107,39,5,4,1,5,0,0,_binary ''),(1206,'Harry Potter 2','Soft Cover','9784234356237',107,39,5,4,1,5,0,0,_binary ''),(1207,'Harry Potter 3','Soft Cover','9781234356238',107,39,5,4,1,5,0,0,_binary ''),(1208,'Harry Potter 4','Soft Cover','9781233356239',107,39,5,4,1,5,0,0,_binary ''),(1209,'Harry Potter 4','Soft Cover','9781233356256',107,39,5,4,1,5,0,0,_binary ''),(1210,'Harry Potter','Soft Cover','0781234356232',107,39,5,4,1,5,0,0,_binary ''),(1211,'Pride & Prejudice','Soft Cover','9781234356231',107,39,5,4,1,5,0,0,_binary ''),(1212,'Circe','Soft Cover','9781234356233',107,39,5,4,1,5,0,0,_binary ''),(1213,'Book Thief','Soft Cover','9781234356234',107,39,5,4,1,5,0,0,_binary ''),(1214,'Lord of the Rings','Soft Cover','9781234356235',107,39,5,4,1,5,0,0,_binary ''),(1215,'The Catcher In The Rye','Soft Cover','9781234356256',107,39,5,4,1,5,0,0,_binary ''),(1216,'Harry Potter','Soft Cover','9781294356231',107,39,5,4,1,5,0,0,_binary ''),(1217,'Harry Potter 1','Soft Cover','9781264356232',107,39,5,4,1,5,0,0,_binary ''),(1218,'Harry Potter 2','Soft Cover','9784234356237',107,39,5,4,1,5,0,0,_binary ''),(1219,'Harry Potter 3','Soft Cover','9781234356238',107,39,5,4,1,5,0,0,_binary ''),(1220,'Harry Potter 4','Soft Cover','9781233356239',107,39,5,4,1,5,0,0,_binary ''),(1221,'Harry Potter 4','Soft Cover','9781233356256',107,39,5,4,1,5,0,0,_binary ''),(1222,'Harry Potter','Soft Cover','0781234356232',107,39,5,4,1,5,0,0,_binary ''),(1223,'Pride & Prejudice','Soft Cover','9781234356231',107,39,5,4,1,5,0,0,_binary ''),(1224,'Circe','Soft Cover','9781234356233',107,39,5,4,1,5,0,0,_binary ''),(1225,'Book Thief','Soft Cover','9781234356234',107,39,5,4,1,5,0,0,_binary ''),(1226,'Lord of the Rings','Soft Cover','9781234356235',107,39,5,4,1,5,0,0,_binary ''),(1227,'The Catcher In The Rye','Soft Cover','9781234356256',107,39,5,4,1,5,0,0,_binary ''),(1228,'Harry Potter','Soft Cover','9781294356231',107,39,5,4,1,5,0,0,_binary ''),(1229,'Harry Potter 1','Soft Cover','9781264356232',107,39,5,4,1,5,0,0,_binary ''),(1230,'Harry Potter 2','Soft Cover','9784234356237',107,39,5,4,1,5,0,0,_binary ''),(1231,'Harry Potter 3','Soft Cover','9781234356238',107,39,5,4,1,5,0,0,_binary ''),(1232,'Harry Potter 4','Soft Cover','9781233356239',107,39,5,4,1,5,0,0,_binary ''),(1233,'Harry Potter 4','Soft Cover','9781233356256',107,39,5,4,1,5,0,0,_binary ''),(1234,'Harry Potter','Soft Cover','0781234356232',107,39,5,4,1,5,0,0,_binary ''),(1235,'Pride & Prejudice','Soft Cover','9781234356231',107,39,5,4,1,5,0,0,_binary ''),(1236,'Circe','Soft Cover','9781234356233',107,39,5,4,1,5,0,0,_binary ''),(1237,'Book Thief','Soft Cover','9781234356234',107,39,5,4,1,5,0,0,_binary ''),(1238,'Lord of the Rings','Soft Cover','9781234356235',107,39,5,4,1,5,0,0,_binary ''),(1239,'The Catcher In The Rye','Soft Cover','9781234356256',107,39,5,4,1,5,0,0,_binary ''),(1240,'Harry Potter','Soft Cover','9781294356231',107,39,5,4,1,5,0,0,_binary ''),(1241,'Harry Potter 1','Soft Cover','9781264356232',107,39,5,4,1,5,0,0,_binary ''),(1242,'Harry Potter 2','Soft Cover','9784234356237',107,39,5,4,1,5,0,0,_binary ''),(1243,'Harry Potter 3','Soft Cover','9781234356238',107,39,5,4,1,5,0,0,_binary ''),(1244,'Harry Potter 4','Soft Cover','9781233356239',107,39,5,4,1,5,0,0,_binary ''),(1245,'Harry Potter 4','Soft Cover','9781233356256',107,39,5,4,1,5,0,0,_binary ''),(1246,'Harry Potter','Soft Cover','0781234356232',107,39,5,4,1,5,0,0,_binary ''),(1247,'Pride & Prejudice','Soft Cover','9781234356231',107,39,5,4,1,5,0,0,_binary ''),(1248,'Circe','Soft Cover','9781234356233',107,39,5,4,1,5,0,0,_binary ''),(1249,'Book Thief','Soft Cover','9781234356234',107,39,5,4,1,5,0,0,_binary ''),(1250,'Lord of the Rings','Soft Cover','9781234356235',107,39,5,4,1,5,0,0,_binary ''),(1251,'The Catcher In The Rye','Soft Cover','9781234356256',107,39,5,4,1,5,0,0,_binary ''),(1252,'Harry Potter','Soft Cover','9781294356231',107,39,5,4,1,5,0,0,_binary ''),(1253,'Harry Potter 1','Soft Cover','9781264356232',107,39,5,4,1,5,0,0,_binary ''),(1254,'Harry Potter 2','Soft Cover','9784234356237',107,39,5,4,1,5,0,0,_binary ''),(1255,'Harry Potter 3','Soft Cover','9781234356238',107,39,5,4,1,5,0,0,_binary ''),(1256,'Harry Potter 4','Soft Cover','9781233356239',107,39,5,4,1,5,0,0,_binary ''),(1257,'Harry Potter 4','Soft Cover','9781233356256',107,39,5,4,1,5,0,0,_binary ''),(1258,'Harry Potter','Soft Cover','0781234356232',107,39,5,4,1,5,0,0,_binary ''),(1259,'Pride & Prejudice','Soft Cover','9781234356231',107,39,5,4,1,5,0,0,_binary ''),(1260,'Circe','Soft Cover','9781234356233',107,39,5,4,1,5,0,0,_binary ''),(1261,'Book Thief','Soft Cover','9781234356234',107,39,5,4,1,5,0,0,_binary ''),(1262,'Lord of the Rings','Soft Cover','9781234356235',107,39,5,4,1,5,0,0,_binary ''),(1263,'The Catcher In The Rye','Soft Cover','9781234356256',107,39,5,4,1,5,0,0,_binary ''),(1264,'Harry Potter','Soft Cover','9781294356231',107,39,5,4,1,5,0,0,_binary ''),(1265,'Harry Potter 1','Soft Cover','9781264356232',107,39,5,4,1,5,0,0,_binary ''),(1266,'Harry Potter 2','Soft Cover','9784234356237',107,39,5,4,1,5,0,0,_binary ''),(1267,'Harry Potter 3','Soft Cover','9781234356238',107,39,5,4,1,5,0,0,_binary ''),(1268,'Harry Potter 4','Soft Cover','9781233356239',107,39,5,4,1,5,0,0,_binary ''),(1269,'Harry Potter 4','Soft Cover','9781233356256',107,39,5,4,1,5,0,0,_binary ''),(1270,'Harry Potter','Soft Cover','0781234356232',107,39,5,4,1,5,0,0,_binary ''),(1271,'Pride & Prejudice','Soft Cover','9781234356231',107,39,5,4,1,5,0,0,_binary ''),(1272,'Circe','Soft Cover','9781234356233',107,39,5,4,1,5,0,0,_binary ''),(1273,'Book Thief','Soft Cover','9781234356234',107,39,5,4,1,5,0,0,_binary ''),(1274,'Lord of the Rings','Soft Cover','9781234356235',107,39,5,4,1,5,0,0,_binary ''),(1275,'The Catcher In The Rye','Soft Cover','9781234356256',107,39,5,4,1,5,0,0,_binary ''),(1276,'Harry Potter','Soft Cover','9781294356231',107,39,5,4,1,5,0,0,_binary ''),(1277,'Harry Potter 1','Soft Cover','9781264356232',107,39,5,4,1,5,0,0,_binary ''),(1278,'Harry Potter 2','Soft Cover','9784234356237',107,39,5,4,1,5,0,0,_binary ''),(1279,'Harry Potter 3','Soft Cover','9781234356238',107,39,5,4,1,5,0,0,_binary ''),(1280,'Harry Potter 4','Soft Cover','9781233356239',107,39,5,4,1,5,0,0,_binary ''),(1281,'Harry Potter 4','Soft Cover','9781233356256',107,39,5,4,1,5,0,0,_binary ''),(1282,'Harry Potter','Soft Cover','0781234356232',107,39,5,4,1,5,0,0,_binary ''),(1283,'Pride & Prejudice','Soft Cover','9781234356231',107,39,5,4,1,5,0,0,_binary ''),(1284,'Circe','Soft Cover','9781234356233',107,39,5,4,1,5,0,0,_binary ''),(1285,'Book Thief','Soft Cover','9781234356234',107,39,5,4,1,5,0,0,_binary ''),(1286,'Lord of the Rings','Soft Cover','9781234356235',107,39,5,4,1,5,0,0,_binary ''),(1287,'The Catcher In The Rye','Soft Cover','9781234356256',107,39,5,4,1,5,0,0,_binary ''),(1288,'Harry Potter','Soft Cover','9781294356231',107,39,5,4,1,5,0,0,_binary ''),(1289,'Harry Potter 1','Soft Cover','9781264356232',107,39,5,4,1,5,0,0,_binary ''),(1290,'Harry Potter 2','Soft Cover','9784234356237',107,39,5,4,1,5,0,0,_binary ''),(1291,'Harry Potter 3','Soft Cover','9781234356238',107,39,5,4,1,5,0,0,_binary ''),(1292,'Harry Potter 4','Soft Cover','9781233356239',107,39,5,4,1,5,0,0,_binary ''),(1293,'Harry Potter 4','Soft Cover','9781233356256',107,39,5,4,1,5,0,0,_binary ''),(1294,'Harry Potter','Soft Cover','0781234356232',107,39,5,4,1,5,0,0,_binary ''),(1295,'Pride & Prejudice','Soft Cover','9781234356231',107,39,5,4,1,5,0,0,_binary ''),(1296,'Circe','Soft Cover','9781234356233',107,39,5,4,1,5,0,0,_binary ''),(1297,'Book Thief','Soft Cover','9781234356234',107,39,5,4,1,5,0,0,_binary ''),(1298,'Lord of the Rings','Soft Cover','9781234356235',107,39,5,4,1,5,0,0,_binary ''),(1299,'The Catcher In The Rye','Soft Cover','9781234356256',107,39,5,4,1,5,0,0,_binary ''),(1300,'Harry Potter','Soft Cover','9781294356231',107,39,5,4,1,5,0,0,_binary ''),(1301,'Harry Potter 1','Soft Cover','9781264356232',107,39,5,4,1,5,0,0,_binary ''),(1302,'Harry Potter 2','Soft Cover','9784234356237',107,39,5,4,1,5,0,0,_binary ''),(1303,'Harry Potter 3','Soft Cover','9781234356238',107,39,5,4,1,5,0,0,_binary ''),(1304,'Harry Potter 4','Soft Cover','9781233356239',107,39,5,4,1,5,0,0,_binary ''),(1305,'Harry Potter 4','Soft Cover','9781233356256',107,39,5,4,1,5,0,0,_binary ''),(1306,'Harry Potter','Soft Cover','0781234356232',107,39,5,4,1,5,0,0,_binary ''),(1307,'Pride & Prejudice','Soft Cover','9781234356231',107,39,5,4,1,5,0,0,_binary ''),(1308,'Circe','Soft Cover','9781234356233',107,39,5,4,1,5,0,0,_binary ''),(1309,'Book Thief','Soft Cover','9781234356234',107,39,5,4,1,5,0,0,_binary ''),(1310,'Lord of the Rings','Soft Cover','9781234356235',107,39,5,4,1,5,0,0,_binary ''),(1311,'The Catcher In The Rye','Soft Cover','9781234356256',107,39,5,4,1,5,0,0,_binary ''),(1312,'Harry Potter','Soft Cover','9781294356231',107,39,5,4,1,5,0,0,_binary ''),(1313,'Harry Potter 1','Soft Cover','9781264356232',107,39,5,4,1,5,0,0,_binary ''),(1314,'Harry Potter 2','Soft Cover','9784234356237',107,39,5,4,1,5,0,0,_binary ''),(1315,'Harry Potter 3','Soft Cover','9781234356238',107,39,5,4,1,5,0,0,_binary ''),(1316,'Harry Potter 4','Soft Cover','9781233356239',107,39,5,4,1,5,0,0,_binary ''),(1317,'Harry Potter 4','Soft Cover','9781233356256',107,39,5,4,1,5,0,0,_binary ''),(1318,'Harry Potter','Soft Cover','0781234356232',107,39,5,4,1,5,0,0,_binary ''),(1319,'Pride & Prejudice','Soft Cover','9781234356231',107,39,5,4,1,5,0,0,_binary ''),(1320,'Circe','Soft Cover','9781234356233',107,39,5,4,1,5,0,0,_binary ''),(1321,'Book Thief','Soft Cover','9781234356234',107,39,5,4,1,5,0,0,_binary ''),(1322,'Lord of the Rings','Soft Cover','9781234356235',107,39,5,4,1,5,0,0,_binary ''),(1323,'The Catcher In The Rye','Soft Cover','9781234356256',107,39,5,4,1,5,0,0,_binary ''),(1324,'Harry Potter','Soft Cover','9781294356231',107,39,5,4,1,5,0,0,_binary ''),(1325,'Harry Potter 1','Soft Cover','9781264356232',107,39,5,4,1,5,0,0,_binary ''),(1326,'Harry Potter 2','Soft Cover','9784234356237',107,39,5,4,1,5,0,0,_binary ''),(1327,'Harry Potter 3','Soft Cover','9781234356238',107,39,5,4,1,5,0,0,_binary ''),(1328,'Harry Potter 4','Soft Cover','9781233356239',107,39,5,4,1,5,0,0,_binary ''),(1329,'Harry Potter 4','Soft Cover','9781233356256',107,39,5,4,1,5,0,0,_binary ''),(1330,'Harry Potter','Soft Cover','0781234356232',107,39,5,4,1,5,0,0,_binary ''),(1331,'Pride & Prejudice','Soft Cover','9781234356231',107,39,5,4,1,5,0,0,_binary ''),(1332,'Circe','Soft Cover','9781234356233',107,39,5,4,1,5,0,0,_binary ''),(1333,'Book Thief','Soft Cover','9781234356234',107,39,5,4,1,5,0,0,_binary ''),(1334,'Lord of the Rings','Soft Cover','9781234356235',107,39,5,4,1,5,0,0,_binary ''),(1335,'The Catcher In The Rye','Soft Cover','9781234356256',107,39,5,4,1,5,0,0,_binary ''),(1336,'Harry Potter','Soft Cover','9781294356231',107,39,5,4,1,5,0,0,_binary ''),(1337,'Harry Potter 1','Soft Cover','9781264356232',107,39,5,4,1,5,0,0,_binary ''),(1338,'Harry Potter 2','Soft Cover','9784234356237',107,39,5,4,1,5,0,0,_binary ''),(1339,'Harry Potter 3','Soft Cover','9781234356238',107,39,5,4,1,5,0,0,_binary ''),(1340,'Harry Potter 4','Soft Cover','9781233356239',107,39,5,4,1,5,0,0,_binary ''),(1341,'Harry Potter 4','Soft Cover','9781233356256',107,39,5,4,1,5,0,0,_binary ''),(1342,'Harry Potter','Soft Cover','0781234356232',107,39,5,4,1,5,0,0,_binary ''),(1343,'Pride & Prejudice','Soft Cover','9781234356231',107,39,5,4,1,5,0,0,_binary ''),(1344,'Circe','Soft Cover','9781234356233',107,39,5,4,1,5,0,0,_binary ''),(1345,'Book Thief','Soft Cover','9781234356234',107,39,5,4,1,5,0,0,_binary ''),(1346,'Lord of the Rings','Soft Cover','9781234356235',107,39,5,4,1,5,0,0,_binary ''),(1347,'The Catcher In The Rye','Soft Cover','9781234356256',107,39,5,4,1,5,0,0,_binary ''),(1348,'Harry Potter','Soft Cover','9781294356231',107,39,5,4,1,5,0,0,_binary ''),(1349,'Harry Potter 1','Soft Cover','9781264356232',107,39,5,4,1,5,0,0,_binary ''),(1350,'Harry Potter 2','Soft Cover','9784234356237',107,39,5,4,1,5,0,0,_binary ''),(1351,'Harry Potter 3','Soft Cover','9781234356238',107,39,5,4,1,5,0,0,_binary ''),(1352,'Harry Potter 4','Soft Cover','9781233356239',107,39,5,4,1,5,0,0,_binary ''),(1353,'Harry Potter 4','Soft Cover','9781233356256',107,39,5,4,1,5,0,0,_binary ''),(1354,'Harry Potter','Soft Cover','0781234356232',107,39,5,4,1,5,0,0,_binary ''),(1355,'Pride & Prejudice','Soft Cover','9781234356231',107,39,5,4,1,5,0,0,_binary ''),(1356,'Circe','Soft Cover','9781234356233',107,39,5,4,1,5,0,0,_binary ''),(1357,'Book Thief','Soft Cover','9781234356234',107,39,5,4,1,5,0,0,_binary ''),(1358,'Lord of the Rings','Soft Cover','9781234356235',107,39,5,4,1,5,0,0,_binary ''),(1359,'The Catcher In The Rye','Soft Cover','9781234356256',107,39,5,4,1,5,0,0,_binary ''),(1360,'Harry Potter','Soft Cover','9781294356231',107,39,5,4,1,5,0,0,_binary ''),(1361,'Harry Potter 1','Soft Cover','9781264356232',107,39,5,4,1,5,0,0,_binary ''),(1362,'Harry Potter 2','Soft Cover','9784234356237',107,39,5,4,1,5,0,0,_binary ''),(1363,'Harry Potter 3','Soft Cover','9781234356238',107,39,5,4,1,5,0,0,_binary ''),(1364,'Harry Potter 4','Soft Cover','9781233356239',107,39,5,4,1,5,0,0,_binary ''),(1365,'Harry Potter 4','Soft Cover','9781233356256',107,39,5,4,1,5,0,0,_binary ''),(1366,'Harry Potter','Soft Cover','0781234356232',107,39,5,4,1,5,0,0,_binary ''),(1367,'Pride & Prejudice','Soft Cover','9781234356231',107,39,5,4,1,5,0,0,_binary ''),(1368,'Circe','Soft Cover','9781234356233',107,39,5,4,1,5,0,0,_binary ''),(1369,'Book Thief','Soft Cover','9781234356234',107,39,5,4,1,5,0,0,_binary ''),(1370,'Lord of the Rings','Soft Cover','9781234356235',107,39,5,4,1,5,0,0,_binary ''),(1371,'The Catcher In The Rye','Soft Cover','9781234356256',107,39,5,4,1,5,0,0,_binary ''),(1372,'Harry Potter','Soft Cover','9781294356231',107,39,5,4,1,5,0,0,_binary ''),(1373,'Harry Potter 1','Soft Cover','9781264356232',107,39,5,4,1,5,0,0,_binary ''),(1374,'Harry Potter 2','Soft Cover','9784234356237',107,39,5,4,1,5,0,0,_binary ''),(1375,'Harry Potter 3','Soft Cover','9781234356238',107,39,5,4,1,5,0,0,_binary ''),(1376,'Harry Potter 4','Soft Cover','9781233356239',107,39,5,4,1,5,0,0,_binary ''),(1377,'Harry Potter 4','Soft Cover','9781233356256',107,39,5,4,1,5,0,0,_binary ''),(1378,'Harry Potter','Soft Cover','0781234356232',107,39,5,4,1,5,0,0,_binary ''),(1379,'Pride & Prejudice','Soft Cover','9781234356231',107,39,5,4,1,5,0,0,_binary ''),(1380,'Circe','Soft Cover','9781234356233',107,39,5,4,1,5,0,0,_binary ''),(1381,'Book Thief','Soft Cover','9781234356234',107,39,5,4,1,5,0,0,_binary ''),(1382,'Lord of the Rings','Soft Cover','9781234356235',107,39,5,4,1,5,0,0,_binary ''),(1383,'The Catcher In The Rye','Soft Cover','9781234356256',107,39,5,4,1,5,0,0,_binary ''),(1384,'Harry Potter','Soft Cover','9781294356231',107,39,5,4,1,5,0,0,_binary ''),(1385,'Harry Potter 1','Soft Cover','9781264356232',107,39,5,4,1,5,0,0,_binary ''),(1386,'Harry Potter 2','Soft Cover','9784234356237',107,39,5,4,1,5,0,0,_binary ''),(1387,'Harry Potter 3','Soft Cover','9781234356238',107,39,5,4,1,5,0,0,_binary ''),(1388,'Harry Potter 4','Soft Cover','9781233356239',107,39,5,4,1,5,0,0,_binary ''),(1389,'Harry Potter 4','Soft Cover','9781233356256',107,39,5,4,1,5,0,0,_binary ''),(1390,'Harry Potter','Soft Cover','0781234356232',107,39,5,4,1,5,0,0,_binary ''),(1391,'Pride & Prejudice','Soft Cover','9781234356231',107,39,5,4,1,5,0,0,_binary ''),(1392,'Circe','Soft Cover','9781234356233',107,39,5,4,1,5,0,0,_binary ''),(1393,'Book Thief','Soft Cover','9781234356234',107,39,5,4,1,5,0,0,_binary ''),(1394,'Lord of the Rings','Soft Cover','9781234356235',107,39,5,4,1,5,0,0,_binary ''),(1395,'The Catcher In The Rye','Soft Cover','9781234356256',107,39,5,4,1,5,0,0,_binary ''),(1396,'Harry Potter','Soft Cover','9781294356231',107,39,5,4,1,5,0,0,_binary ''),(1397,'Harry Potter 1','Soft Cover','9781264356232',107,39,5,4,1,5,0,0,_binary ''),(1398,'Harry Potter 2','Soft Cover','9784234356237',107,39,5,4,1,5,0,0,_binary ''),(1399,'Harry Potter 3','Soft Cover','9781234356238',107,39,5,4,1,5,0,0,_binary ''),(1400,'Harry Potter 4','Soft Cover','9781233356239',107,39,5,4,1,5,0,0,_binary ''),(1401,'Harry Potter 4','Soft Cover','9781233356256',107,39,5,4,1,5,0,0,_binary ''),(1402,'Harry Potter','Soft Cover','0781234356232',107,39,5,4,1,5,0,0,_binary ''),(1403,'Pride & Prejudice','Soft Cover','9781234356231',107,39,5,4,1,5,0,0,_binary ''),(1404,'Circe','Soft Cover','9781234356233',107,39,5,4,1,5,0,0,_binary ''),(1405,'Book Thief','Soft Cover','9781234356234',107,39,5,4,1,5,0,0,_binary ''),(1406,'Lord of the Rings','Soft Cover','9781234356235',107,39,5,4,1,5,0,0,_binary ''),(1407,'The Catcher In The Rye','Soft Cover','9781234356256',107,39,5,4,1,5,0,0,_binary ''),(1408,'Harry Potter','Soft Cover','9781294356231',107,39,5,4,1,5,0,0,_binary ''),(1409,'Harry Potter 1','Soft Cover','9781264356232',107,39,5,4,1,5,0,0,_binary ''),(1410,'Harry Potter 2','Soft Cover','9784234356237',107,39,5,4,1,5,0,0,_binary ''),(1411,'Harry Potter 3','Soft Cover','9781234356238',107,39,5,4,1,5,0,0,_binary ''),(1412,'Harry Potter 4','Soft Cover','9781233356239',107,39,5,4,1,5,0,0,_binary ''),(1413,'Harry Potter 4','Soft Cover','9781233356256',107,39,5,4,1,5,0,0,_binary ''),(1414,'Harry Potter','Soft Cover','0781234356232',107,39,5,4,1,5,0,0,_binary ''),(1415,'Pride & Prejudice','Soft Cover','9781234356231',107,39,5,4,1,5,0,0,_binary ''),(1416,'Circe','Soft Cover','9781234356233',107,39,5,4,1,5,0,0,_binary ''),(1417,'Book Thief','Soft Cover','9781234356234',107,39,5,4,1,5,0,0,_binary ''),(1418,'Lord of the Rings','Soft Cover','9781234356235',107,39,5,4,1,5,0,0,_binary ''),(1419,'The Catcher In The Rye','Soft Cover','9781234356256',107,39,5,4,1,5,0,0,_binary ''),(1420,'Harry Potter','Soft Cover','9781294356231',107,39,5,4,1,5,0,0,_binary ''),(1421,'Harry Potter 1','Soft Cover','9781264356232',107,39,5,4,1,5,0,0,_binary ''),(1422,'Harry Potter 2','Soft Cover','9784234356237',107,39,5,4,1,5,0,0,_binary ''),(1423,'Harry Potter 3','Soft Cover','9781234356238',107,39,5,4,1,5,0,0,_binary ''),(1424,'Harry Potter 4','Soft Cover','9781233356239',107,39,5,4,1,5,0,0,_binary ''),(1425,'Harry Potter 4','Soft Cover','9781233356256',107,39,5,4,1,5,0,0,_binary ''),(1553,'Harry Potter','Soft Cover','0781234356232',107,39,5,4,1,5,0,0,_binary ''),(1554,'Pride & Prejudice','Soft Cover','9781234356231',107,39,5,4,1,5,0,0,_binary ''),(1555,'Circe','Soft Cover','9781234356233',107,39,5,4,1,5,0,0,_binary ''),(1556,'Book Thief','Soft Cover','9781234356234',107,39,5,4,1,5,0,0,_binary ''),(1557,'Lord of the Rings','Soft Cover','9781234356235',107,39,5,4,1,5,0,0,_binary ''),(1558,'The Catcher In The Rye','Soft Cover','9781234356256',107,39,5,4,1,5,0,0,_binary ''),(1559,'Harry Potter','Soft Cover','9781294356231',107,39,5,4,1,5,0,0,_binary ''),(1560,'Harry Potter 1','Soft Cover','9781264356232',107,39,5,4,1,5,0,0,_binary ''),(1561,'Harry Potter 2','Soft Cover','9784234356237',107,39,5,4,1,5,0,0,_binary ''),(1562,'Harry Potter 3','Soft Cover','9781234356238',107,39,5,4,1,5,0,0,_binary ''),(1563,'Harry Potter 4','Soft Cover','9781233356239',107,39,5,4,1,5,0,0,_binary ''),(1564,'Harry Potter 4','Soft Cover','9781233356256',107,39,5,4,1,5,0,0,_binary ''),(1565,'Harry Potter','Soft Cover','0781234356232',107,39,5,4,1,5,0,0,_binary ''),(1566,'Pride & Prejudice','Soft Cover','9781234356231',107,39,5,4,1,5,0,0,_binary ''),(1567,'Circe','Soft Cover','9781234356233',107,39,5,4,1,5,0,0,_binary ''),(1568,'Book Thief','Soft Cover','9781234356234',107,39,5,4,1,5,0,0,_binary ''),(1569,'Lord of the Rings','Soft Cover','9781234356235',107,39,5,4,1,5,0,0,_binary ''),(1570,'The Catcher In The Rye','Soft Cover','9781234356256',107,39,5,4,1,5,0,0,_binary ''),(1571,'Harry Potter','Soft Cover','9781294356231',107,39,5,4,1,5,0,0,_binary ''),(1572,'Harry Potter 1','Soft Cover','9781264356232',107,39,5,4,1,5,0,0,_binary ''),(1573,'Harry Potter 2','Soft Cover','9784234356237',107,39,5,4,1,5,0,0,_binary ''),(1574,'Harry Potter 3','Soft Cover','9781234356238',107,39,5,4,1,5,0,0,_binary ''),(1575,'Harry Potter 4','Soft Cover','9781233356239',107,39,5,4,1,5,0,0,_binary ''),(1576,'Harry Potter 4','Soft Cover','9781233356256',107,39,5,4,1,5,0,0,_binary ''),(1577,'Harry Potter','Soft Cover','0781234356232',107,39,5,4,1,5,0,0,_binary ''),(1578,'Pride & Prejudice','Soft Cover','9781234356231',107,39,5,4,1,5,0,0,_binary ''),(1579,'Circe','Soft Cover','9781234356233',107,39,5,4,1,5,0,0,_binary ''),(1580,'Book Thief','Soft Cover','9781234356234',107,39,5,4,1,5,0,0,_binary ''),(1581,'Lord of the Rings','Soft Cover','9781234356235',107,39,5,4,1,5,0,0,_binary ''),(1582,'The Catcher In The Rye','Soft Cover','9781234356256',107,39,5,4,1,5,0,0,_binary ''),(1583,'Harry Potter','Soft Cover','9781294356231',107,39,5,4,1,5,0,0,_binary ''),(1584,'Harry Potter 1','Soft Cover','9781264356232',107,39,5,4,1,5,0,0,_binary ''),(1585,'Harry Potter 2','Soft Cover','9784234356237',107,39,5,4,1,5,0,0,_binary ''),(1586,'Harry Potter 3','Soft Cover','9781234356238',107,39,5,4,1,5,0,0,_binary ''),(1587,'Harry Potter 4','Soft Cover','9781233356239',107,39,5,4,1,5,0,0,_binary ''),(1588,'Harry Potter 4','Soft Cover','9781233356256',107,39,5,4,1,5,0,0,_binary ''),(1589,'Harry Potter','Soft Cover','0781234356232',107,39,5,4,1,5,0,0,_binary ''),(1590,'Pride & Prejudice','Soft Cover','9781234356231',107,39,5,4,1,5,0,0,_binary ''),(1591,'Circe','Soft Cover','9781234356233',107,39,5,4,1,5,0,0,_binary ''),(1592,'Book Thief','Soft Cover','9781234356234',107,39,5,4,1,5,0,0,_binary ''),(1593,'Lord of the Rings','Soft Cover','9781234356235',107,39,5,4,1,5,0,0,_binary ''),(1594,'The Catcher In The Rye','Soft Cover','9781234356256',107,39,5,4,1,5,0,0,_binary ''),(1595,'Harry Potter','Soft Cover','9781294356231',107,39,5,4,1,5,0,0,_binary ''),(1596,'Harry Potter 1','Soft Cover','9781264356232',107,39,5,4,1,5,0,0,_binary ''),(1597,'Harry Potter 2','Soft Cover','9784234356237',107,39,5,4,1,5,0,0,_binary ''),(1598,'Harry Potter 3','Soft Cover','9781234356238',107,39,5,4,1,5,0,0,_binary ''),(1599,'Harry Potter 4','Soft Cover','9781233356239',107,39,5,4,1,5,0,0,_binary ''),(1600,'Harry Potter 4','Soft Cover','9781233356256',107,39,5,4,1,5,0,0,_binary ''),(1601,'Harry Potter','Soft Cover','0781234356232',107,39,5,4,1,5,0,0,_binary ''),(1602,'Pride & Prejudice','Soft Cover','9781234356231',107,39,5,4,1,5,0,0,_binary ''),(1603,'Circe','Soft Cover','9781234356233',107,39,5,4,1,5,0,0,_binary ''),(1604,'Book Thief','Soft Cover','9781234356234',107,39,5,4,1,5,0,0,_binary ''),(1605,'Lord of the Rings','Soft Cover','9781234356235',107,39,5,4,1,5,0,0,_binary ''),(1606,'The Catcher In The Rye','Soft Cover','9781234356256',107,39,5,4,1,5,0,0,_binary ''),(1607,'Harry Potter','Soft Cover','9781294356231',107,39,5,4,1,5,0,0,_binary ''),(1608,'Harry Potter 1','Soft Cover','9781264356232',107,39,5,4,1,5,0,0,_binary ''),(1609,'Harry Potter 2','Soft Cover','9784234356237',107,39,5,4,1,5,0,0,_binary ''),(1610,'Harry Potter 3','Soft Cover','9781234356238',107,39,5,4,1,5,0,0,_binary ''),(1611,'Harry Potter 4','Soft Cover','9781233356239',107,39,5,4,1,5,0,0,_binary ''),(1612,'Harry Potter 4','Soft Cover','9781233356256',107,39,5,4,1,5,0,0,_binary ''),(1613,'Harry Potter','Soft Cover','0781234356232',107,39,5,4,1,5,0,0,_binary ''),(1614,'Pride & Prejudice','Soft Cover','9781234356231',107,39,5,4,1,5,0,0,_binary ''),(1615,'Circe','Soft Cover','9781234356233',107,39,5,4,1,5,0,0,_binary ''),(1616,'Book Thief','Soft Cover','9781234356234',107,39,5,4,1,5,0,0,_binary ''),(1617,'Lord of the Rings','Soft Cover','9781234356235',107,39,5,4,1,5,0,0,_binary ''),(1618,'The Catcher In The Rye','Soft Cover','9781234356256',107,39,5,4,1,5,0,0,_binary ''),(1619,'Harry Potter','Soft Cover','9781294356231',107,39,5,4,1,5,0,0,_binary ''),(1620,'Harry Potter 1','Soft Cover','9781264356232',107,39,5,4,1,5,0,0,_binary ''),(1621,'Harry Potter 2','Soft Cover','9784234356237',107,39,5,4,1,5,0,0,_binary ''),(1622,'Harry Potter 3','Soft Cover','9781234356238',107,39,5,4,1,5,0,0,_binary ''),(1623,'Harry Potter 4','Soft Cover','9781233356239',107,39,5,4,1,5,0,0,_binary ''),(1624,'Harry Potter 4','Soft Cover','9781233356256',107,39,5,4,1,5,0,0,_binary ''),(1625,'Harry Potter','Soft Cover','0781234356232',107,39,5,4,1,5,0,0,_binary ''),(1626,'Pride & Prejudice','Soft Cover','9781234356231',107,39,5,4,1,5,0,0,_binary ''),(1627,'Circe','Soft Cover','9781234356233',107,39,5,4,1,5,0,0,_binary ''),(1628,'Book Thief','Soft Cover','9781234356234',107,39,5,4,1,5,0,0,_binary ''),(1629,'Lord of the Rings','Soft Cover','9781234356235',107,39,5,4,1,5,0,0,_binary ''),(1630,'The Catcher In The Rye','Soft Cover','9781234356256',107,39,5,4,1,5,0,0,_binary ''),(1631,'Harry Potter','Soft Cover','9781294356231',107,39,5,4,1,5,0,0,_binary ''),(1632,'Harry Potter 1','Soft Cover','9781264356232',107,39,5,4,1,5,0,0,_binary ''),(1633,'Harry Potter 2','Soft Cover','9784234356237',107,39,5,4,1,5,0,0,_binary ''),(1634,'Harry Potter 3','Soft Cover','9781234356238',107,39,5,4,1,5,0,0,_binary ''),(1635,'Harry Potter 4','Soft Cover','9781233356239',107,39,5,4,1,5,0,0,_binary ''),(1636,'Harry Potter 4','Soft Cover','9781233356256',107,39,5,4,1,5,0,0,_binary ''),(1637,'Harry Potter','Soft Cover','0781234356232',107,39,5,4,1,5,0,0,_binary ''),(1638,'Pride & Prejudice','Soft Cover','9781234356231',107,39,5,4,1,5,0,0,_binary ''),(1639,'Circe','Soft Cover','9781234356233',107,39,5,4,1,5,0,0,_binary ''),(1640,'Book Thief','Soft Cover','9781234356234',107,39,5,4,1,5,0,0,_binary ''),(1641,'Lord of the Rings','Soft Cover','9781234356235',107,39,5,4,1,5,0,0,_binary ''),(1642,'The Catcher In The Rye','Soft Cover','9781234356256',107,39,5,4,1,5,0,0,_binary ''),(1643,'Harry Potter','Soft Cover','9781294356231',107,39,5,4,1,5,0,0,_binary ''),(1644,'Harry Potter 1','Soft Cover','9781264356232',107,39,5,4,1,5,0,0,_binary ''),(1645,'Harry Potter 2','Soft Cover','9784234356237',107,39,5,4,1,5,0,0,_binary ''),(1646,'Harry Potter 3','Soft Cover','9781234356238',107,39,5,4,1,5,0,0,_binary ''),(1647,'Harry Potter 4','Soft Cover','9781233356239',107,39,5,4,1,5,0,0,_binary ''),(1648,'Harry Potter 4','Soft Cover','9781233356256',107,39,5,4,1,5,0,0,_binary ''),(1649,'Harry Potter','Soft Cover','0781234356232',107,39,5,4,1,5,0,0,_binary ''),(1650,'Pride & Prejudice','Soft Cover','9781234356231',107,39,5,4,1,5,0,0,_binary ''),(1651,'Circe','Soft Cover','9781234356233',107,39,5,4,1,5,0,0,_binary ''),(1652,'Book Thief','Soft Cover','9781234356234',107,39,5,4,1,5,0,0,_binary ''),(1653,'Lord of the Rings','Soft Cover','9781234356235',107,39,5,4,1,5,0,0,_binary ''),(1654,'The Catcher In The Rye','Soft Cover','9781234356256',107,39,5,4,1,5,0,0,_binary ''),(1655,'Harry Potter','Soft Cover','9781294356231',107,39,5,4,1,5,0,0,_binary ''),(1656,'Harry Potter 1','Soft Cover','9781264356232',107,39,5,4,1,5,0,0,_binary ''),(1657,'Harry Potter 2','Soft Cover','9784234356237',107,39,5,4,1,5,0,0,_binary ''),(1658,'Harry Potter 3','Soft Cover','9781234356238',107,39,5,4,1,5,0,0,_binary ''),(1659,'Harry Potter 4','Soft Cover','9781233356239',107,39,5,4,1,5,0,0,_binary ''),(1660,'Harry Potter 4','Soft Cover','9781233356256',107,39,5,4,1,5,0,0,_binary ''),(1661,'Harry Potter','Soft Cover','0781234356232',107,39,5,4,1,5,0,0,_binary ''),(1662,'Pride & Prejudice','Soft Cover','9781234356231',107,39,5,4,1,5,0,0,_binary ''),(1663,'Circe','Soft Cover','9781234356233',107,39,5,4,1,5,0,0,_binary ''),(1664,'Book Thief','Soft Cover','9781234356234',107,39,5,4,1,5,0,0,_binary ''),(1665,'Lord of the Rings','Soft Cover','9781234356235',107,39,5,4,1,5,0,0,_binary ''),(1666,'The Catcher In The Rye','Soft Cover','9781234356256',107,39,5,4,1,5,0,0,_binary ''),(1667,'Harry Potter','Soft Cover','9781294356231',107,39,5,4,1,5,0,0,_binary ''),(1668,'Harry Potter 1','Soft Cover','9781264356232',107,39,5,4,1,5,0,0,_binary ''),(1669,'Harry Potter 2','Soft Cover','9784234356237',107,39,5,4,1,5,0,0,_binary ''),(1670,'Harry Potter 3','Soft Cover','9781234356238',107,39,5,4,1,5,0,0,_binary ''),(1671,'Harry Potter 4','Soft Cover','9781233356239',107,39,5,4,1,5,0,0,_binary ''),(1672,'Harry Potter 4','Soft Cover','9781233356256',107,39,5,4,1,5,0,0,_binary ''),(1673,'Harry Potter','Soft Cover','0781234356232',107,39,5,4,1,5,0,0,_binary ''),(1674,'Pride & Prejudice','Soft Cover','9781234356231',107,39,5,4,1,5,0,0,_binary ''),(1675,'Circe','Soft Cover','9781234356233',107,39,5,4,1,5,0,0,_binary ''),(1676,'Book Thief','Soft Cover','9781234356234',107,39,5,4,1,5,0,0,_binary ''),(1677,'Lord of the Rings','Soft Cover','9781234356235',107,39,5,4,1,5,0,0,_binary ''),(1678,'The Catcher In The Rye','Soft Cover','9781234356256',107,39,5,4,1,5,0,0,_binary ''),(1679,'Harry Potter','Soft Cover','9781294356231',107,39,5,4,1,5,0,0,_binary ''),(1680,'Harry Potter 1','Soft Cover','9781264356232',107,39,5,4,1,5,0,0,_binary ''),(1681,'Harry Potter 2','Soft Cover','9784234356237',107,39,5,4,1,5,0,0,_binary ''),(1682,'Harry Potter 3','Soft Cover','9781234356238',107,39,5,4,1,5,0,0,_binary ''),(1683,'Harry Potter 4','Soft Cover','9781233356239',107,39,5,4,1,5,0,0,_binary ''),(1684,'Harry Potter 4','Soft Cover','9781233356256',107,39,5,4,1,5,0,0,_binary ''),(1685,'Harry Potter','Soft Cover','0781234356232',107,39,5,4,1,5,0,0,_binary ''),(1686,'Pride & Prejudice','Soft Cover','9781234356231',107,39,5,4,1,5,0,0,_binary ''),(1687,'Circe','Soft Cover','9781234356233',107,39,5,4,1,5,0,0,_binary ''),(1688,'Book Thief','Soft Cover','9781234356234',107,39,5,4,1,5,0,0,_binary ''),(1689,'Lord of the Rings','Soft Cover','9781234356235',107,39,5,4,1,5,0,0,_binary ''),(1690,'The Catcher In The Rye','Soft Cover','9781234356256',107,39,5,4,1,5,0,0,_binary ''),(1691,'Harry Potter','Soft Cover','9781294356231',107,39,5,4,1,5,0,0,_binary ''),(1692,'Harry Potter 1','Soft Cover','9781264356232',107,39,5,4,1,5,0,0,_binary ''),(1693,'Harry Potter 2','Soft Cover','9784234356237',107,39,5,4,1,5,0,0,_binary ''),(1694,'Harry Potter 3','Soft Cover','9781234356238',107,39,5,4,1,5,0,0,_binary ''),(1695,'Harry Potter 4','Soft Cover','9781233356239',107,39,5,4,1,5,0,0,_binary ''),(1696,'Harry Potter 4','Soft Cover','9781233356256',107,39,5,4,1,5,0,0,_binary ''),(1697,'Harry Potter','Soft Cover','0781234356232',107,39,5,4,1,5,0,0,_binary ''),(1698,'Pride & Prejudice','Soft Cover','9781234356231',107,39,5,4,1,5,0,0,_binary ''),(1699,'Circe','Soft Cover','9781234356233',107,39,5,4,1,5,0,0,_binary ''),(1700,'Book Thief','Soft Cover','9781234356234',107,39,5,4,1,5,0,0,_binary ''),(1701,'Lord of the Rings','Soft Cover','9781234356235',107,39,5,4,1,5,0,0,_binary ''),(1702,'The Catcher In The Rye','Soft Cover','9781234356256',107,39,5,4,1,5,0,0,_binary ''),(1703,'Harry Potter','Soft Cover','9781294356231',107,39,5,4,1,5,0,0,_binary ''),(1704,'Harry Potter 1','Soft Cover','9781264356232',107,39,5,4,1,5,0,0,_binary ''),(1705,'Harry Potter 2','Soft Cover','9784234356237',107,39,5,4,1,5,0,0,_binary ''),(1706,'Harry Potter 3','Soft Cover','9781234356238',107,39,5,4,1,5,0,0,_binary ''),(1707,'Harry Potter 4','Soft Cover','9781233356239',107,39,5,4,1,5,0,0,_binary ''),(1708,'Harry Potter 4','Soft Cover','9781233356256',107,39,5,4,1,5,0,0,_binary ''),(1709,'Harry Potter','Soft Cover','0781234356232',107,39,5,4,1,5,0,0,_binary ''),(1710,'Pride & Prejudice','Soft Cover','9781234356231',107,39,5,4,1,5,0,0,_binary ''),(1711,'Circe','Soft Cover','9781234356233',107,39,5,4,1,5,0,0,_binary ''),(1712,'Book Thief','Soft Cover','9781234356234',107,39,5,4,1,5,0,0,_binary ''),(1713,'Lord of the Rings','Soft Cover','9781234356235',107,39,5,4,1,5,0,0,_binary ''),(1714,'The Catcher In The Rye','Soft Cover','9781234356256',107,39,5,4,1,5,0,0,_binary ''),(1715,'Harry Potter','Soft Cover','9781294356231',107,39,5,4,1,5,0,0,_binary ''),(1716,'Harry Potter 1','Soft Cover','9781264356232',107,39,5,4,1,5,0,0,_binary ''),(1717,'Harry Potter 2','Soft Cover','9784234356237',107,39,5,4,1,5,0,0,_binary ''),(1718,'Harry Potter 3','Soft Cover','9781234356238',107,39,5,4,1,5,0,0,_binary ''),(1719,'Harry Potter 4','Soft Cover','9781233356239',107,39,5,4,1,5,0,0,_binary ''),(1720,'Harry Potter 4','Soft Cover','9781233356256',107,39,5,4,1,5,0,0,_binary ''),(1721,'Harry Potter','Soft Cover','0781234356232',107,39,5,4,1,5,0,0,_binary ''),(1722,'Pride & Prejudice','Soft Cover','9781234356231',107,39,5,4,1,5,0,0,_binary ''),(1723,'Circe','Soft Cover','9781234356233',107,39,5,4,1,5,0,0,_binary ''),(1724,'Book Thief','Soft Cover','9781234356234',107,39,5,4,1,5,0,0,_binary ''),(1725,'Lord of the Rings','Soft Cover','9781234356235',107,39,5,4,1,5,0,0,_binary ''),(1726,'The Catcher In The Rye','Soft Cover','9781234356256',107,39,5,4,1,5,0,0,_binary ''),(1727,'Harry Potter','Soft Cover','9781294356231',107,39,5,4,1,5,0,0,_binary ''),(1728,'Harry Potter 1','Soft Cover','9781264356232',107,39,5,4,1,5,0,0,_binary ''),(1729,'Harry Potter 2','Soft Cover','9784234356237',107,39,5,4,1,5,0,0,_binary ''),(1730,'Harry Potter 3','Soft Cover','9781234356238',107,39,5,4,1,5,0,0,_binary ''),(1731,'Harry Potter 4','Soft Cover','9781233356239',107,39,5,4,1,5,0,0,_binary ''),(1732,'Harry Potter 4','Soft Cover','9781233356256',107,39,5,4,1,5,0,0,_binary ''),(1733,'Harry Potter','Soft Cover','0781234356232',107,39,5,4,1,5,0,0,_binary ''),(1734,'Pride & Prejudice','Soft Cover','9781234356231',107,39,5,4,1,5,0,0,_binary ''),(1735,'Circe','Soft Cover','9781234356233',107,39,5,4,1,5,0,0,_binary ''),(1736,'Book Thief','Soft Cover','9781234356234',107,39,5,4,1,5,0,0,_binary ''),(1737,'Lord of the Rings','Soft Cover','9781234356235',107,39,5,4,1,5,0,0,_binary ''),(1738,'The Catcher In The Rye','Soft Cover','9781234356256',107,39,5,4,1,5,0,0,_binary ''),(1739,'Harry Potter','Soft Cover','9781294356231',107,39,5,4,1,5,0,0,_binary ''),(1740,'Harry Potter 1','Soft Cover','9781264356232',107,39,5,4,1,5,0,0,_binary ''),(1741,'Harry Potter 2','Soft Cover','9784234356237',107,39,5,4,1,5,0,0,_binary ''),(1742,'Harry Potter 3','Soft Cover','9781234356238',107,39,5,4,1,5,0,0,_binary ''),(1743,'Harry Potter 4','Soft Cover','9781233356239',107,39,5,4,1,5,0,0,_binary ''),(1744,'Harry Potter 4','Soft Cover','9781233356256',107,39,5,4,1,5,0,0,_binary ''),(1745,'Harry Potter','Soft Cover','0781234356232',107,39,5,4,1,5,0,0,_binary ''),(1746,'Pride & Prejudice','Soft Cover','9781234356231',107,39,5,4,1,5,0,0,_binary ''),(1747,'Circe','Soft Cover','9781234356233',107,39,5,4,1,5,0,0,_binary ''),(1748,'Book Thief','Soft Cover','9781234356234',107,39,5,4,1,5,0,0,_binary ''),(1749,'Lord of the Rings','Soft Cover','9781234356235',107,39,5,4,1,5,0,0,_binary ''),(1750,'The Catcher In The Rye','Soft Cover','9781234356256',107,39,5,4,1,5,0,0,_binary ''),(1751,'Harry Potter','Soft Cover','9781294356231',107,39,5,4,1,5,0,0,_binary ''),(1752,'Harry Potter 1','Soft Cover','9781264356232',107,39,5,4,1,5,0,0,_binary ''),(1753,'Harry Potter 2','Soft Cover','9784234356237',107,39,5,4,1,5,0,0,_binary ''),(1754,'Harry Potter 3','Soft Cover','9781234356238',107,39,5,4,1,5,0,0,_binary ''),(1755,'Harry Potter 4','Soft Cover','9781233356239',107,39,5,4,1,5,0,0,_binary ''),(1756,'Harry Potter 4','Soft Cover','9781233356256',107,39,5,4,1,5,0,0,_binary ''),(1757,'Harry Potter','Soft Cover','0781234356232',107,39,5,4,1,5,0,0,_binary ''),(1758,'Pride & Prejudice','Soft Cover','9781234356231',107,39,5,4,1,5,0,0,_binary ''),(1759,'Circe','Soft Cover','9781234356233',107,39,5,4,1,5,0,0,_binary ''),(1760,'Book Thief','Soft Cover','9781234356234',107,39,5,4,1,5,0,0,_binary ''),(1761,'Lord of the Rings','Soft Cover','9781234356235',107,39,5,4,1,5,0,0,_binary ''),(1762,'The Catcher In The Rye','Soft Cover','9781234356256',107,39,5,4,1,5,0,0,_binary ''),(1763,'Harry Potter','Soft Cover','9781294356231',107,39,5,4,1,5,0,0,_binary ''),(1764,'Harry Potter 1','Soft Cover','9781264356232',107,39,5,4,1,5,0,0,_binary ''),(1765,'Harry Potter 2','Soft Cover','9784234356237',107,39,5,4,1,5,0,0,_binary ''),(1766,'Harry Potter 3','Soft Cover','9781234356238',107,39,5,4,1,5,0,0,_binary ''),(1767,'Harry Potter 4','Soft Cover','9781233356239',107,39,5,4,1,5,0,0,_binary ''),(1768,'Harry Potter 4','Soft Cover','9781233356256',107,39,5,4,1,5,0,0,_binary ''),(1769,'Harry Potter','Soft Cover','0781234356232',107,39,5,4,1,5,0,0,_binary ''),(1770,'Pride & Prejudice','Soft Cover','9781234356231',107,39,5,4,1,5,0,0,_binary ''),(1771,'Circe','Soft Cover','9781234356233',107,39,5,4,1,5,0,0,_binary ''),(1772,'Book Thief','Soft Cover','9781234356234',107,39,5,4,1,5,0,0,_binary ''),(1773,'Lord of the Rings','Soft Cover','9781234356235',107,39,5,4,1,5,0,0,_binary ''),(1774,'The Catcher In The Rye','Soft Cover','9781234356256',107,39,5,4,1,5,0,0,_binary ''),(1775,'Harry Potter','Soft Cover','9781294356231',107,39,5,4,1,5,0,0,_binary ''),(1776,'Harry Potter 1','Soft Cover','9781264356232',107,39,5,4,1,5,0,0,_binary ''),(1777,'Harry Potter 2','Soft Cover','9784234356237',107,39,5,4,1,5,0,0,_binary ''),(1778,'Harry Potter 3','Soft Cover','9781234356238',107,39,5,4,1,5,0,0,_binary ''),(1779,'Harry Potter 4','Soft Cover','9781233356239',107,39,5,4,1,5,0,0,_binary ''),(1780,'Harry Potter 4','Soft Cover','9781233356256',107,39,5,4,1,5,0,0,_binary ''),(1781,'Harry Potter','Soft Cover','0781234356232',107,39,5,4,1,5,0,0,_binary ''),(1782,'Pride & Prejudice','Soft Cover','9781234356231',107,39,5,4,1,5,0,0,_binary ''),(1783,'Circe','Soft Cover','9781234356233',107,39,5,4,1,5,0,0,_binary ''),(1784,'Book Thief','Soft Cover','9781234356234',107,39,5,4,1,5,0,0,_binary ''),(1785,'Lord of the Rings','Soft Cover','9781234356235',107,39,5,4,1,5,0,0,_binary ''),(1786,'The Catcher In The Rye','Soft Cover','9781234356256',107,39,5,4,1,5,0,0,_binary ''),(1787,'Harry Potter','Soft Cover','9781294356231',107,39,5,4,1,5,0,0,_binary ''),(1788,'Harry Potter 1','Soft Cover','9781264356232',107,39,5,4,1,5,0,0,_binary ''),(1789,'Harry Potter 2','Soft Cover','9784234356237',107,39,5,4,1,5,0,0,_binary ''),(1790,'Harry Potter 3','Soft Cover','9781234356238',107,39,5,4,1,5,0,0,_binary ''),(1791,'Harry Potter 4','Soft Cover','9781233356239',107,39,5,4,1,5,0,0,_binary ''),(1792,'Harry Potter 4','Soft Cover','9781233356256',107,39,5,4,1,5,0,0,_binary ''),(1793,'Harry Potter','Soft Cover','0781234356232',107,39,5,4,1,5,0,0,_binary ''),(1794,'Pride & Prejudice','Soft Cover','9781234356231',107,39,5,4,1,5,0,0,_binary ''),(1795,'Circe','Soft Cover','9781234356233',107,39,5,4,1,5,0,0,_binary ''),(1796,'Book Thief','Soft Cover','9781234356234',107,39,5,4,1,5,0,0,_binary ''),(1797,'Lord of the Rings','Soft Cover','9781234356235',107,39,5,4,1,5,0,0,_binary ''),(1798,'The Catcher In The Rye','Soft Cover','9781234356256',107,39,5,4,1,5,0,0,_binary ''),(1799,'Harry Potter','Soft Cover','9781294356231',107,39,5,4,1,5,0,0,_binary ''),(1800,'Harry Potter 1','Soft Cover','9781264356232',107,39,5,4,1,5,0,0,_binary ''),(1801,'Harry Potter 2','Soft Cover','9784234356237',107,39,5,4,1,5,0,0,_binary ''),(1802,'Harry Potter 3','Soft Cover','9781234356238',107,39,5,4,1,5,0,0,_binary ''),(1803,'Harry Potter 4','Soft Cover','9781233356239',107,39,5,4,1,5,0,0,_binary ''),(1804,'Harry Potter 4','Soft Cover','9781233356256',107,39,5,4,1,5,0,0,_binary ''),(1805,'Harry Potter','Soft Cover','0781234356232',107,39,5,4,1,5,0,0,_binary ''),(1806,'Pride & Prejudice','Soft Cover','9781234356231',107,39,5,4,1,5,0,0,_binary ''),(1807,'Circe','Soft Cover','9781234356233',107,39,5,4,1,5,0,0,_binary ''),(1808,'Book Thief','Soft Cover','9781234356234',107,39,5,4,1,5,0,0,_binary ''),(1809,'Lord of the Rings','Soft Cover','9781234356235',107,39,5,4,1,5,0,0,_binary ''),(1810,'The Catcher In The Rye','Soft Cover','9781234356256',107,39,5,4,1,5,0,0,_binary ''),(1811,'Harry Potter','Soft Cover','9781294356231',107,39,5,4,1,5,0,0,_binary ''),(1812,'Harry Potter 1','Soft Cover','9781264356232',107,39,5,4,1,5,0,0,_binary ''),(1813,'Harry Potter 2','Soft Cover','9784234356237',107,39,5,4,1,5,0,0,_binary ''),(1814,'Harry Potter 3','Soft Cover','9781234356238',107,39,5,4,1,5,0,0,_binary ''),(1815,'Harry Potter 4','Soft Cover','9781233356239',107,39,5,4,1,5,0,0,_binary ''),(1816,'Harry Potter 4','Soft Cover','9781233356256',107,39,5,4,1,5,0,0,_binary ''),(1817,'Harry Potter','Soft Cover','0781234356232',107,39,5,4,1,5,0,0,_binary ''),(1818,'Pride & Prejudice','Soft Cover','9781234356231',107,39,5,4,1,5,0,0,_binary ''),(1819,'Circe','Soft Cover','9781234356233',107,39,5,4,1,5,0,0,_binary ''),(1820,'Book Thief','Soft Cover','9781234356234',107,39,5,4,1,5,0,0,_binary ''),(1821,'Lord of the Rings','Soft Cover','9781234356235',107,39,5,4,1,5,0,0,_binary ''),(1822,'The Catcher In The Rye','Soft Cover','9781234356256',107,39,5,4,1,5,0,0,_binary ''),(1823,'Harry Potter','Soft Cover','9781294356231',107,39,5,4,1,5,0,0,_binary ''),(1824,'Harry Potter 1','Soft Cover','9781264356232',107,39,5,4,1,5,0,0,_binary ''),(1825,'Harry Potter 2','Soft Cover','9784234356237',107,39,5,4,1,5,0,0,_binary ''),(1826,'Harry Potter 3','Soft Cover','9781234356238',107,39,5,4,1,5,0,0,_binary ''),(1827,'Harry Potter 4','Soft Cover','9781233356239',107,39,5,4,1,5,0,0,_binary ''),(1828,'Harry Potter 4','Soft Cover','9781233356256',107,39,5,4,1,5,0,0,_binary ''),(1829,'Harry Potter','Soft Cover','0781234356232',107,39,5,4,1,5,0,0,_binary ''),(1830,'Pride & Prejudice','Soft Cover','9781234356231',107,39,5,4,1,5,0,0,_binary ''),(1831,'Circe','Soft Cover','9781234356233',107,39,5,4,1,5,0,0,_binary ''),(1832,'Book Thief','Soft Cover','9781234356234',107,39,5,4,1,5,0,0,_binary ''),(1833,'Lord of the Rings','Soft Cover','9781234356235',107,39,5,4,1,5,0,0,_binary ''),(1834,'The Catcher In The Rye','Soft Cover','9781234356256',107,39,5,4,1,5,0,0,_binary ''),(1835,'Harry Potter','Soft Cover','9781294356231',107,39,5,4,1,5,0,0,_binary ''),(1836,'Harry Potter 1','Soft Cover','9781264356232',107,39,5,4,1,5,0,0,_binary ''),(1837,'Harry Potter 2','Soft Cover','9784234356237',107,39,5,4,1,5,0,0,_binary ''),(1838,'Harry Potter 3','Soft Cover','9781234356238',107,39,5,4,1,5,0,0,_binary ''),(1839,'Harry Potter 4','Soft Cover','9781233356239',107,39,5,4,1,5,0,0,_binary ''),(1840,'Harry Potter 4','Soft Cover','9781233356256',107,39,5,4,1,5,0,0,_binary ''),(1841,'Harry Potter','Soft Cover','0781234356232',107,39,5,4,1,5,0,0,_binary ''),(1842,'Pride & Prejudice','Soft Cover','9781234356231',107,39,5,4,1,5,0,0,_binary ''),(1843,'Circe','Soft Cover','9781234356233',107,39,5,4,1,5,0,0,_binary ''),(1844,'Book Thief','Soft Cover','9781234356234',107,39,5,4,1,5,0,0,_binary ''),(1845,'Lord of the Rings','Soft Cover','9781234356235',107,39,5,4,1,5,0,0,_binary ''),(1846,'The Catcher In The Rye','Soft Cover','9781234356256',107,39,5,4,1,5,0,0,_binary ''),(1847,'Harry Potter','Soft Cover','9781294356231',107,39,5,4,1,5,0,0,_binary ''),(1848,'Harry Potter 1','Soft Cover','9781264356232',107,39,5,4,1,5,0,0,_binary ''),(1849,'Harry Potter 2','Soft Cover','9784234356237',107,39,5,4,1,5,0,0,_binary ''),(1850,'Harry Potter 3','Soft Cover','9781234356238',107,39,5,4,1,5,0,0,_binary ''),(1851,'Harry Potter 4','Soft Cover','9781233356239',107,39,5,4,1,5,0,0,_binary ''),(1852,'Harry Potter 4','Soft Cover','9781233356256',107,39,5,4,1,5,0,0,_binary ''),(1853,'Harry Potter','Soft Cover','0781234356232',107,39,5,4,1,5,0,0,_binary ''),(1854,'Pride & Prejudice','Soft Cover','9781234356231',107,39,5,4,1,5,0,0,_binary ''),(1855,'Circe','Soft Cover','9781234356233',107,39,5,4,1,5,0,0,_binary ''),(1856,'Book Thief','Soft Cover','9781234356234',107,39,5,4,1,5,0,0,_binary ''),(1857,'Lord of the Rings','Soft Cover','9781234356235',107,39,5,4,1,5,0,0,_binary ''),(1858,'The Catcher In The Rye','Soft Cover','9781234356256',107,39,5,4,1,5,0,0,_binary ''),(1859,'Harry Potter','Soft Cover','9781294356231',107,39,5,4,1,5,0,0,_binary ''),(1860,'Harry Potter 1','Soft Cover','9781264356232',107,39,5,4,1,5,0,0,_binary ''),(1861,'Harry Potter 2','Soft Cover','9784234356237',107,39,5,4,1,5,0,0,_binary ''),(1862,'Harry Potter 3','Soft Cover','9781234356238',107,39,5,4,1,5,0,0,_binary ''),(1863,'Harry Potter 4','Soft Cover','9781233356239',107,39,5,4,1,5,0,0,_binary ''),(1864,'Harry Potter 4','Soft Cover','9781233356256',107,39,5,4,1,5,0,0,_binary ''),(1865,'Harry Potter','Soft Cover','0781234356232',107,39,5,4,1,5,0,0,_binary ''),(1866,'Pride & Prejudice','Soft Cover','9781234356231',107,39,5,4,1,5,0,0,_binary ''),(1867,'Circe','Soft Cover','9781234356233',107,39,5,4,1,5,0,0,_binary ''),(1868,'Book Thief','Soft Cover','9781234356234',107,39,5,4,1,5,0,0,_binary ''),(1869,'Lord of the Rings','Soft Cover','9781234356235',107,39,5,4,1,5,0,0,_binary ''),(1870,'The Catcher In The Rye','Soft Cover','9781234356256',107,39,5,4,1,5,0,0,_binary ''),(1871,'Harry Potter','Soft Cover','9781294356231',107,39,5,4,1,5,0,0,_binary ''),(1872,'Harry Potter 1','Soft Cover','9781264356232',107,39,5,4,1,5,0,0,_binary ''),(1873,'Harry Potter 2','Soft Cover','9784234356237',107,39,5,4,1,5,0,0,_binary ''),(1874,'Harry Potter 3','Soft Cover','9781234356238',107,39,5,4,1,5,0,0,_binary ''),(1875,'Harry Potter 4','Soft Cover','9781233356239',107,39,5,4,1,5,0,0,_binary ''),(1876,'Harry Potter 4','Soft Cover','9781233356256',107,39,5,4,1,5,0,0,_binary ''),(1877,'Harry Potter','Soft Cover','0781234356232',107,39,5,4,1,5,0,0,_binary ''),(1878,'Pride & Prejudice','Soft Cover','9781234356231',107,39,5,4,1,5,0,0,_binary ''),(1879,'Circe','Soft Cover','9781234356233',107,39,5,4,1,5,0,0,_binary ''),(1880,'Book Thief','Soft Cover','9781234356234',107,39,5,4,1,5,0,0,_binary ''),(1881,'Lord of the Rings','Soft Cover','9781234356235',107,39,5,4,1,5,0,0,_binary ''),(1882,'The Catcher In The Rye','Soft Cover','9781234356256',107,39,5,4,1,5,0,0,_binary ''),(1883,'Harry Potter','Soft Cover','9781294356231',107,39,5,4,1,5,0,0,_binary ''),(1884,'Harry Potter 1','Soft Cover','9781264356232',107,39,5,4,1,5,0,0,_binary ''),(1885,'Harry Potter 2','Soft Cover','9784234356237',107,39,5,4,1,5,0,0,_binary ''),(1886,'Harry Potter 3','Soft Cover','9781234356238',107,39,5,4,1,5,0,0,_binary ''),(1887,'Harry Potter 4','Soft Cover','9781233356239',107,39,5,4,1,5,0,0,_binary ''),(1888,'Harry Potter 4','Soft Cover','9781233356256',107,39,5,4,1,5,0,0,_binary ''),(1889,'Harry Potter','Soft Cover','0781234356232',107,39,5,4,1,5,0,0,_binary ''),(1890,'Pride & Prejudice','Soft Cover','9781234356231',107,39,5,4,1,5,0,0,_binary ''),(1891,'Circe','Soft Cover','9781234356233',107,39,5,4,1,5,0,0,_binary ''),(1892,'Book Thief','Soft Cover','9781234356234',107,39,5,4,1,5,0,0,_binary ''),(1893,'Lord of the Rings','Soft Cover','9781234356235',107,39,5,4,1,5,0,0,_binary ''),(1894,'The Catcher In The Rye','Soft Cover','9781234356256',107,39,5,4,1,5,0,0,_binary ''),(1895,'Harry Potter','Soft Cover','9781294356231',107,39,5,4,1,5,0,0,_binary ''),(1896,'Harry Potter 1','Soft Cover','9781264356232',107,39,5,4,1,5,0,0,_binary ''),(1897,'Harry Potter 2','Soft Cover','9784234356237',107,39,5,4,1,5,0,0,_binary ''),(1898,'Harry Potter 3','Soft Cover','9781234356238',107,39,5,4,1,5,0,0,_binary ''),(1899,'Harry Potter 4','Soft Cover','9781233356239',107,39,5,4,1,5,0,0,_binary ''),(1900,'Harry Potter 4','Soft Cover','9781233356256',107,39,5,4,1,5,0,0,_binary ''),(1901,'Harry Potter','Soft Cover','0781234356232',107,39,5,4,1,5,0,0,_binary ''),(1902,'Pride & Prejudice','Soft Cover','9781234356231',107,39,5,4,1,5,0,0,_binary ''),(1903,'Circe','Soft Cover','9781234356233',107,39,5,4,1,5,0,0,_binary ''),(1904,'Book Thief','Soft Cover','9781234356234',107,39,5,4,1,5,0,0,_binary ''),(1905,'Lord of the Rings','Soft Cover','9781234356235',107,39,5,4,1,5,0,0,_binary ''),(1906,'The Catcher In The Rye','Soft Cover','9781234356256',107,39,5,4,1,5,0,0,_binary ''),(1907,'Harry Potter','Soft Cover','9781294356231',107,39,5,4,1,5,0,0,_binary ''),(1908,'Harry Potter 1','Soft Cover','9781264356232',107,39,5,4,1,5,0,0,_binary ''),(1909,'Harry Potter 2','Soft Cover','9784234356237',107,39,5,4,1,5,0,0,_binary ''),(1910,'Harry Potter 3','Soft Cover','9781234356238',107,39,5,4,1,5,0,0,_binary ''),(1911,'Harry Potter 4','Soft Cover','9781233356239',107,39,5,4,1,5,0,0,_binary ''),(1912,'Harry Potter 4','Soft Cover','9781233356256',107,39,5,4,1,5,0,0,_binary ''),(1913,'Harry Potter','Soft Cover','0781234356232',107,39,5,4,1,5,0,0,_binary ''),(1914,'Pride & Prejudice','Soft Cover','9781234356231',107,39,5,4,1,5,0,0,_binary ''),(1915,'Circe','Soft Cover','9781234356233',107,39,5,4,1,5,0,0,_binary ''),(1916,'Book Thief','Soft Cover','9781234356234',107,39,5,4,1,5,0,0,_binary ''),(1917,'Lord of the Rings','Soft Cover','9781234356235',107,39,5,4,1,5,0,0,_binary ''),(1918,'The Catcher In The Rye','Soft Cover','9781234356256',107,39,5,4,1,5,0,0,_binary ''),(1919,'Harry Potter','Soft Cover','9781294356231',107,39,5,4,1,5,0,0,_binary ''),(1920,'Harry Potter 1','Soft Cover','9781264356232',107,39,5,4,1,5,0,0,_binary ''),(1921,'Harry Potter 2','Soft Cover','9784234356237',107,39,5,4,1,5,0,0,_binary ''),(1922,'Harry Potter 3','Soft Cover','9781234356238',107,39,5,4,1,5,0,0,_binary ''),(1923,'Harry Potter 4','Soft Cover','9781233356239',107,39,5,4,1,5,0,0,_binary ''),(1924,'Harry Potter 4','Soft Cover','9781233356256',107,39,5,4,1,5,0,0,_binary ''),(1925,'Harry Potter','Soft Cover','0781234356232',107,39,5,4,1,5,0,0,_binary ''),(1926,'Pride & Prejudice','Soft Cover','9781234356231',107,39,5,4,1,5,0,0,_binary ''),(1927,'Circe','Soft Cover','9781234356233',107,39,5,4,1,5,0,0,_binary ''),(1928,'Book Thief','Soft Cover','9781234356234',107,39,5,4,1,5,0,0,_binary ''),(1929,'Lord of the Rings','Soft Cover','9781234356235',107,39,5,4,1,5,0,0,_binary ''),(1930,'The Catcher In The Rye','Soft Cover','9781234356256',107,39,5,4,1,5,0,0,_binary ''),(1931,'Harry Potter','Soft Cover','9781294356231',107,39,5,4,1,5,0,0,_binary ''),(1932,'Harry Potter 1','Soft Cover','9781264356232',107,39,5,4,1,5,0,0,_binary ''),(1933,'Harry Potter 2','Soft Cover','9784234356237',107,39,5,4,1,5,0,0,_binary ''),(1934,'Harry Potter 3','Soft Cover','9781234356238',107,39,5,4,1,5,0,0,_binary ''),(1935,'Harry Potter 4','Soft Cover','9781233356239',107,39,5,4,1,5,0,0,_binary ''),(1936,'Harry Potter 4','Soft Cover','9781233356256',107,39,5,4,1,5,0,0,_binary ''),(1937,'Harry Potter','Soft Cover','0781234356232',107,39,5,4,1,5,0,0,_binary ''),(1938,'Pride & Prejudice','Soft Cover','9781234356231',107,39,5,4,1,5,0,0,_binary ''),(1939,'Circe','Soft Cover','9781234356233',107,39,5,4,1,5,0,0,_binary ''),(1940,'Book Thief','Soft Cover','9781234356234',107,39,5,4,1,5,0,0,_binary ''),(1941,'Lord of the Rings','Soft Cover','9781234356235',107,39,5,4,1,5,0,0,_binary ''),(1942,'The Catcher In The Rye','Soft Cover','9781234356256',107,39,5,4,1,5,0,0,_binary ''),(1943,'Harry Potter','Soft Cover','9781294356231',107,39,5,4,1,5,0,0,_binary ''),(1944,'Harry Potter 1','Soft Cover','9781264356232',107,39,5,4,1,5,0,0,_binary ''),(1945,'Harry Potter 2','Soft Cover','9784234356237',107,39,5,4,1,5,0,0,_binary ''),(1946,'Harry Potter 3','Soft Cover','9781234356238',107,39,5,4,1,5,0,0,_binary ''),(1947,'Harry Potter 4','Soft Cover','9781233356239',107,39,5,4,1,5,0,0,_binary ''),(1948,'Harry Potter 4','Soft Cover','9781233356256',107,39,5,4,1,5,0,0,_binary ''),(1949,'Harry Potter','Soft Cover','0781234356232',107,39,5,4,1,5,0,0,_binary ''),(1950,'Pride & Prejudice','Soft Cover','9781234356231',107,39,5,4,1,5,0,0,_binary ''),(1951,'Circe','Soft Cover','9781234356233',107,39,5,4,1,5,0,0,_binary ''),(1952,'Book Thief','Soft Cover','9781234356234',107,39,5,4,1,5,0,0,_binary ''),(1953,'Lord of the Rings','Soft Cover','9781234356235',107,39,5,4,1,5,0,0,_binary ''),(1954,'The Catcher In The Rye','Soft Cover','9781234356256',107,39,5,4,1,5,0,0,_binary ''),(1955,'Harry Potter','Soft Cover','9781294356231',107,39,5,4,1,5,0,0,_binary ''),(1956,'Harry Potter 1','Soft Cover','9781264356232',107,39,5,4,1,5,0,0,_binary ''),(1957,'Harry Potter 2','Soft Cover','9784234356237',107,39,5,4,1,5,0,0,_binary ''),(1958,'Harry Potter 3','Soft Cover','9781234356238',107,39,5,4,1,5,0,0,_binary ''),(1959,'Harry Potter 4','Soft Cover','9781233356239',107,39,5,4,1,5,0,0,_binary ''),(1960,'Harry Potter 4','Soft Cover','9781233356256',107,39,5,4,1,5,0,0,_binary ''),(1961,'Harry Potter','Soft Cover','0781234356232',107,39,5,4,1,5,0,0,_binary ''),(1962,'Pride & Prejudice','Soft Cover','9781234356231',107,39,5,4,1,5,0,0,_binary ''),(1963,'Circe','Soft Cover','9781234356233',107,39,5,4,1,5,0,0,_binary ''),(1964,'Book Thief','Soft Cover','9781234356234',107,39,5,4,1,5,0,0,_binary ''),(1965,'Lord of the Rings','Soft Cover','9781234356235',107,39,5,4,1,5,0,0,_binary ''),(1966,'The Catcher In The Rye','Soft Cover','9781234356256',107,39,5,4,1,5,0,0,_binary ''),(1967,'Harry Potter','Soft Cover','9781294356231',107,39,5,4,1,5,0,0,_binary ''),(1968,'Harry Potter 1','Soft Cover','9781264356232',107,39,5,4,1,5,0,0,_binary ''),(1969,'Harry Potter 2','Soft Cover','9784234356237',107,39,5,4,1,5,0,0,_binary ''),(1970,'Harry Potter 3','Soft Cover','9781234356238',107,39,5,4,1,5,0,0,_binary ''),(1971,'Harry Potter 4','Soft Cover','9781233356239',107,39,5,4,1,5,0,0,_binary ''),(1972,'Harry Potter 4','Soft Cover','9781233356256',107,39,5,4,1,5,0,0,_binary ''),(1973,'Harry Potter','Soft Cover','0781234356232',107,39,5,4,1,5,0,0,_binary ''),(1974,'Pride & Prejudice','Soft Cover','9781234356231',107,39,5,4,1,5,0,0,_binary ''),(1975,'Circe','Soft Cover','9781234356233',107,39,5,4,1,5,0,0,_binary ''),(1976,'Book Thief','Soft Cover','9781234356234',107,39,5,4,1,5,0,0,_binary ''),(1977,'Lord of the Rings','Soft Cover','9781234356235',107,39,5,4,1,5,0,0,_binary ''),(1978,'The Catcher In The Rye','Soft Cover','9781234356256',107,39,5,4,1,5,0,0,_binary ''),(1979,'Harry Potter','Soft Cover','9781294356231',107,39,5,4,1,5,0,0,_binary ''),(1980,'Harry Potter 1','Soft Cover','9781264356232',107,39,5,4,1,5,0,0,_binary ''),(1981,'Harry Potter 2','Soft Cover','9784234356237',107,39,5,4,1,5,0,0,_binary ''),(1982,'Harry Potter 3','Soft Cover','9781234356238',107,39,5,4,1,5,0,0,_binary ''),(1983,'Harry Potter 4','Soft Cover','9781233356239',107,39,5,4,1,5,0,0,_binary ''),(1984,'Harry Potter 4','Soft Cover','9781233356256',107,39,5,4,1,5,0,0,_binary ''),(1985,'Harry Potter','Soft Cover','0781234356232',107,39,5,4,1,5,0,0,_binary ''),(1986,'Pride & Prejudice','Soft Cover','9781234356231',107,39,5,4,1,5,0,0,_binary ''),(1987,'Circe','Soft Cover','9781234356233',107,39,5,4,1,5,0,0,_binary ''),(1988,'Book Thief','Soft Cover','9781234356234',107,39,5,4,1,5,0,0,_binary ''),(1989,'Lord of the Rings','Soft Cover','9781234356235',107,39,5,4,1,5,0,0,_binary ''),(1990,'The Catcher In The Rye','Soft Cover','9781234356256',107,39,5,4,1,5,0,0,_binary ''),(1991,'Harry Potter','Soft Cover','9781294356231',107,39,5,4,1,5,0,0,_binary ''),(1992,'Harry Potter 1','Soft Cover','9781264356232',107,39,5,4,1,5,0,0,_binary ''),(1993,'Harry Potter 2','Soft Cover','9784234356237',107,39,5,4,1,5,0,0,_binary ''),(1994,'Harry Potter 3','Soft Cover','9781234356238',107,39,5,4,1,5,0,0,_binary ''),(1995,'Harry Potter 4','Soft Cover','9781233356239',107,39,5,4,1,5,0,0,_binary ''),(1996,'Harry Potter 4','Soft Cover','9781233356256',107,39,5,4,1,5,0,0,_binary ''),(1997,'Harry Potter','Soft Cover','0781234356232',107,39,5,4,1,5,0,0,_binary ''),(1998,'Pride & Prejudice','Soft Cover','9781234356231',107,39,5,4,1,5,0,0,_binary ''),(1999,'Circe','Soft Cover','9781234356233',107,39,5,4,1,5,0,0,_binary ''),(2000,'Book Thief','Soft Cover','9781234356234',107,39,5,4,1,5,0,0,_binary ''),(2001,'Lord of the Rings','Soft Cover','9781234356235',107,39,5,4,1,5,0,0,_binary ''),(2002,'The Catcher In The Rye','Soft Cover','9781234356256',107,39,5,4,1,5,0,0,_binary ''),(2003,'Harry Potter','Soft Cover','9781294356231',107,39,5,4,1,5,0,0,_binary ''),(2004,'Harry Potter 1','Soft Cover','9781264356232',107,39,5,4,1,5,0,0,_binary ''),(2005,'Harry Potter 2','Soft Cover','9784234356237',107,39,5,4,1,5,0,0,_binary ''),(2006,'Harry Potter 3','Soft Cover','9781234356238',107,39,5,4,1,5,0,0,_binary ''),(2007,'Harry Potter 4','Soft Cover','9781233356239',107,39,5,4,1,5,0,0,_binary ''),(2008,'Harry Potter 4','Soft Cover','9781233356256',107,39,5,4,1,5,0,0,_binary ''),(2009,'Harry Potter','Soft Cover','0781234356232',107,39,5,4,1,5,0,0,_binary ''),(2010,'Pride & Prejudice','Soft Cover','9781234356231',107,39,5,4,1,5,0,0,_binary ''),(2011,'Circe','Soft Cover','9781234356233',107,39,5,4,1,5,0,0,_binary ''),(2012,'Book Thief','Soft Cover','9781234356234',107,39,5,4,1,5,0,0,_binary ''),(2013,'Lord of the Rings','Soft Cover','9781234356235',107,39,5,4,1,5,0,0,_binary ''),(2014,'The Catcher In The Rye','Soft Cover','9781234356256',107,39,5,4,1,5,0,0,_binary ''),(2015,'Harry Potter','Soft Cover','9781294356231',107,39,5,4,1,5,0,0,_binary ''),(2016,'Harry Potter 1','Soft Cover','9781264356232',107,39,5,4,1,5,0,0,_binary ''),(2017,'Harry Potter 2','Soft Cover','9784234356237',107,39,5,4,1,5,0,0,_binary ''),(2018,'Harry Potter 3','Soft Cover','9781234356238',107,39,5,4,1,5,0,0,_binary ''),(2019,'Harry Potter 4','Soft Cover','9781233356239',107,39,5,4,1,5,0,0,_binary ''),(2020,'Harry Potter 4','Soft Cover','9781233356256',107,39,5,4,1,5,0,0,_binary ''),(2021,'Harry Potter','Soft Cover','0781234356232',107,39,5,4,1,5,0,0,_binary ''),(2022,'Pride & Prejudice','Soft Cover','9781234356231',107,39,5,4,1,5,0,0,_binary ''),(2023,'Circe','Soft Cover','9781234356233',107,39,5,4,1,5,0,0,_binary ''),(2024,'Book Thief','Soft Cover','9781234356234',107,39,5,4,1,5,0,0,_binary ''),(2025,'Lord of the Rings','Soft Cover','9781234356235',107,39,5,4,1,5,0,0,_binary ''),(2026,'The Catcher In The Rye','Soft Cover','9781234356256',107,39,5,4,1,5,0,0,_binary ''),(2027,'Harry Potter','Soft Cover','9781294356231',107,39,5,4,1,5,0,0,_binary ''),(2028,'Harry Potter 1','Soft Cover','9781264356232',107,39,5,4,1,5,0,0,_binary ''),(2029,'Harry Potter 2','Soft Cover','9784234356237',107,39,5,4,1,5,0,0,_binary ''),(2030,'Harry Potter 3','Soft Cover','9781234356238',107,39,5,4,1,5,0,0,_binary ''),(2031,'Harry Potter 4','Soft Cover','9781233356239',107,39,5,4,1,5,0,0,_binary ''),(2032,'Harry Potter 4','Soft Cover','9781233356256',107,39,5,4,1,5,0,0,_binary ''),(2033,'Harry Potter','Soft Cover','0781234356232',107,39,5,4,1,5,0,0,_binary ''),(2034,'Pride & Prejudice','Soft Cover','9781234356231',107,39,5,4,1,5,0,0,_binary ''),(2035,'Circe','Soft Cover','9781234356233',107,39,5,4,1,5,0,0,_binary ''),(2036,'Book Thief','Soft Cover','9781234356234',107,39,5,4,1,5,0,0,_binary ''),(2037,'Lord of the Rings','Soft Cover','9781234356235',107,39,5,4,1,5,0,0,_binary ''),(2038,'The Catcher In The Rye','Soft Cover','9781234356256',107,39,5,4,1,5,0,0,_binary ''),(2039,'Harry Potter','Soft Cover','9781294356231',107,39,5,4,1,5,0,0,_binary ''),(2040,'Harry Potter 1','Soft Cover','9781264356232',107,39,5,4,1,5,0,0,_binary ''),(2041,'Harry Potter 2','Soft Cover','9784234356237',107,39,5,4,1,5,0,0,_binary ''),(2042,'Harry Potter 3','Soft Cover','9781234356238',107,39,5,4,1,5,0,0,_binary ''),(2043,'Harry Potter 4','Soft Cover','9781233356239',107,39,5,4,1,5,0,0,_binary ''),(2044,'Harry Potter 4','Soft Cover','9781233356256',107,39,5,4,1,5,0,0,_binary ''),(2045,'Harry Potter','Soft Cover','0781234356232',107,39,5,4,1,5,0,0,_binary ''),(2046,'Pride & Prejudice','Soft Cover','9781234356231',107,39,5,4,1,5,0,0,_binary ''),(2047,'Circe','Soft Cover','9781234356233',107,39,5,4,1,5,0,0,_binary ''),(2048,'Book Thief','Soft Cover','9781234356234',107,39,5,4,1,5,0,0,_binary ''),(2049,'Lord of the Rings','Soft Cover','9781234356235',107,39,5,4,1,5,0,0,_binary ''),(2050,'The Catcher In The Rye','Soft Cover','9781234356256',107,39,5,4,1,5,0,0,_binary ''),(2051,'Harry Potter','Soft Cover','9781294356231',107,39,5,4,1,5,0,0,_binary ''),(2052,'Harry Potter 1','Soft Cover','9781264356232',107,39,5,4,1,5,0,0,_binary ''),(2053,'Harry Potter 2','Soft Cover','9784234356237',107,39,5,4,1,5,0,0,_binary ''),(2054,'Harry Potter 3','Soft Cover','9781234356238',107,39,5,4,1,5,0,0,_binary ''),(2055,'Harry Potter 4','Soft Cover','9781233356239',107,39,5,4,1,5,0,0,_binary ''),(2056,'Harry Potter 4','Soft Cover','9781233356256',107,39,5,4,1,5,0,0,_binary ''),(2057,'Harry Potter','Soft Cover','0781234356232',107,39,5,4,1,5,0,0,_binary ''),(2058,'Pride & Prejudice','Soft Cover','9781234356231',107,39,5,4,1,5,0,0,_binary ''),(2059,'Circe','Soft Cover','9781234356233',107,39,5,4,1,5,0,0,_binary ''),(2060,'Book Thief','Soft Cover','9781234356234',107,39,5,4,1,5,0,0,_binary ''),(2061,'Lord of the Rings','Soft Cover','9781234356235',107,39,5,4,1,5,0,0,_binary ''),(2062,'The Catcher In The Rye','Soft Cover','9781234356256',107,39,5,4,1,5,0,0,_binary ''),(2063,'Harry Potter','Soft Cover','9781294356231',107,39,5,4,1,5,0,0,_binary ''),(2064,'Harry Potter 1','Soft Cover','9781264356232',107,39,5,4,1,5,0,0,_binary ''),(2065,'Harry Potter 2','Soft Cover','9784234356237',107,39,5,4,1,5,0,0,_binary ''),(2066,'Harry Potter 3','Soft Cover','9781234356238',107,39,5,4,1,5,0,0,_binary ''),(2067,'Harry Potter 4','Soft Cover','9781233356239',107,39,5,4,1,5,0,0,_binary ''),(2068,'Harry Potter 4','Soft Cover','9781233356256',107,39,5,4,1,5,0,0,_binary ''),(2069,'Harry Potter','Soft Cover','0781234356232',107,39,5,4,1,5,0,0,_binary ''),(2070,'Pride & Prejudice','Soft Cover','9781234356231',107,39,5,4,1,5,0,0,_binary ''),(2071,'Circe','Soft Cover','9781234356233',107,39,5,4,1,5,0,0,_binary ''),(2072,'Book Thief','Soft Cover','9781234356234',107,39,5,4,1,5,0,0,_binary ''),(2073,'Lord of the Rings','Soft Cover','9781234356235',107,39,5,4,1,5,0,0,_binary ''),(2074,'The Catcher In The Rye','Soft Cover','9781234356256',107,39,5,4,1,5,0,0,_binary ''),(2075,'Harry Potter','Soft Cover','9781294356231',107,39,5,4,1,5,0,0,_binary ''),(2076,'Harry Potter 1','Soft Cover','9781264356232',107,39,5,4,1,5,0,0,_binary ''),(2077,'Harry Potter 2','Soft Cover','9784234356237',107,39,5,4,1,5,0,0,_binary ''),(2078,'Harry Potter 3','Soft Cover','9781234356238',107,39,5,4,1,5,0,0,_binary ''),(2079,'Harry Potter 4','Soft Cover','9781233356239',107,39,5,4,1,5,0,0,_binary ''),(2080,'Harry Potter 4','Soft Cover','9781233356256',107,39,5,4,1,5,0,0,_binary ''),(2081,'Harry Potter','Soft Cover','0781234356232',107,39,5,4,1,5,0,0,_binary ''),(2082,'Pride & Prejudice','Soft Cover','9781234356231',107,39,5,4,1,5,0,0,_binary ''),(2083,'Circe','Soft Cover','9781234356233',107,39,5,4,1,5,0,0,_binary ''),(2084,'Book Thief','Soft Cover','9781234356234',107,39,5,4,1,5,0,0,_binary ''),(2085,'Lord of the Rings','Soft Cover','9781234356235',107,39,5,4,1,5,0,0,_binary ''),(2086,'The Catcher In The Rye','Soft Cover','9781234356256',107,39,5,4,1,5,0,0,_binary ''),(2087,'Harry Potter','Soft Cover','9781294356231',107,39,5,4,1,5,0,0,_binary ''),(2088,'Harry Potter 1','Soft Cover','9781264356232',107,39,5,4,1,5,0,0,_binary ''),(2089,'Harry Potter 2','Soft Cover','9784234356237',107,39,5,4,1,5,0,0,_binary ''),(2090,'Harry Potter 3','Soft Cover','9781234356238',107,39,5,4,1,5,0,0,_binary ''),(2091,'Harry Potter 4','Soft Cover','9781233356239',107,39,5,4,1,5,0,0,_binary ''),(2092,'Harry Potter 4','Soft Cover','9781233356256',107,39,5,4,1,5,0,0,_binary ''),(2093,'Harry Potter','Soft Cover','0781234356232',107,39,5,4,1,5,0,0,_binary ''),(2094,'Pride & Prejudice','Soft Cover','9781234356231',107,39,5,4,1,5,0,0,_binary ''),(2095,'Circe','Soft Cover','9781234356233',107,39,5,4,1,5,0,0,_binary ''),(2096,'Book Thief','Soft Cover','9781234356234',107,39,5,4,1,5,0,0,_binary ''),(2097,'Lord of the Rings','Soft Cover','9781234356235',107,39,5,4,1,5,0,0,_binary ''),(2098,'The Catcher In The Rye','Soft Cover','9781234356256',107,39,5,4,1,5,0,0,_binary ''),(2099,'Harry Potter','Soft Cover','9781294356231',107,39,5,4,1,5,0,0,_binary ''),(2100,'Harry Potter 1','Soft Cover','9781264356232',107,39,5,4,1,5,0,0,_binary ''),(2101,'Harry Potter 2','Soft Cover','9784234356237',107,39,5,4,1,5,0,0,_binary ''),(2102,'Harry Potter 3','Soft Cover','9781234356238',107,39,5,4,1,5,0,0,_binary ''),(2103,'Harry Potter 4','Soft Cover','9781233356239',107,39,5,4,1,5,0,0,_binary ''),(2104,'Harry Potter 4','Soft Cover','9781233356256',107,39,5,4,1,5,0,0,_binary ''),(2105,'Harry Potter','Soft Cover','0781234356232',107,39,5,4,1,5,0,0,_binary ''),(2106,'Pride & Prejudice','Soft Cover','9781234356231',107,39,5,4,1,5,0,0,_binary ''),(2107,'Circe','Soft Cover','9781234356233',107,39,5,4,1,5,0,0,_binary ''),(2108,'Book Thief','Soft Cover','9781234356234',107,39,5,4,1,5,0,0,_binary ''),(2109,'Lord of the Rings','Soft Cover','9781234356235',107,39,5,4,1,5,0,0,_binary ''),(2110,'The Catcher In The Rye','Soft Cover','9781234356256',107,39,5,4,1,5,0,0,_binary ''),(2111,'Harry Potter','Soft Cover','9781294356231',107,39,5,4,1,5,0,0,_binary ''),(2112,'Harry Potter 1','Soft Cover','9781264356232',107,39,5,4,1,5,0,0,_binary ''),(2113,'Harry Potter 2','Soft Cover','9784234356237',107,39,5,4,1,5,0,0,_binary ''),(2114,'Harry Potter 3','Soft Cover','9781234356238',107,39,5,4,1,5,0,0,_binary ''),(2115,'Harry Potter 4','Soft Cover','9781233356239',107,39,5,4,1,5,0,0,_binary ''),(2116,'Harry Potter 4','Soft Cover','9781233356256',107,39,5,4,1,5,0,0,_binary ''),(2117,'Harry Potter','Soft Cover','0781234356232',107,39,5,4,1,5,0,0,_binary ''),(2118,'Pride & Prejudice','Soft Cover','9781234356231',107,39,5,4,1,5,0,0,_binary ''),(2119,'Circe','Soft Cover','9781234356233',107,39,5,4,1,5,0,0,_binary ''),(2120,'Book Thief','Soft Cover','9781234356234',107,39,5,4,1,5,0,0,_binary ''),(2121,'Lord of the Rings','Soft Cover','9781234356235',107,39,5,4,1,5,0,0,_binary ''),(2122,'The Catcher In The Rye','Soft Cover','9781234356256',107,39,5,4,1,5,0,0,_binary ''),(2123,'Harry Potter','Soft Cover','9781294356231',107,39,5,4,1,5,0,0,_binary ''),(2124,'Harry Potter 1','Soft Cover','9781264356232',107,39,5,4,1,5,0,0,_binary ''),(2125,'Harry Potter 2','Soft Cover','9784234356237',107,39,5,4,1,5,0,0,_binary ''),(2126,'Harry Potter 3','Soft Cover','9781234356238',107,39,5,4,1,5,0,0,_binary ''),(2127,'Harry Potter 4','Soft Cover','9781233356239',107,39,5,4,1,5,0,0,_binary ''),(2128,'Harry Potter 4','Soft Cover','9781233356256',107,39,5,4,1,5,0,0,_binary ''),(2129,'Harry Potter','Soft Cover','0781234356232',107,39,5,4,1,5,0,0,_binary ''),(2130,'Pride & Prejudice','Soft Cover','9781234356231',107,39,5,4,1,5,0,0,_binary ''),(2131,'Circe','Soft Cover','9781234356233',107,39,5,4,1,5,0,0,_binary ''),(2132,'Book Thief','Soft Cover','9781234356234',107,39,5,4,1,5,0,0,_binary ''),(2133,'Lord of the Rings','Soft Cover','9781234356235',107,39,5,4,1,5,0,0,_binary ''),(2134,'The Catcher In The Rye','Soft Cover','9781234356256',107,39,5,4,1,5,0,0,_binary ''),(2135,'Harry Potter','Soft Cover','9781294356231',107,39,5,4,1,5,0,0,_binary ''),(2136,'Harry Potter 1','Soft Cover','9781264356232',107,39,5,4,1,5,0,0,_binary ''),(2137,'Harry Potter 2','Soft Cover','9784234356237',107,39,5,4,1,5,0,0,_binary ''),(2138,'Harry Potter 3','Soft Cover','9781234356238',107,39,5,4,1,5,0,0,_binary ''),(2139,'Harry Potter 4','Soft Cover','9781233356239',107,39,5,4,1,5,0,0,_binary ''),(2140,'Harry Potter 4','Soft Cover','9781233356256',107,39,5,4,1,5,0,0,_binary ''),(2141,'Harry Potter','Soft Cover','0781234356232',107,39,5,4,1,5,0,0,_binary ''),(2142,'Pride & Prejudice','Soft Cover','9781234356231',107,39,5,4,1,5,0,0,_binary ''),(2143,'Circe','Soft Cover','9781234356233',107,39,5,4,1,5,0,0,_binary ''),(2144,'Book Thief','Soft Cover','9781234356234',107,39,5,4,1,5,0,0,_binary ''),(2145,'Lord of the Rings','Soft Cover','9781234356235',107,39,5,4,1,5,0,0,_binary ''),(2146,'The Catcher In The Rye','Soft Cover','9781234356256',107,39,5,4,1,5,0,0,_binary ''),(2147,'Harry Potter','Soft Cover','9781294356231',107,39,5,4,1,5,0,0,_binary ''),(2148,'Harry Potter 1','Soft Cover','9781264356232',107,39,5,4,1,5,0,0,_binary ''),(2149,'Harry Potter 2','Soft Cover','9784234356237',107,39,5,4,1,5,0,0,_binary ''),(2150,'Harry Potter 3','Soft Cover','9781234356238',107,39,5,4,1,5,0,0,_binary ''),(2151,'Harry Potter 4','Soft Cover','9781233356239',107,39,5,4,1,5,0,0,_binary ''),(2152,'Harry Potter 4','Soft Cover','9781233356256',107,39,5,4,1,5,0,0,_binary ''),(2153,'Harry Potter','Soft Cover','0781234356232',107,39,5,4,1,5,0,0,_binary ''),(2154,'Pride & Prejudice','Soft Cover','9781234356231',107,39,5,4,1,5,0,0,_binary ''),(2155,'Circe','Soft Cover','9781234356233',107,39,5,4,1,5,0,0,_binary ''),(2156,'Book Thief','Soft Cover','9781234356234',107,39,5,4,1,5,0,0,_binary ''),(2157,'Lord of the Rings','Soft Cover','9781234356235',107,39,5,4,1,5,0,0,_binary ''),(2158,'The Catcher In The Rye','Soft Cover','9781234356256',107,39,5,4,1,5,0,0,_binary ''),(2159,'Harry Potter','Soft Cover','9781294356231',107,39,5,4,1,5,0,0,_binary ''),(2160,'Harry Potter 1','Soft Cover','9781264356232',107,39,5,4,1,5,0,0,_binary ''),(2161,'Harry Potter 2','Soft Cover','9784234356237',107,39,5,4,1,5,0,0,_binary ''),(2162,'Harry Potter 3','Soft Cover','9781234356238',107,39,5,4,1,5,0,0,_binary ''),(2163,'Harry Potter 4','Soft Cover','9781233356239',107,39,5,4,1,5,0,0,_binary ''),(2164,'Harry Potter 4','Soft Cover','9781233356256',107,39,5,4,1,5,0,0,_binary ''),(2165,'Harry Potter','Soft Cover','0781234356232',107,39,5,4,1,5,0,0,_binary ''),(2166,'Pride & Prejudice','Soft Cover','9781234356231',107,39,5,4,1,5,0,0,_binary ''),(2167,'Circe','Soft Cover','9781234356233',107,39,5,4,1,5,0,0,_binary ''),(2168,'Book Thief','Soft Cover','9781234356234',107,39,5,4,1,5,0,0,_binary ''),(2169,'Lord of the Rings','Soft Cover','9781234356235',107,39,5,4,1,5,0,0,_binary ''),(2170,'The Catcher In The Rye','Soft Cover','9781234356256',107,39,5,4,1,5,0,0,_binary ''),(2171,'Harry Potter','Soft Cover','9781294356231',107,39,5,4,1,5,0,0,_binary ''),(2172,'Harry Potter 1','Soft Cover','9781264356232',107,39,5,4,1,5,0,0,_binary ''),(2173,'Harry Potter 2','Soft Cover','9784234356237',107,39,5,4,1,5,0,0,_binary ''),(2174,'Harry Potter 3','Soft Cover','9781234356238',107,39,5,4,1,5,0,0,_binary ''),(2175,'Harry Potter 4','Soft Cover','9781233356239',107,39,5,4,1,5,0,0,_binary ''),(2176,'Harry Potter 4','Soft Cover','9781233356256',107,39,5,4,1,5,0,0,_binary ''),(2177,'Harry Potter','Soft Cover','0781234356232',107,39,5,4,1,5,0,0,_binary ''),(2178,'Pride & Prejudice','Soft Cover','9781234356231',107,39,5,4,1,5,0,0,_binary ''),(2179,'Circe','Soft Cover','9781234356233',107,39,5,4,1,5,0,0,_binary ''),(2180,'Book Thief','Soft Cover','9781234356234',107,39,5,4,1,5,0,0,_binary ''),(2181,'Lord of the Rings','Soft Cover','9781234356235',107,39,5,4,1,5,0,0,_binary ''),(2182,'The Catcher In The Rye','Soft Cover','9781234356256',107,39,5,4,1,5,0,0,_binary ''),(2183,'Harry Potter','Soft Cover','9781294356231',107,39,5,4,1,5,0,0,_binary ''),(2184,'Harry Potter 1','Soft Cover','9781264356232',107,39,5,4,1,5,0,0,_binary ''),(2185,'Harry Potter 2','Soft Cover','9784234356237',107,39,5,4,1,5,0,0,_binary ''),(2186,'Harry Potter 3','Soft Cover','9781234356238',107,39,5,4,1,5,0,0,_binary ''),(2187,'Harry Potter 4','Soft Cover','9781233356239',107,39,5,4,1,5,0,0,_binary ''),(2188,'Harry Potter 4','Soft Cover','9781233356256',107,39,5,4,1,5,0,0,_binary ''),(2189,'Harry Potter','Soft Cover','0781234356232',107,39,5,4,1,5,0,0,_binary ''),(2190,'Pride & Prejudice','Soft Cover','9781234356231',107,39,5,4,1,5,0,0,_binary ''),(2191,'Circe','Soft Cover','9781234356233',107,39,5,4,1,5,0,0,_binary ''),(2192,'Book Thief','Soft Cover','9781234356234',107,39,5,4,1,5,0,0,_binary ''),(2193,'Lord of the Rings','Soft Cover','9781234356235',107,39,5,4,1,5,0,0,_binary ''),(2194,'The Catcher In The Rye','Soft Cover','9781234356256',107,39,5,4,1,5,0,0,_binary ''),(2195,'Harry Potter','Soft Cover','9781294356231',107,39,5,4,1,5,0,0,_binary ''),(2196,'Harry Potter 1','Soft Cover','9781264356232',107,39,5,4,1,5,0,0,_binary ''),(2197,'Harry Potter 2','Soft Cover','9784234356237',107,39,5,4,1,5,0,0,_binary ''),(2198,'Harry Potter 3','Soft Cover','9781234356238',107,39,5,4,1,5,0,0,_binary ''),(2199,'Harry Potter 4','Soft Cover','9781233356239',107,39,5,4,1,5,0,0,_binary ''),(2200,'Harry Potter 4','Soft Cover','9781233356256',107,39,5,4,1,5,0,0,_binary ''),(2201,'Harry Potter','Soft Cover','0781234356232',107,39,5,4,1,5,0,0,_binary ''),(2202,'Pride & Prejudice','Soft Cover','9781234356231',107,39,5,4,1,5,0,0,_binary ''),(2203,'Circe','Soft Cover','9781234356233',107,39,5,4,1,5,0,0,_binary ''),(2204,'Book Thief','Soft Cover','9781234356234',107,39,5,4,1,5,0,0,_binary ''),(2205,'Lord of the Rings','Soft Cover','9781234356235',107,39,5,4,1,5,0,0,_binary ''),(2206,'The Catcher In The Rye','Soft Cover','9781234356256',107,39,5,4,1,5,0,0,_binary ''),(2207,'Harry Potter','Soft Cover','9781294356231',107,39,5,4,1,5,0,0,_binary ''),(2208,'Harry Potter 1','Soft Cover','9781264356232',107,39,5,4,1,5,0,0,_binary ''),(2209,'Harry Potter 2','Soft Cover','9784234356237',107,39,5,4,1,5,0,0,_binary ''),(2210,'Harry Potter 3','Soft Cover','9781234356238',107,39,5,4,1,5,0,0,_binary ''),(2211,'Harry Potter 4','Soft Cover','9781233356239',107,39,5,4,1,5,0,0,_binary ''),(2212,'Harry Potter 4','Soft Cover','9781233356256',107,39,5,4,1,5,0,0,_binary ''),(2213,'Harry Potter','Soft Cover','0781234356232',107,39,5,4,1,5,0,0,_binary ''),(2214,'Pride & Prejudice','Soft Cover','9781234356231',107,39,5,4,1,5,0,0,_binary ''),(2215,'Circe','Soft Cover','9781234356233',107,39,5,4,1,5,0,0,_binary ''),(2216,'Book Thief','Soft Cover','9781234356234',107,39,5,4,1,5,0,0,_binary ''),(2217,'Lord of the Rings','Soft Cover','9781234356235',107,39,5,4,1,5,0,0,_binary ''),(2218,'The Catcher In The Rye','Soft Cover','9781234356256',107,39,5,4,1,5,0,0,_binary ''),(2219,'Harry Potter','Soft Cover','9781294356231',107,39,5,4,1,5,0,0,_binary ''),(2220,'Harry Potter 1','Soft Cover','9781264356232',107,39,5,4,1,5,0,0,_binary ''),(2221,'Harry Potter 2','Soft Cover','9784234356237',107,39,5,4,1,5,0,0,_binary ''),(2222,'Harry Potter 3','Soft Cover','9781234356238',107,39,5,4,1,5,0,0,_binary ''),(2223,'Harry Potter 4','Soft Cover','9781233356239',107,39,5,4,1,5,0,0,_binary ''),(2224,'Harry Potter 4','Soft Cover','9781233356256',107,39,5,4,1,5,0,0,_binary ''),(2225,'Harry Potter','Soft Cover','0781234356232',107,39,5,4,1,5,0,0,_binary ''),(2226,'Pride & Prejudice','Soft Cover','9781234356231',107,39,5,4,1,5,0,0,_binary ''),(2227,'Circe','Soft Cover','9781234356233',107,39,5,4,1,5,0,0,_binary ''),(2228,'Book Thief','Soft Cover','9781234356234',107,39,5,4,1,5,0,0,_binary ''),(2229,'Lord of the Rings','Soft Cover','9781234356235',107,39,5,4,1,5,0,0,_binary ''),(2230,'The Catcher In The Rye','Soft Cover','9781234356256',107,39,5,4,1,5,0,0,_binary ''),(2231,'Harry Potter','Soft Cover','9781294356231',107,39,5,4,1,5,0,0,_binary ''),(2232,'Harry Potter 1','Soft Cover','9781264356232',107,39,5,4,1,5,0,0,_binary ''),(2233,'Harry Potter 2','Soft Cover','9784234356237',107,39,5,4,1,5,0,0,_binary ''),(2234,'Harry Potter 3','Soft Cover','9781234356238',107,39,5,4,1,5,0,0,_binary ''),(2235,'Harry Potter 4','Soft Cover','9781233356239',107,39,5,4,1,5,0,0,_binary ''),(2236,'Harry Potter 4','Soft Cover','9781233356256',107,39,5,4,1,5,0,0,_binary ''),(2237,'Harry Potter','Soft Cover','0781234356232',107,39,5,4,1,5,0,0,_binary ''),(2238,'Pride & Prejudice','Soft Cover','9781234356231',107,39,5,4,1,5,0,0,_binary ''),(2239,'Circe','Soft Cover','9781234356233',107,39,5,4,1,5,0,0,_binary ''),(2240,'Book Thief','Soft Cover','9781234356234',107,39,5,4,1,5,0,0,_binary ''),(2241,'Lord of the Rings','Soft Cover','9781234356235',107,39,5,4,1,5,0,0,_binary ''),(2242,'The Catcher In The Rye','Soft Cover','9781234356256',107,39,5,4,1,5,0,0,_binary ''),(2243,'Harry Potter','Soft Cover','9781294356231',107,39,5,4,1,5,0,0,_binary ''),(2244,'Harry Potter 1','Soft Cover','9781264356232',107,39,5,4,1,5,0,0,_binary ''),(2245,'Harry Potter 2','Soft Cover','9784234356237',107,39,5,4,1,5,0,0,_binary ''),(2246,'Harry Potter 3','Soft Cover','9781234356238',107,39,5,4,1,5,0,0,_binary ''),(2247,'Harry Potter 4','Soft Cover','9781233356239',107,39,5,4,1,5,0,0,_binary ''),(2248,'Harry Potter 4','Soft Cover','9781233356256',107,39,5,4,1,5,0,0,_binary ''),(2249,'Harry Potter','Soft Cover','0781234356232',107,39,5,4,1,5,0,0,_binary ''),(2250,'Pride & Prejudice','Soft Cover','9781234356231',107,39,5,4,1,5,0,0,_binary ''),(2251,'Circe','Soft Cover','9781234356233',107,39,5,4,1,5,0,0,_binary ''),(2252,'Book Thief','Soft Cover','9781234356234',107,39,5,4,1,5,0,0,_binary ''),(2253,'Lord of the Rings','Soft Cover','9781234356235',107,39,5,4,1,5,0,0,_binary ''),(2254,'The Catcher In The Rye','Soft Cover','9781234356256',107,39,5,4,1,5,0,0,_binary ''),(2255,'Harry Potter','Soft Cover','9781294356231',107,39,5,4,1,5,0,0,_binary ''),(2256,'Harry Potter 1','Soft Cover','9781264356232',107,39,5,4,1,5,0,0,_binary ''),(2257,'Harry Potter 2','Soft Cover','9784234356237',107,39,5,4,1,5,0,0,_binary ''),(2258,'Harry Potter 3','Soft Cover','9781234356238',107,39,5,4,1,5,0,0,_binary ''),(2259,'Harry Potter 4','Soft Cover','9781233356239',107,39,5,4,1,5,0,0,_binary ''),(2260,'Harry Potter 4','Soft Cover','9781233356256',107,39,5,4,1,5,0,0,_binary ''),(2261,'Harry Potter','Soft Cover','0781234356232',107,39,5,4,1,5,0,0,_binary ''),(2262,'Pride & Prejudice','Soft Cover','9781234356231',107,39,5,4,1,5,0,0,_binary ''),(2263,'Circe','Soft Cover','9781234356233',107,39,5,4,1,5,0,0,_binary ''),(2264,'Book Thief','Soft Cover','9781234356234',107,39,5,4,1,5,0,0,_binary ''),(2265,'Lord of the Rings','Soft Cover','9781234356235',107,39,5,4,1,5,0,0,_binary ''),(2266,'The Catcher In The Rye','Soft Cover','9781234356256',107,39,5,4,1,5,0,0,_binary ''),(2267,'Harry Potter','Soft Cover','9781294356231',107,39,5,4,1,5,0,0,_binary ''),(2268,'Harry Potter 1','Soft Cover','9781264356232',107,39,5,4,1,5,0,0,_binary ''),(2269,'Harry Potter 2','Soft Cover','9784234356237',107,39,5,4,1,5,0,0,_binary ''),(2270,'Harry Potter 3','Soft Cover','9781234356238',107,39,5,4,1,5,0,0,_binary ''),(2271,'Harry Potter 4','Soft Cover','9781233356239',107,39,5,4,1,5,0,0,_binary ''),(2272,'Harry Potter 4','Soft Cover','9781233356256',107,39,5,4,1,5,0,0,_binary ''),(2273,'Harry Potter','Soft Cover','0781234356232',107,39,5,4,1,5,0,0,_binary ''),(2274,'Pride & Prejudice','Soft Cover','9781234356231',107,39,5,4,1,5,0,0,_binary ''),(2275,'Circe','Soft Cover','9781234356233',107,39,5,4,1,5,0,0,_binary ''),(2276,'Book Thief','Soft Cover','9781234356234',107,39,5,4,1,5,0,0,_binary ''),(2277,'Lord of the Rings','Soft Cover','9781234356235',107,39,5,4,1,5,0,0,_binary ''),(2278,'The Catcher In The Rye','Soft Cover','9781234356256',107,39,5,4,1,5,0,0,_binary ''),(2279,'Harry Potter','Soft Cover','9781294356231',107,39,5,4,1,5,0,0,_binary ''),(2280,'Harry Potter 1','Soft Cover','9781264356232',107,39,5,4,1,5,0,0,_binary ''),(2281,'Harry Potter 2','Soft Cover','9784234356237',107,39,5,4,1,5,0,0,_binary ''),(2282,'Harry Potter 3','Soft Cover','9781234356238',107,39,5,4,1,5,0,0,_binary ''),(2283,'Harry Potter 4','Soft Cover','9781233356239',107,39,5,4,1,5,0,0,_binary ''),(2284,'Harry Potter 4','Soft Cover','9781233356256',107,39,5,4,1,5,0,0,_binary ''),(2285,'Harry Potter','Soft Cover','0781234356232',107,39,5,4,1,5,0,0,_binary ''),(2286,'Pride & Prejudice','Soft Cover','9781234356231',107,39,5,4,1,5,0,0,_binary ''),(2287,'Circe','Soft Cover','9781234356233',107,39,5,4,1,5,0,0,_binary ''),(2288,'Book Thief','Soft Cover','9781234356234',107,39,5,4,1,5,0,0,_binary ''),(2289,'Lord of the Rings','Soft Cover','9781234356235',107,39,5,4,1,5,0,0,_binary ''),(2290,'The Catcher In The Rye','Soft Cover','9781234356256',107,39,5,4,1,5,0,0,_binary ''),(2291,'Harry Potter','Soft Cover','9781294356231',107,39,5,4,1,5,0,0,_binary ''),(2292,'Harry Potter 1','Soft Cover','9781264356232',107,39,5,4,1,5,0,0,_binary ''),(2293,'Harry Potter 2','Soft Cover','9784234356237',107,39,5,4,1,5,0,0,_binary ''),(2294,'Harry Potter 3','Soft Cover','9781234356238',107,39,5,4,1,5,0,0,_binary ''),(2295,'Harry Potter 4','Soft Cover','9781233356239',107,39,5,4,1,5,0,0,_binary ''),(2296,'Harry Potter 4','Soft Cover','9781233356256',107,39,5,4,1,5,0,0,_binary ''),(2297,'Harry Potter','Soft Cover','0781234356232',107,39,5,4,1,5,0,0,_binary ''),(2298,'Pride & Prejudice','Soft Cover','9781234356231',107,39,5,4,1,5,0,0,_binary ''),(2299,'Circe','Soft Cover','9781234356233',107,39,5,4,1,5,0,0,_binary ''),(2300,'Book Thief','Soft Cover','9781234356234',107,39,5,4,1,5,0,0,_binary ''),(2301,'Lord of the Rings','Soft Cover','9781234356235',107,39,5,4,1,5,0,0,_binary ''),(2302,'The Catcher In The Rye','Soft Cover','9781234356256',107,39,5,4,1,5,0,0,_binary ''),(2303,'Harry Potter','Soft Cover','9781294356231',107,39,5,4,1,5,0,0,_binary ''),(2304,'Harry Potter 1','Soft Cover','9781264356232',107,39,5,4,1,5,0,0,_binary ''),(2305,'Harry Potter 2','Soft Cover','9784234356237',107,39,5,4,1,5,0,0,_binary ''),(2306,'Harry Potter 3','Soft Cover','9781234356238',107,39,5,4,1,5,0,0,_binary ''),(2307,'Harry Potter 4','Soft Cover','9781233356239',107,39,5,4,1,5,0,0,_binary ''),(2308,'Harry Potter 4','Soft Cover','9781233356256',107,39,5,4,1,5,0,0,_binary ''),(2309,'Harry Potter','Soft Cover','0781234356232',107,39,5,4,1,5,0,0,_binary ''),(2310,'Pride & Prejudice','Soft Cover','9781234356231',107,39,5,4,1,5,0,0,_binary ''),(2311,'Circe','Soft Cover','9781234356233',107,39,5,4,1,5,0,0,_binary ''),(2312,'Book Thief','Soft Cover','9781234356234',107,39,5,4,1,5,0,0,_binary ''),(2313,'Lord of the Rings','Soft Cover','9781234356235',107,39,5,4,1,5,0,0,_binary ''),(2314,'The Catcher In The Rye','Soft Cover','9781234356256',107,39,5,4,1,5,0,0,_binary ''),(2315,'Harry Potter','Soft Cover','9781294356231',107,39,5,4,1,5,0,0,_binary ''),(2316,'Harry Potter 1','Soft Cover','9781264356232',107,39,5,4,1,5,0,0,_binary ''),(2317,'Harry Potter 2','Soft Cover','9784234356237',107,39,5,4,1,5,0,0,_binary ''),(2318,'Harry Potter 3','Soft Cover','9781234356238',107,39,5,4,1,5,0,0,_binary ''),(2319,'Harry Potter 4','Soft Cover','9781233356239',107,39,5,4,1,5,0,0,_binary ''),(2320,'Harry Potter 4','Soft Cover','9781233356256',107,39,5,4,1,5,0,0,_binary '');
/*!40000 ALTER TABLE `tblbooks` ENABLE KEYS */;
UNLOCK TABLES;

--
-- Table structure for table `tblborrowedcopies`
--

DROP TABLE IF EXISTS `tblborrowedcopies`;
/*!40101 SET @saved_cs_client     = @@character_set_client */;
/*!50503 SET character_set_client = utf8mb4 */;
CREATE TABLE `tblborrowedcopies` (
  `id` int NOT NULL AUTO_INCREMENT,
  `header_id` int NOT NULL,
  `copy_id` int NOT NULL,
  `borrowed_condition` tinyint NOT NULL DEFAULT '0',
  `returned_condition` tinyint DEFAULT NULL,
  `date_returned` datetime DEFAULT NULL,
  PRIMARY KEY (`id`),
  KEY `fk_borrowedcopy_id_idx` (`copy_id`),
  KEY `fk_header_id_idx` (`header_id`),
  CONSTRAINT `fk_borrowedcopy_id` FOREIGN KEY (`copy_id`) REFERENCES `tblbookcopies` (`id`),
  CONSTRAINT `fk_header_id` FOREIGN KEY (`header_id`) REFERENCES `tblborrowheaders` (`id`)
) ENGINE=InnoDB AUTO_INCREMENT=42 DEFAULT CHARSET=utf8mb4 COLLATE=utf8mb4_0900_ai_ci;
/*!40101 SET character_set_client = @saved_cs_client */;

--
-- Dumping data for table `tblborrowedcopies`
--

LOCK TABLES `tblborrowedcopies` WRITE;
/*!40000 ALTER TABLE `tblborrowedcopies` DISABLE KEYS */;
INSERT INTO `tblborrowedcopies` VALUES (1,10,775,0,1,NULL),(2,10,800,0,0,'2025-01-16 11:24:12'),(3,11,777,0,0,'2025-01-16 11:24:25'),(4,12,776,0,0,'2025-01-16 12:57:06'),(5,13,779,0,0,'2025-01-16 13:01:01'),(6,14,780,0,1,'2025-01-16 13:01:32'),(7,15,783,0,1,'2025-01-16 13:01:41'),(8,16,785,0,1,'2025-01-16 13:36:30'),(9,17,784,0,0,'2025-01-16 13:36:38'),(10,18,781,0,1,'2025-01-16 13:01:55'),(11,19,786,0,1,'2025-01-16 13:13:21'),(12,19,841,0,2,'2025-01-16 13:26:22'),(13,20,776,0,1,'2025-01-16 15:26:12'),(14,20,820,0,0,'2025-01-16 15:56:07'),(15,21,777,0,0,'2025-01-16 15:56:21'),(16,22,780,0,0,'2025-01-16 14:42:43'),(17,23,775,0,2,'2025-01-16 15:59:27'),(18,24,778,0,2,'2025-01-16 16:00:31'),(19,25,777,0,0,'2025-01-16 16:10:15'),(20,26,777,0,2,'2025-01-16 16:10:44'),(21,27,804,0,2,'2025-01-16 16:17:22'),(22,28,803,0,2,'2025-01-16 16:20:21'),(23,29,775,0,0,'2025-01-16 17:24:33'),(24,29,859,0,0,'2025-01-16 17:24:33'),(25,29,871,0,0,'2025-01-16 17:24:33'),(26,29,931,0,0,'2025-01-16 17:24:33'),(27,29,805,0,0,'2025-01-16 17:24:33'),(28,29,969,0,0,'2025-01-16 17:24:33'),(29,30,776,0,0,'2025-01-18 14:06:38'),(30,30,856,0,0,'2025-01-18 14:06:38'),(31,30,900,0,0,'2025-01-18 14:06:38'),(32,30,922,0,0,'2025-01-18 14:06:38'),(33,30,964,0,0,'2025-01-18 14:06:38'),(34,30,847,0,0,'2025-01-18 14:06:38'),(35,31,780,0,0,'2025-01-18 14:06:57'),(36,31,862,0,0,'2025-01-18 14:06:57'),(37,31,896,0,0,'2025-01-18 14:06:57'),(38,31,929,0,0,'2025-01-18 14:06:57'),(39,31,840,0,0,'2025-01-18 14:06:57'),(40,32,778,0,0,'2025-01-18 14:38:20'),(41,32,850,0,0,'2025-01-18 14:38:20');
/*!40000 ALTER TABLE `tblborrowedcopies` ENABLE KEYS */;
UNLOCK TABLES;

--
-- Table structure for table `tblborrowheaders`
--

DROP TABLE IF EXISTS `tblborrowheaders`;
/*!40101 SET @saved_cs_client     = @@character_set_client */;
/*!50503 SET character_set_client = utf8mb4 */;
CREATE TABLE `tblborrowheaders` (
  `id` int NOT NULL AUTO_INCREMENT,
  `student_id` int DEFAULT NULL,
  `faculty_id` int DEFAULT NULL,
  `circulation_no` varchar(20) NOT NULL,
  `issued_by` int NOT NULL,
  `overdue_date` datetime NOT NULL,
  `borrow_date` datetime NOT NULL,
  `status` tinyint NOT NULL DEFAULT '1',
  `note` varchar(300) DEFAULT NULL,
  `is_overdue` bit(2) NOT NULL DEFAULT b'0',
  PRIMARY KEY (`id`),
  KEY `fk_student_id_idx` (`student_id`),
  KEY `fk_faculty_id_idx` (`faculty_id`),
  CONSTRAINT `fk_faculty_id` FOREIGN KEY (`faculty_id`) REFERENCES `tblfaculties` (`id`),
  CONSTRAINT `fk_student_id` FOREIGN KEY (`student_id`) REFERENCES `tblstudents` (`id`)
) ENGINE=InnoDB AUTO_INCREMENT=33 DEFAULT CHARSET=utf8mb4 COLLATE=utf8mb4_0900_ai_ci;
/*!40101 SET character_set_client = @saved_cs_client */;

--
-- Dumping data for table `tblborrowheaders`
--

LOCK TABLES `tblborrowheaders` WRITE;
/*!40000 ALTER TABLE `tblborrowheaders` DISABLE KEYS */;
INSERT INTO `tblborrowheaders` VALUES (10,761,NULL,'0000000001',5,'2025-01-20 11:33:46','2025-01-15 11:33:46',0,'Hello World!',_binary ''),(11,761,NULL,'0000000002',5,'2025-01-20 11:52:02','2025-01-15 11:52:02',0,'sad',_binary ''),(12,764,NULL,'0000000003',5,'2025-01-20 13:41:07','2025-01-15 13:41:07',0,NULL,_binary ''),(13,764,NULL,'0000000004',5,'2025-01-20 13:41:22','2025-01-15 13:41:22',0,NULL,_binary ''),(14,762,NULL,'0000000005',5,'2025-01-20 13:44:02','2025-01-15 13:44:02',0,NULL,_binary ''),(15,765,NULL,'0000000006',5,'2025-01-20 13:44:26','2025-01-15 13:44:26',0,NULL,_binary ''),(16,762,NULL,'0000000007',5,'2025-01-20 13:44:36','2025-01-15 13:44:36',0,NULL,_binary ''),(17,762,NULL,'0000000008',5,'2025-01-20 13:44:52','2025-01-15 13:44:52',0,NULL,_binary ''),(18,767,NULL,'0000000009',5,'2025-01-20 13:45:17','2025-01-15 13:45:17',0,NULL,_binary ''),(19,766,NULL,'0000000010',5,'2025-01-21 13:02:27','2025-01-16 13:02:27',0,NULL,_binary ''),(20,762,NULL,'0000000011',5,'2025-01-21 14:39:23','2025-01-16 14:39:23',0,NULL,_binary ''),(21,761,NULL,'0000000012',5,'2025-01-21 14:42:13','2025-01-16 14:42:13',0,NULL,_binary ''),(22,764,NULL,'0000000013',5,'2025-01-21 14:42:23','2025-01-16 14:42:23',0,NULL,_binary ''),(23,762,NULL,'0000000014',5,'2025-01-21 15:59:18','2025-01-16 15:59:18',0,NULL,_binary ''),(24,762,NULL,'0000000015',5,'2025-01-21 16:00:22','2025-01-16 16:00:22',0,NULL,_binary ''),(25,762,NULL,'0000000016',5,'2025-01-21 16:09:58','2025-01-16 16:09:58',0,NULL,_binary ''),(26,762,NULL,'0000000017',5,'2025-01-21 16:10:37','2025-01-16 16:10:37',0,NULL,_binary ''),(27,762,NULL,'0000000018',5,'2025-01-21 16:17:12','2025-01-16 16:17:12',0,NULL,_binary ''),(28,762,NULL,'0000000019',5,'2025-01-21 16:17:52','2025-01-16 16:17:52',0,NULL,_binary ''),(29,762,NULL,'0000000020',5,'2025-01-21 17:18:27','2025-01-16 17:18:27',0,NULL,_binary ''),(30,762,NULL,'0000000021',5,'2025-01-21 17:28:50','2025-01-16 17:28:50',0,NULL,_binary ''),(31,764,NULL,'0000000022',5,'2025-01-21 17:36:50','2025-01-16 17:36:50',0,NULL,_binary '\0'),(32,762,NULL,'0000000023',5,'2025-01-23 14:11:23','2025-01-18 14:11:23',0,NULL,_binary '\0');
/*!40000 ALTER TABLE `tblborrowheaders` ENABLE KEYS */;
UNLOCK TABLES;

--
-- Table structure for table `tblclassifications`
--

DROP TABLE IF EXISTS `tblclassifications`;
/*!40101 SET @saved_cs_client     = @@character_set_client */;
/*!50503 SET character_set_client = utf8mb4 */;
CREATE TABLE `tblclassifications` (
  `id` int NOT NULL AUTO_INCREMENT,
  `dewey_decimal` varchar(10) NOT NULL,
  `classification` varchar(50) NOT NULL,
  PRIMARY KEY (`id`)
) ENGINE=InnoDB AUTO_INCREMENT=259 DEFAULT CHARSET=utf8mb4 COLLATE=utf8mb4_0900_ai_ci;
/*!40101 SET character_set_client = @saved_cs_client */;

--
-- Dumping data for table `tblclassifications`
--

LOCK TABLES `tblclassifications` WRITE;
/*!40000 ALTER TABLE `tblclassifications` DISABLE KEYS */;
INSERT INTO `tblclassifications` VALUES (1,'0001','General Knowledge'),(2,'1231','AFAFAW'),(4,'12312','FAWFAWF'),(5,'rarrawrawr','111'),(6,'rarrawrawr','111'),(7,'rarrawrawr','111'),(8,'rarrawrawr','111'),(9,'rarrawrawr','111'),(10,'rarrawrawr','111'),(11,'rarrawrawr','111'),(12,'rarrawrawr','111'),(13,'rarrawrawr','111'),(14,'rarrawrawr','111'),(15,'rarrawrawr','111'),(16,'rarrawrawr','111'),(17,'rarrawrawr','111'),(18,'rarrawrawr','111'),(19,'rarrawrawr','111'),(20,'rarrawrawr','111'),(21,'rarrawrawr','111'),(22,'rarrawrawr','111'),(23,'rarrawrawr','111'),(24,'rarrawrawr','111'),(25,'rarrawrawr','111'),(26,'rarrawrawr','111'),(27,'rarrawrawr','111'),(28,'rarrawrawr','111'),(29,'rarrawrawr','111'),(30,'rarrawrawr','111'),(31,'rarrawrawr','111'),(32,'rarrawrawr','111'),(33,'rarrawrawr','111'),(34,'rarrawrawr','111'),(35,'rarrawrawr','111'),(36,'rarrawrawr','111'),(37,'rarrawrawr','111'),(38,'rarrawrawr','111'),(39,'rarrawrawr','111'),(40,'rarrawrawr','111'),(41,'rarrawrawr','111'),(42,'rarrawrawr','111'),(43,'rarrawrawr','111'),(44,'rarrawrawr','111'),(45,'rarrawrawr','111'),(46,'rarrawrawr','111'),(47,'rarrawrawr','111'),(48,'rarrawrawr','111'),(49,'rarrawrawr','111'),(50,'rarrawrawr','111'),(51,'rarrawrawr','111'),(52,'rarrawrawr','111'),(53,'rarrawrawr','111'),(54,'rarrawrawr','111'),(55,'rarrawrawr','111'),(56,'rarrawrawr','111'),(57,'rarrawrawr','111'),(58,'rarrawrawr','111'),(59,'rarrawrawr','111'),(60,'rarrawrawr','111'),(61,'rarrawrawr','111'),(62,'rarrawrawr','111'),(63,'rarrawrawr','111'),(64,'rarrawrawr','111'),(65,'rarrawrawr','111'),(66,'rarrawrawr','111'),(67,'rarrawrawr','111'),(68,'rarrawrawr','111'),(69,'rarrawrawr','111'),(70,'rarrawrawr','111'),(71,'rarrawrawr','111'),(72,'rarrawrawr','111'),(73,'rarrawrawr','111'),(74,'rarrawrawr','111'),(75,'rarrawrawr','111'),(76,'rarrawrawr','111'),(77,'rarrawrawr','111'),(78,'rarrawrawr','111'),(79,'rarrawrawr','111'),(80,'rarrawrawr','111'),(81,'rarrawrawr','111'),(82,'rarrawrawr','111'),(83,'rarrawrawr','111'),(84,'rarrawrawr','111'),(85,'rarrawrawr','111'),(86,'rarrawrawr','111'),(87,'rarrawrawr','111'),(88,'rarrawrawr','111'),(89,'rarrawrawr','111'),(90,'rarrawrawr','111'),(91,'rarrawrawr','111'),(92,'rarrawrawr','111'),(93,'rarrawrawr','111'),(94,'rarrawrawr','111'),(95,'rarrawrawr','111'),(96,'rarrawrawr','111'),(97,'rarrawrawr','111'),(98,'rarrawrawr','111'),(99,'rarrawrawr','111'),(100,'rarrawrawr','111'),(101,'rarrawrawr','111'),(102,'rarrawrawr','111'),(103,'rarrawrawr','111'),(104,'rarrawrawr','111'),(105,'rarrawrawr','111'),(106,'rarrawrawr','111'),(107,'rarrawrawr','111'),(108,'rarrawrawr','111'),(109,'rarrawrawr','111'),(110,'rarrawrawr','111'),(111,'rarrawrawr','111'),(112,'rarrawrawr','111'),(113,'rarrawrawr','111'),(114,'rarrawrawr','111'),(115,'rarrawrawr','111'),(116,'rarrawrawr','111'),(117,'rarrawrawr','111'),(118,'rarrawrawr','111'),(119,'rarrawrawr','111'),(120,'rarrawrawr','111'),(121,'rarrawrawr','111'),(122,'rarrawrawr','111'),(123,'rarrawrawr','111'),(124,'rarrawrawr','111'),(125,'rarrawrawr','111'),(126,'rarrawrawr','111'),(127,'rarrawrawr','111'),(128,'rarrawrawr','111'),(129,'rarrawrawr','111'),(130,'rarrawrawr','111'),(131,'rarrawrawr','111'),(132,'rarrawrawr','111'),(133,'rarrawrawr','111'),(134,'rarrawrawr','111'),(135,'rarrawrawr','111'),(136,'rarrawrawr','111'),(137,'rarrawrawr','111'),(138,'rarrawrawr','111'),(139,'rarrawrawr','111'),(140,'rarrawrawr','111'),(141,'rarrawrawr','111'),(142,'rarrawrawr','111'),(143,'rarrawrawr','111'),(144,'rarrawrawr','111'),(145,'rarrawrawr','111'),(146,'rarrawrawr','111'),(147,'rarrawrawr','111'),(148,'rarrawrawr','111'),(149,'rarrawrawr','111'),(150,'rarrawrawr','111'),(151,'rarrawrawr','111'),(152,'rarrawrawr','111'),(153,'rarrawrawr','111'),(154,'rarrawrawr','111'),(155,'rarrawrawr','111'),(156,'rarrawrawr','111'),(157,'rarrawrawr','111'),(158,'rarrawrawr','111'),(159,'rarrawrawr','111'),(160,'rarrawrawr','111'),(161,'rarrawrawr','111'),(162,'rarrawrawr','111'),(163,'rarrawrawr','111'),(164,'rarrawrawr','111'),(165,'rarrawrawr','111'),(166,'rarrawrawr','111'),(167,'rarrawrawr','111'),(168,'rarrawrawr','111'),(169,'rarrawrawr','111'),(170,'rarrawrawr','111'),(171,'rarrawrawr','111'),(172,'rarrawrawr','111'),(173,'rarrawrawr','111'),(174,'rarrawrawr','111'),(175,'rarrawrawr','111'),(176,'rarrawrawr','111'),(177,'rarrawrawr','111'),(178,'rarrawrawr','111'),(179,'rarrawrawr','111'),(180,'rarrawrawr','111'),(181,'rarrawrawr','111'),(182,'rarrawrawr','111'),(183,'rarrawrawr','111'),(184,'rarrawrawr','111'),(185,'rarrawrawr','111'),(186,'rarrawrawr','111'),(187,'rarrawrawr','111'),(188,'rarrawrawr','111'),(189,'rarrawrawr','111'),(190,'rarrawrawr','111'),(191,'rarrawrawr','111'),(192,'rarrawrawr','111'),(193,'rarrawrawr','111'),(194,'rarrawrawr','111'),(195,'rarrawrawr','111'),(196,'rarrawrawr','111'),(197,'rarrawrawr','111'),(198,'rarrawrawr','111'),(199,'rarrawrawr','111'),(200,'rarrawrawr','111'),(201,'rarrawrawr','111'),(202,'rarrawrawr','111'),(203,'rarrawrawr','111'),(204,'rarrawrawr','111'),(205,'rarrawrawr','111'),(206,'rarrawrawr','111'),(207,'rarrawrawr','111'),(208,'rarrawrawr','111'),(209,'rarrawrawr','111'),(210,'rarrawrawr','111'),(211,'rarrawrawr','111'),(212,'rarrawrawr','111'),(213,'rarrawrawr','111'),(214,'rarrawrawr','111'),(215,'rarrawrawr','111'),(216,'rarrawrawr','111'),(217,'rarrawrawr','111'),(218,'rarrawrawr','111'),(219,'rarrawrawr','111'),(220,'rarrawrawr','111'),(221,'rarrawrawr','111'),(222,'rarrawrawr','111'),(223,'rarrawrawr','111'),(224,'rarrawrawr','111'),(225,'rarrawrawr','111'),(226,'rarrawrawr','111'),(227,'rarrawrawr','111'),(228,'rarrawrawr','111'),(229,'rarrawrawr','111'),(230,'rarrawrawr','111'),(231,'rarrawrawr','111'),(232,'rarrawrawr','111'),(233,'rarrawrawr','111'),(234,'rarrawrawr','111'),(235,'rarrawrawr','111'),(236,'rarrawrawr','111'),(237,'rarrawrawr','111'),(238,'rarrawrawr','111'),(239,'rarrawrawr','111'),(240,'rarrawrawr','111'),(241,'rarrawrawr','111'),(242,'rarrawrawr','111'),(243,'rarrawrawr','111'),(244,'rarrawrawr','111'),(246,'2','Computer Science'),(247,'1','General Knowledge'),(248,'2','Computer Science'),(249,'6','Sample'),(250,'86.1','KKK'),(251,'99','Afwaf'),(252,'5','FAWFAW'),(253,'7.1','Rarar'),(254,'8','Rawr'),(255,'0032','Fwafawf'),(256,'068','Rawrawr'),(257,'034.43434','Ffdff'),(258,'092.112','Magic Beans');
/*!40000 ALTER TABLE `tblclassifications` ENABLE KEYS */;
UNLOCK TABLES;

--
-- Table structure for table `tbldepartments`
--

DROP TABLE IF EXISTS `tbldepartments`;
/*!40101 SET @saved_cs_client     = @@character_set_client */;
/*!50503 SET character_set_client = utf8mb4 */;
CREATE TABLE `tbldepartments` (
  `id` int NOT NULL AUTO_INCREMENT,
  `department_name` varchar(45) NOT NULL,
  PRIMARY KEY (`id`)
) ENGINE=InnoDB AUTO_INCREMENT=7 DEFAULT CHARSET=utf8mb4 COLLATE=utf8mb4_0900_ai_ci;
/*!40101 SET character_set_client = @saved_cs_client */;

--
-- Dumping data for table `tbldepartments`
--

LOCK TABLES `tbldepartments` WRITE;
/*!40000 ALTER TABLE `tbldepartments` DISABLE KEYS */;
INSERT INTO `tbldepartments` VALUES (1,'Junior High School'),(2,'Senior High School'),(5,'Elementary');
/*!40000 ALTER TABLE `tbldepartments` ENABLE KEYS */;
UNLOCK TABLES;

--
-- Table structure for table `tbldonators`
--

DROP TABLE IF EXISTS `tbldonators`;
/*!40101 SET @saved_cs_client     = @@character_set_client */;
/*!50503 SET character_set_client = utf8mb4 */;
CREATE TABLE `tbldonators` (
  `id` int NOT NULL AUTO_INCREMENT,
  `name` varchar(50) NOT NULL,
  `address` varchar(80) NOT NULL,
  PRIMARY KEY (`id`)
) ENGINE=InnoDB AUTO_INCREMENT=393198 DEFAULT CHARSET=utf8mb4 COLLATE=utf8mb4_0900_ai_ci;
/*!40101 SET character_set_client = @saved_cs_client */;

--
-- Dumping data for table `tbldonators`
--

LOCK TABLES `tbldonators` WRITE;
/*!40000 ALTER TABLE `tbldonators` DISABLE KEYS */;
INSERT INTO `tbldonators` VALUES (1,'aaab','aaab'),(2,'FWAF','AFAWF'),(3,'aaa','aaa'),(4,'FWAF','AFAWF'),(6,'aaa','aaa'),(7,'FWAF','AFAWF'),(8,'aaa','aaa'),(9,'FWAF','AFAWF'),(13,'aaabc','aaabc'),(14,'FWAF','AFAWF'),(15,'aaa','aaa'),(16,'FWAF','AFAWF'),(17,'aaa','aaa'),(18,'FWAF','AFAWF'),(19,'aaa','aaa'),(20,'FWAF','AFAWF'),(28,'aaa','aaa'),(29,'FWAF','AFAWF'),(30,'aaa','aaa'),(31,'FWAF','AFAWF'),(32,'aaa','aaa'),(33,'FWAF','AFAWF'),(34,'aaa','aaa'),(35,'FWAF','AFAWF'),(36,'aaa','aaa'),(37,'FWAF','AFAWF'),(38,'aaa','aaa'),(39,'FWAF','AFAWF'),(40,'aaa','aaa'),(41,'FWAF','AFAWF'),(42,'aaa','aaa'),(43,'FWAF','AFAWF'),(59,'aaa','aaa'),(60,'FWAF','AFAWF'),(61,'aaa','aaa'),(62,'FWAF','AFAWF'),(63,'aaa','aaa'),(64,'FWAF','AFAWF'),(65,'aaa','aaa'),(66,'FWAF','AFAWF'),(67,'aaa','aaa'),(68,'FWAF','AFAWF'),(69,'aaa','aaa'),(70,'FWAF','AFAWF'),(71,'aaa','aaa'),(72,'FWAF','AFAWF'),(73,'aaa','aaa'),(74,'FWAF','AFAWF'),(75,'aaa','aaa'),(76,'FWAF','AFAWF'),(77,'aaa','aaa'),(78,'FWAF','AFAWF'),(79,'aaa','aaa'),(80,'FWAF','AFAWF'),(81,'aaa','aaa'),(82,'FWAF','AFAWF'),(83,'aaa','aaa'),(84,'FWAF','AFAWF'),(85,'aaa','aaa'),(86,'FWAF','AFAWF'),(87,'aaa','aaa'),(88,'FWAF','AFAWF'),(89,'aaa','aaa'),(90,'FWAF','AFAWF');
/*!40000 ALTER TABLE `tbldonators` ENABLE KEYS */;
UNLOCK TABLES;

--
-- Table structure for table `tblfaculties`
--

DROP TABLE IF EXISTS `tblfaculties`;
/*!40101 SET @saved_cs_client     = @@character_set_client */;
/*!50503 SET character_set_client = utf8mb4 */;
CREATE TABLE `tblfaculties` (
  `id` int NOT NULL AUTO_INCREMENT,
  `full_name` varchar(100) NOT NULL,
  `gender` varchar(6) NOT NULL,
  `address` varchar(100) DEFAULT NULL,
  `email` varchar(100) DEFAULT NULL,
  `phone` varchar(12) DEFAULT NULL,
  `department_id` int DEFAULT NULL,
  `username` varchar(20) NOT NULL,
  `password` varchar(80) NOT NULL,
  `status` bit(1) NOT NULL DEFAULT b'1',
  `date_created` datetime NOT NULL DEFAULT CURRENT_TIMESTAMP,
  PRIMARY KEY (`id`)
) ENGINE=InnoDB AUTO_INCREMENT=2047 DEFAULT CHARSET=utf8mb4 COLLATE=utf8mb4_0900_ai_ci;
/*!40101 SET character_set_client = @saved_cs_client */;

--
-- Dumping data for table `tblfaculties`
--

LOCK TABLES `tblfaculties` WRITE;
/*!40000 ALTER TABLE `tblfaculties` DISABLE KEYS */;
INSERT INTO `tblfaculties` VALUES (2042,'Juan Dela Cruz','Male',NULL,'example@email.com',NULL,NULL,'sa','$2a$11$5EC6G2IES86wfHHOqwNNYuMsNt9rCev/RKjL/uwHLUtDIRZBLtfbW',_binary '','2025-01-04 19:04:17'),(2043,'Jomari Tenorio','Male',NULL,NULL,NULL,2,'Jtenorio','$2a$11$ZqLSAZHItav4WFREjVF0LObdWRzrXNJPEJezUgXT4oo6zYAJO4Zde',_binary '','2025-01-07 16:18:32'),(2044,'Jomari Tenorio','Male',NULL,NULL,NULL,2,'Jtenorio','$2a$11$qIAwzQQzc4GAnltOx1tD1OSnsCp6XJLqXujiaayG1r8SR4W8HY3o6',_binary '','2025-01-07 16:19:40'),(2045,'Jomari Tenorio','Male',NULL,NULL,NULL,2,'Jtenorio','$2a$11$LcScxurpBgWdL/0Zo/txD.PIa0I/XcEh1UauQ02PPny2MkS3qsnOa',_binary '','2025-01-07 16:19:43');
/*!40000 ALTER TABLE `tblfaculties` ENABLE KEYS */;
UNLOCK TABLES;

--
-- Table structure for table `tblgenres`
--

DROP TABLE IF EXISTS `tblgenres`;
/*!40101 SET @saved_cs_client     = @@character_set_client */;
/*!50503 SET character_set_client = utf8mb4 */;
CREATE TABLE `tblgenres` (
  `id` int NOT NULL AUTO_INCREMENT,
  `name` varchar(45) NOT NULL,
  `description` varchar(100) DEFAULT NULL,
  `date_created` datetime DEFAULT CURRENT_TIMESTAMP,
  PRIMARY KEY (`id`),
  KEY `idx_tblgenres_name` (`name`)
) ENGINE=InnoDB AUTO_INCREMENT=1694 DEFAULT CHARSET=utf8mb4 COLLATE=utf8mb4_0900_ai_ci;
/*!40101 SET character_set_client = @saved_cs_client */;

--
-- Dumping data for table `tblgenres`
--

LOCK TABLES `tblgenres` WRITE;
/*!40000 ALTER TABLE `tblgenres` DISABLE KEYS */;
INSERT INTO `tblgenres` VALUES (105,'Fictions',NULL,'2024-12-05 06:48:53'),(106,'NonFictions',NULL,'2024-12-09 02:48:25'),(107,'Fiction','Fiction Sample','2024-12-13 17:30:20'),(110,'Nonfiction','Meh','2024-12-13 17:30:48'),(111,'rawr awr rawraw   rawrar   rawrarawr',NULL,'2025-01-05 14:33:44'),(112,'RAWR','AWRA','2025-01-05 15:12:44'),(113,'wafaw fawf   fawfawfawf  awfawfaw','aw','2025-01-05 15:14:49'),(114,'rawr   awrawrfawfa','awfa','2025-01-05 15:16:08'),(115,'arawr   rararar rawrar',NULL,'2025-01-05 15:19:18'),(116,'rawra arawr rawr rawrawr',NULL,'2025-01-05 15:20:43'),(117,'spinach fawfa fawfa afwfawf','afawf','2025-01-05 15:21:01'),(118,'Rawrawr rawraw',NULL,'2025-01-05 15:29:32'),(119,'Example Genre',NULL,'2025-01-26 15:57:55'),(120,'DAWDA',NULL,'2025-01-26 16:32:04'),(121,'Samples','Dadaw','2025-01-26 16:33:21'),(122,'ACAS',NULL,'2025-01-26 16:34:22'),(123,'ACADSS',NULL,'2025-01-26 16:35:31'),(124,'ADDS',NULL,'2025-01-26 16:50:20'),(125,'Fictions',NULL,'2025-01-26 22:27:44'),(126,'NonFictions',NULL,'2025-01-26 22:27:44'),(127,'Fiction','Fiction Sample','2025-01-26 22:27:44'),(128,'Nonfiction','Meh','2025-01-26 22:27:44'),(129,'rawr awr rawraw   rawrar   rawrarawr',NULL,'2025-01-26 22:27:44'),(130,'RAWR','AWRA','2025-01-26 22:27:44'),(131,'wafaw fawf   fawfawfawf  awfawfaw','aw','2025-01-26 22:27:44'),(132,'rawr   awrawrfawfa','awfa','2025-01-26 22:27:44'),(133,'arawr   rararar rawrar',NULL,'2025-01-26 22:27:44'),(134,'rawra arawr rawr rawrawr',NULL,'2025-01-26 22:27:44'),(135,'spinach fawfa fawfa afwfawf','afawf','2025-01-26 22:27:44'),(136,'Rawrawr rawraw',NULL,'2025-01-26 22:27:44'),(137,'Example Genre',NULL,'2025-01-26 22:27:44'),(138,'DAWDA',NULL,'2025-01-26 22:27:44'),(139,'Samples','Dadaw','2025-01-26 22:27:44'),(140,'ACAS',NULL,'2025-01-26 22:27:44'),(141,'ACAE',NULL,'2025-01-26 22:27:44'),(142,'ADDS',NULL,'2025-01-26 22:27:44'),(156,'Fictions',NULL,'2025-01-26 22:27:47'),(157,'NonFictions',NULL,'2025-01-26 22:27:47'),(158,'Fiction','Fiction Sample','2025-01-26 22:27:47'),(159,'Nonfiction','Meh','2025-01-26 22:27:47'),(160,'rawr awr rawraw   rawrar   rawrarawr',NULL,'2025-01-26 22:27:47'),(161,'RAWR','AWRA','2025-01-26 22:27:47'),(162,'wafaw fawf   fawfawfawf  awfawfaw','aw','2025-01-26 22:27:47'),(163,'rawr   awrawrfawfa','awfa','2025-01-26 22:27:47'),(164,'arawr   rararar rawrar',NULL,'2025-01-26 22:27:47'),(165,'rawra arawr rawr rawrawr',NULL,'2025-01-26 22:27:47'),(166,'spinach fawfa fawfa afwfawf','afawf','2025-01-26 22:27:47'),(167,'Rawrawr rawraw',NULL,'2025-01-26 22:27:47'),(168,'Example Genre',NULL,'2025-01-26 22:27:47'),(169,'DAWDA',NULL,'2025-01-26 22:27:47'),(170,'Samples','Dadaw','2025-01-26 22:27:47'),(171,'ACAS',NULL,'2025-01-26 22:27:47'),(173,'ADDS',NULL,'2025-01-26 22:27:47'),(174,'Fictions',NULL,'2025-01-26 22:27:47'),(175,'NonFictions',NULL,'2025-01-26 22:27:47'),(176,'Fiction','Fiction Sample','2025-01-26 22:27:47'),(177,'Nonfiction','Meh','2025-01-26 22:27:47'),(178,'rawr awr rawraw   rawrar   rawrarawr',NULL,'2025-01-26 22:27:47'),(179,'RAWR','AWRA','2025-01-26 22:27:47'),(180,'wafaw fawf   fawfawfawf  awfawfaw','aw','2025-01-26 22:27:47'),(181,'rawr   awrawrfawfa','awfa','2025-01-26 22:27:47'),(182,'arawr   rararar rawrar',NULL,'2025-01-26 22:27:47'),(183,'rawra arawr rawr rawrawr',NULL,'2025-01-26 22:27:47'),(184,'spinach fawfa fawfa afwfawf','afawf','2025-01-26 22:27:47'),(185,'Rawrawr rawraw',NULL,'2025-01-26 22:27:47'),(186,'Example Genre',NULL,'2025-01-26 22:27:47'),(187,'DAWDA',NULL,'2025-01-26 22:27:47'),(188,'Samples','Dadaw','2025-01-26 22:27:47'),(189,'ACAS',NULL,'2025-01-26 22:27:47'),(191,'ADDS',NULL,'2025-01-26 22:27:47'),(219,'Fictions',NULL,'2025-01-26 22:27:49'),(220,'NonFictions',NULL,'2025-01-26 22:27:49'),(221,'Fiction','Fiction Sample','2025-01-26 22:27:49'),(222,'Nonfiction','Meh','2025-01-26 22:27:49'),(223,'rawr awr rawraw   rawrar   rawrarawr',NULL,'2025-01-26 22:27:49'),(224,'RAWR','AWRA','2025-01-26 22:27:49'),(225,'wafaw fawf   fawfawfawf  awfawfaw','aw','2025-01-26 22:27:49'),(226,'rawr   awrawrfawfa','awfa','2025-01-26 22:27:49'),(227,'arawr   rararar rawrar',NULL,'2025-01-26 22:27:49'),(228,'rawra arawr rawr rawrawr',NULL,'2025-01-26 22:27:49'),(229,'spinach fawfa fawfa afwfawf','afawf','2025-01-26 22:27:49'),(230,'Rawrawr rawraw',NULL,'2025-01-26 22:27:49'),(231,'Example Genre',NULL,'2025-01-26 22:27:49'),(232,'DAWDA',NULL,'2025-01-26 22:27:49'),(233,'Samples','Dadaw','2025-01-26 22:27:49'),(234,'ACAS',NULL,'2025-01-26 22:27:49'),(236,'ADDS',NULL,'2025-01-26 22:27:49'),(237,'Fictions',NULL,'2025-01-26 22:27:49'),(238,'NonFictions',NULL,'2025-01-26 22:27:49'),(239,'Fiction','Fiction Sample','2025-01-26 22:27:49'),(240,'Nonfiction','Meh','2025-01-26 22:27:49'),(241,'rawr awr rawraw   rawrar   rawrarawr',NULL,'2025-01-26 22:27:49'),(242,'RAWR','AWRA','2025-01-26 22:27:49'),(243,'wafaw fawf   fawfawfawf  awfawfaw','aw','2025-01-26 22:27:49'),(244,'rawr   awrawrfawfa','awfa','2025-01-26 22:27:49'),(245,'arawr   rararar rawrar',NULL,'2025-01-26 22:27:49'),(246,'rawra arawr rawr rawrawr',NULL,'2025-01-26 22:27:49'),(247,'spinach fawfa fawfa afwfawf','afawf','2025-01-26 22:27:49'),(248,'Rawrawr rawraw',NULL,'2025-01-26 22:27:49'),(249,'Example Genre',NULL,'2025-01-26 22:27:49'),(250,'DAWDA',NULL,'2025-01-26 22:27:49'),(251,'Samples','Dadaw','2025-01-26 22:27:49'),(252,'ACAS',NULL,'2025-01-26 22:27:49'),(254,'ADDS',NULL,'2025-01-26 22:27:49'),(255,'Fictions',NULL,'2025-01-26 22:27:49'),(256,'NonFictions',NULL,'2025-01-26 22:27:49'),(257,'Fiction','Fiction Sample','2025-01-26 22:27:49'),(258,'Nonfiction','Meh','2025-01-26 22:27:49'),(259,'rawr awr rawraw   rawrar   rawrarawr',NULL,'2025-01-26 22:27:49'),(260,'RAWR','AWRA','2025-01-26 22:27:49'),(261,'wafaw fawf   fawfawfawf  awfawfaw','aw','2025-01-26 22:27:49'),(262,'rawr   awrawrfawfa','awfa','2025-01-26 22:27:49'),(263,'arawr   rararar rawrar',NULL,'2025-01-26 22:27:49'),(264,'rawra arawr rawr rawrawr',NULL,'2025-01-26 22:27:49'),(265,'spinach fawfa fawfa afwfawf','afawf','2025-01-26 22:27:49'),(266,'Rawrawr rawraw',NULL,'2025-01-26 22:27:49'),(267,'Example Genre',NULL,'2025-01-26 22:27:49'),(268,'DAWDA',NULL,'2025-01-26 22:27:49'),(269,'Samples','Dadaw','2025-01-26 22:27:49'),(270,'ACAS',NULL,'2025-01-26 22:27:49'),(272,'ADDS',NULL,'2025-01-26 22:27:49'),(273,'Fictions',NULL,'2025-01-26 22:27:49'),(274,'NonFictions',NULL,'2025-01-26 22:27:49'),(275,'Fiction','Fiction Sample','2025-01-26 22:27:49'),(276,'Nonfiction','Meh','2025-01-26 22:27:49'),(277,'rawr awr rawraw   rawrar   rawrarawr',NULL,'2025-01-26 22:27:49'),(278,'RAWR','AWRA','2025-01-26 22:27:49'),(279,'wafaw fawf   fawfawfawf  awfawfaw','aw','2025-01-26 22:27:49'),(280,'rawr   awrawrfawfa','awfa','2025-01-26 22:27:49'),(281,'arawr   rararar rawrar',NULL,'2025-01-26 22:27:49'),(282,'rawra arawr rawr rawrawr',NULL,'2025-01-26 22:27:49'),(283,'spinach fawfa fawfa afwfawf','afawf','2025-01-26 22:27:49'),(284,'Rawrawr rawraw',NULL,'2025-01-26 22:27:49'),(285,'Example Genre',NULL,'2025-01-26 22:27:49'),(286,'DAWDA',NULL,'2025-01-26 22:27:49'),(287,'Samples','Dadaw','2025-01-26 22:27:49'),(288,'ACAS',NULL,'2025-01-26 22:27:49'),(290,'ADDS',NULL,'2025-01-26 22:27:49'),(346,'Fictions',NULL,'2025-01-26 22:27:51'),(347,'NonFictions',NULL,'2025-01-26 22:27:51'),(348,'Fiction','Fiction Sample','2025-01-26 22:27:51'),(349,'Nonfiction','Meh','2025-01-26 22:27:51'),(350,'rawr awr rawraw   rawrar   rawrarawr',NULL,'2025-01-26 22:27:51'),(351,'RAWR','AWRA','2025-01-26 22:27:51'),(352,'wafaw fawf   fawfawfawf  awfawfaw','aw','2025-01-26 22:27:51'),(353,'rawr   awrawrfawfa','awfa','2025-01-26 22:27:51'),(354,'arawr   rararar rawrar',NULL,'2025-01-26 22:27:51'),(355,'rawra arawr rawr rawrawr',NULL,'2025-01-26 22:27:51'),(356,'spinach fawfa fawfa afwfawf','afawf','2025-01-26 22:27:51'),(357,'Rawrawr rawraw',NULL,'2025-01-26 22:27:51'),(358,'Example Genre',NULL,'2025-01-26 22:27:51'),(359,'DAWDA',NULL,'2025-01-26 22:27:51'),(360,'Samples','Dadaw','2025-01-26 22:27:51'),(361,'ACAS',NULL,'2025-01-26 22:27:51'),(363,'ADDS',NULL,'2025-01-26 22:27:51'),(364,'Fictions',NULL,'2025-01-26 22:27:51'),(365,'NonFictions',NULL,'2025-01-26 22:27:51'),(366,'Fiction','Fiction Sample','2025-01-26 22:27:51'),(367,'Nonfiction','Meh','2025-01-26 22:27:51'),(368,'rawr awr rawraw   rawrar   rawrarawr',NULL,'2025-01-26 22:27:51'),(369,'RAWR','AWRA','2025-01-26 22:27:51'),(370,'wafaw fawf   fawfawfawf  awfawfaw','aw','2025-01-26 22:27:51'),(371,'rawr   awrawrfawfa','awfa','2025-01-26 22:27:51'),(372,'arawr   rararar rawrar',NULL,'2025-01-26 22:27:51'),(373,'rawra arawr rawr rawrawr',NULL,'2025-01-26 22:27:51'),(374,'spinach fawfa fawfa afwfawf','afawf','2025-01-26 22:27:51'),(375,'Rawrawr rawraw',NULL,'2025-01-26 22:27:51'),(376,'Example Genre',NULL,'2025-01-26 22:27:51'),(377,'DAWDA',NULL,'2025-01-26 22:27:51'),(378,'Samples','Dadaw','2025-01-26 22:27:51'),(379,'ACAS',NULL,'2025-01-26 22:27:51'),(381,'ADDS',NULL,'2025-01-26 22:27:51'),(382,'Fictions',NULL,'2025-01-26 22:27:51'),(383,'NonFictions',NULL,'2025-01-26 22:27:51'),(384,'Fiction','Fiction Sample','2025-01-26 22:27:51'),(385,'Nonfiction','Meh','2025-01-26 22:27:51'),(386,'rawr awr rawraw   rawrar   rawrarawr',NULL,'2025-01-26 22:27:51'),(387,'RAWR','AWRA','2025-01-26 22:27:51'),(388,'wafaw fawf   fawfawfawf  awfawfaw','aw','2025-01-26 22:27:51'),(389,'rawr   awrawrfawfa','awfa','2025-01-26 22:27:51'),(390,'arawr   rararar rawrar',NULL,'2025-01-26 22:27:51'),(391,'rawra arawr rawr rawrawr',NULL,'2025-01-26 22:27:51'),(392,'spinach fawfa fawfa afwfawf','afawf','2025-01-26 22:27:51'),(393,'Rawrawr rawraw',NULL,'2025-01-26 22:27:51'),(394,'Example Genre',NULL,'2025-01-26 22:27:51'),(395,'DAWDA',NULL,'2025-01-26 22:27:51'),(396,'Samples','Dadaw','2025-01-26 22:27:51'),(397,'ACAS',NULL,'2025-01-26 22:27:51'),(399,'ADDS',NULL,'2025-01-26 22:27:51'),(400,'Fictions',NULL,'2025-01-26 22:27:51'),(401,'NonFictions',NULL,'2025-01-26 22:27:51'),(402,'Fiction','Fiction Sample','2025-01-26 22:27:51'),(403,'Nonfiction','Meh','2025-01-26 22:27:51'),(404,'rawr awr rawraw   rawrar   rawrarawr',NULL,'2025-01-26 22:27:51'),(405,'RAWR','AWRA','2025-01-26 22:27:51'),(406,'wafaw fawf   fawfawfawf  awfawfaw','aw','2025-01-26 22:27:51'),(407,'rawr   awrawrfawfa','awfa','2025-01-26 22:27:51'),(408,'arawr   rararar rawrar',NULL,'2025-01-26 22:27:51'),(409,'rawra arawr rawr rawrawr',NULL,'2025-01-26 22:27:51'),(410,'spinach fawfa fawfa afwfawf','afawf','2025-01-26 22:27:51'),(411,'Rawrawr rawraw',NULL,'2025-01-26 22:27:51'),(412,'Example Genre',NULL,'2025-01-26 22:27:51'),(413,'DAWDA',NULL,'2025-01-26 22:27:51'),(414,'Samples','Dadaw','2025-01-26 22:27:51'),(415,'ACAS',NULL,'2025-01-26 22:27:51'),(417,'ADDS',NULL,'2025-01-26 22:27:51'),(418,'Fictions',NULL,'2025-01-26 22:27:51'),(419,'NonFictions',NULL,'2025-01-26 22:27:51'),(420,'Fiction','Fiction Sample','2025-01-26 22:27:51'),(421,'Nonfiction','Meh','2025-01-26 22:27:51'),(422,'rawr awr rawraw   rawrar   rawrarawr',NULL,'2025-01-26 22:27:51'),(423,'RAWR','AWRA','2025-01-26 22:27:51'),(424,'wafaw fawf   fawfawfawf  awfawfaw','aw','2025-01-26 22:27:51'),(425,'rawr   awrawrfawfa','awfa','2025-01-26 22:27:51'),(426,'arawr   rararar rawrar',NULL,'2025-01-26 22:27:51'),(427,'rawra arawr rawr rawrawr',NULL,'2025-01-26 22:27:51'),(428,'spinach fawfa fawfa afwfawf','afawf','2025-01-26 22:27:51'),(429,'Rawrawr rawraw',NULL,'2025-01-26 22:27:51'),(430,'Example Genre',NULL,'2025-01-26 22:27:51'),(431,'DAWDA',NULL,'2025-01-26 22:27:51'),(432,'Samples','Dadaw','2025-01-26 22:27:51'),(433,'ACAS',NULL,'2025-01-26 22:27:51'),(435,'ADDS',NULL,'2025-01-26 22:27:51'),(436,'Fictions',NULL,'2025-01-26 22:27:51'),(437,'NonFictions',NULL,'2025-01-26 22:27:51'),(438,'Fiction','Fiction Sample','2025-01-26 22:27:51'),(439,'Nonfiction','Meh','2025-01-26 22:27:51'),(440,'rawr awr rawraw   rawrar   rawrarawr',NULL,'2025-01-26 22:27:51'),(441,'RAWR','AWRA','2025-01-26 22:27:51'),(442,'wafaw fawf   fawfawfawf  awfawfaw','aw','2025-01-26 22:27:51'),(443,'rawr   awrawrfawfa','awfa','2025-01-26 22:27:51'),(444,'arawr   rararar rawrar',NULL,'2025-01-26 22:27:51'),(445,'rawra arawr rawr rawrawr',NULL,'2025-01-26 22:27:51'),(446,'spinach fawfa fawfa afwfawf','afawf','2025-01-26 22:27:51'),(447,'Rawrawr rawraw',NULL,'2025-01-26 22:27:51'),(448,'Example Genre',NULL,'2025-01-26 22:27:51'),(449,'DAWDA',NULL,'2025-01-26 22:27:51'),(450,'Samples','Dadaw','2025-01-26 22:27:51'),(451,'ACAS',NULL,'2025-01-26 22:27:51'),(452,'ACADS',NULL,'2025-01-26 22:27:51'),(453,'ADDS',NULL,'2025-01-26 22:27:51'),(454,'Fictions',NULL,'2025-01-26 22:27:51'),(455,'NonFictions',NULL,'2025-01-26 22:27:51'),(456,'Fiction','Fiction Sample','2025-01-26 22:27:51'),(457,'Nonfiction','Meh','2025-01-26 22:27:51'),(458,'rawr awr rawraw   rawrar   rawrarawr',NULL,'2025-01-26 22:27:51'),(459,'RAWR','AWRA','2025-01-26 22:27:51'),(460,'wafaw fawf   fawfawfawf  awfawfaw','aw','2025-01-26 22:27:51'),(461,'rawr   awrawrfawfa','awfa','2025-01-26 22:27:51'),(462,'arawr   rararar rawrar',NULL,'2025-01-26 22:27:51'),(463,'rawra arawr rawr rawrawr',NULL,'2025-01-26 22:27:51'),(464,'spinach fawfa fawfa afwfawf','afawf','2025-01-26 22:27:51'),(465,'Rawrawr rawraw',NULL,'2025-01-26 22:27:51'),(466,'Example Genre',NULL,'2025-01-26 22:27:51'),(467,'DAWDA',NULL,'2025-01-26 22:27:51'),(468,'Samples','Dadaw','2025-01-26 22:27:51'),(469,'ACAS',NULL,'2025-01-26 22:27:51'),(470,'ACADS',NULL,'2025-01-26 22:27:51'),(471,'ADDS',NULL,'2025-01-26 22:27:51'),(472,'Fictions',NULL,'2025-01-26 22:27:51'),(473,'NonFictions',NULL,'2025-01-26 22:27:51'),(474,'Fiction','Fiction Sample','2025-01-26 22:27:51'),(475,'Nonfiction','Meh','2025-01-26 22:27:51'),(476,'rawr awr rawraw   rawrar   rawrarawr',NULL,'2025-01-26 22:27:51'),(477,'RAWR','AWRA','2025-01-26 22:27:51'),(478,'wafaw fawf   fawfawfawf  awfawfaw','aw','2025-01-26 22:27:51'),(479,'rawr   awrawrfawfa','awfa','2025-01-26 22:27:51'),(480,'arawr   rararar rawrar',NULL,'2025-01-26 22:27:51'),(481,'rawra arawr rawr rawrawr',NULL,'2025-01-26 22:27:51'),(482,'spinach fawfa fawfa afwfawf','afawf','2025-01-26 22:27:51'),(483,'Rawrawr rawraw',NULL,'2025-01-26 22:27:51'),(484,'Example Genre',NULL,'2025-01-26 22:27:51'),(485,'DAWDA',NULL,'2025-01-26 22:27:51'),(486,'Samples','Dadaw','2025-01-26 22:27:51'),(487,'ACAS',NULL,'2025-01-26 22:27:51'),(488,'ACADS',NULL,'2025-01-26 22:27:51'),(489,'ADDS',NULL,'2025-01-26 22:27:51'),(601,'Fictions',NULL,'2025-01-26 22:27:52'),(602,'NonFictions',NULL,'2025-01-26 22:27:52'),(603,'Fiction','Fiction Sample','2025-01-26 22:27:52'),(604,'Nonfiction','Meh','2025-01-26 22:27:52'),(605,'rawr awr rawraw   rawrar   rawrarawr',NULL,'2025-01-26 22:27:52'),(606,'RAWR','AWRA','2025-01-26 22:27:52'),(607,'wafaw fawf   fawfawfawf  awfawfaw','aw','2025-01-26 22:27:52'),(608,'rawr   awrawrfawfa','awfa','2025-01-26 22:27:52'),(609,'arawr   rararar rawrar',NULL,'2025-01-26 22:27:52'),(610,'rawra arawr rawr rawrawr',NULL,'2025-01-26 22:27:52'),(611,'spinach fawfa fawfa afwfawf','afawf','2025-01-26 22:27:52'),(612,'Rawrawr rawraw',NULL,'2025-01-26 22:27:52'),(613,'Example Genre',NULL,'2025-01-26 22:27:52'),(614,'DAWDA',NULL,'2025-01-26 22:27:52'),(615,'Samples','Dadaw','2025-01-26 22:27:52'),(616,'ACAS',NULL,'2025-01-26 22:27:52'),(617,'ACADS',NULL,'2025-01-26 22:27:52'),(618,'ADDS',NULL,'2025-01-26 22:27:52'),(619,'Fictions',NULL,'2025-01-26 22:27:52'),(620,'NonFictions',NULL,'2025-01-26 22:27:52'),(621,'Fiction','Fiction Sample','2025-01-26 22:27:52'),(622,'Nonfiction','Meh','2025-01-26 22:27:52'),(623,'rawr awr rawraw   rawrar   rawrarawr',NULL,'2025-01-26 22:27:52'),(624,'RAWR','AWRA','2025-01-26 22:27:52'),(625,'wafaw fawf   fawfawfawf  awfawfaw','aw','2025-01-26 22:27:52'),(626,'rawr   awrawrfawfa','awfa','2025-01-26 22:27:52'),(627,'arawr   rararar rawrar',NULL,'2025-01-26 22:27:52'),(628,'rawra arawr rawr rawrawr',NULL,'2025-01-26 22:27:52'),(629,'spinach fawfa fawfa afwfawf','afawf','2025-01-26 22:27:52'),(630,'Rawrawr rawraw',NULL,'2025-01-26 22:27:52'),(631,'Example Genre',NULL,'2025-01-26 22:27:52'),(632,'DAWDA',NULL,'2025-01-26 22:27:52'),(633,'Samples','Dadaw','2025-01-26 22:27:52'),(634,'ACAS',NULL,'2025-01-26 22:27:52'),(635,'ACADS',NULL,'2025-01-26 22:27:52'),(636,'ADDS',NULL,'2025-01-26 22:27:52'),(637,'Fictions',NULL,'2025-01-26 22:27:52'),(638,'NonFictions',NULL,'2025-01-26 22:27:52'),(639,'Fiction','Fiction Sample','2025-01-26 22:27:52'),(640,'Nonfiction','Meh','2025-01-26 22:27:52'),(641,'rawr awr rawraw   rawrar   rawrarawr',NULL,'2025-01-26 22:27:52'),(642,'RAWR','AWRA','2025-01-26 22:27:52'),(643,'wafaw fawf   fawfawfawf  awfawfaw','aw','2025-01-26 22:27:52'),(644,'rawr   awrawrfawfa','awfa','2025-01-26 22:27:52'),(645,'arawr   rararar rawrar',NULL,'2025-01-26 22:27:52'),(646,'rawra arawr rawr rawrawr',NULL,'2025-01-26 22:27:52'),(647,'spinach fawfa fawfa afwfawf','afawf','2025-01-26 22:27:52'),(648,'Rawrawr rawraw',NULL,'2025-01-26 22:27:52'),(649,'Example Genre',NULL,'2025-01-26 22:27:52'),(650,'DAWDA',NULL,'2025-01-26 22:27:52'),(651,'Samples','Dadaw','2025-01-26 22:27:52'),(652,'ACAS',NULL,'2025-01-26 22:27:52'),(653,'ACADS',NULL,'2025-01-26 22:27:52'),(654,'ADDS',NULL,'2025-01-26 22:27:52'),(655,'Fictions',NULL,'2025-01-26 22:27:52'),(656,'NonFictions',NULL,'2025-01-26 22:27:52'),(657,'Fiction','Fiction Sample','2025-01-26 22:27:52'),(658,'Nonfiction','Meh','2025-01-26 22:27:52'),(659,'rawr awr rawraw   rawrar   rawrarawr',NULL,'2025-01-26 22:27:52'),(660,'RAWR','AWRA','2025-01-26 22:27:52'),(661,'wafaw fawf   fawfawfawf  awfawfaw','aw','2025-01-26 22:27:52'),(662,'rawr   awrawrfawfa','awfa','2025-01-26 22:27:52'),(663,'arawr   rararar rawrar',NULL,'2025-01-26 22:27:52'),(664,'rawra arawr rawr rawrawr',NULL,'2025-01-26 22:27:52'),(665,'spinach fawfa fawfa afwfawf','afawf','2025-01-26 22:27:52'),(666,'Rawrawr rawraw',NULL,'2025-01-26 22:27:52'),(667,'Example Genre',NULL,'2025-01-26 22:27:52'),(668,'DAWDA',NULL,'2025-01-26 22:27:52'),(669,'Samples','Dadaw','2025-01-26 22:27:52'),(670,'ACAS',NULL,'2025-01-26 22:27:52'),(671,'ACADS',NULL,'2025-01-26 22:27:52'),(672,'ADDS',NULL,'2025-01-26 22:27:52'),(673,'Fictions',NULL,'2025-01-26 22:27:52'),(674,'NonFictions',NULL,'2025-01-26 22:27:52'),(675,'Fiction','Fiction Sample','2025-01-26 22:27:52'),(676,'Nonfiction','Meh','2025-01-26 22:27:52'),(677,'rawr awr rawraw   rawrar   rawrarawr',NULL,'2025-01-26 22:27:52'),(678,'RAWR','AWRA','2025-01-26 22:27:52'),(679,'wafaw fawf   fawfawfawf  awfawfaw','aw','2025-01-26 22:27:52'),(680,'rawr   awrawrfawfa','awfa','2025-01-26 22:27:52'),(681,'arawr   rararar rawrar',NULL,'2025-01-26 22:27:52'),(682,'rawra arawr rawr rawrawr',NULL,'2025-01-26 22:27:52'),(683,'spinach fawfa fawfa afwfawf','afawf','2025-01-26 22:27:52'),(684,'Rawrawr rawraw',NULL,'2025-01-26 22:27:52'),(685,'Example Genre',NULL,'2025-01-26 22:27:52'),(686,'DAWDA',NULL,'2025-01-26 22:27:52'),(687,'Samples','Dadaw','2025-01-26 22:27:52'),(688,'ACAS',NULL,'2025-01-26 22:27:52'),(689,'ACADS',NULL,'2025-01-26 22:27:52'),(690,'ADDS',NULL,'2025-01-26 22:27:52'),(691,'Fictions',NULL,'2025-01-26 22:27:52'),(692,'NonFictions',NULL,'2025-01-26 22:27:52'),(693,'Fiction','Fiction Sample','2025-01-26 22:27:52'),(694,'Nonfiction','Meh','2025-01-26 22:27:52'),(695,'rawr awr rawraw   rawrar   rawrarawr',NULL,'2025-01-26 22:27:52'),(696,'RAWR','AWRA','2025-01-26 22:27:52'),(697,'wafaw fawf   fawfawfawf  awfawfaw','aw','2025-01-26 22:27:52'),(698,'rawr   awrawrfawfa','awfa','2025-01-26 22:27:52'),(699,'arawr   rararar rawrar',NULL,'2025-01-26 22:27:52'),(700,'rawra arawr rawr rawrawr',NULL,'2025-01-26 22:27:52'),(701,'spinach fawfa fawfa afwfawf','afawf','2025-01-26 22:27:52'),(702,'Rawrawr rawraw',NULL,'2025-01-26 22:27:52'),(703,'Example Genre',NULL,'2025-01-26 22:27:52'),(704,'DAWDA',NULL,'2025-01-26 22:27:52'),(705,'Samples','Dadaw','2025-01-26 22:27:52'),(706,'ACAS',NULL,'2025-01-26 22:27:52'),(707,'ACADS',NULL,'2025-01-26 22:27:52'),(708,'ADDS',NULL,'2025-01-26 22:27:52'),(709,'Fictions',NULL,'2025-01-26 22:27:52'),(710,'NonFictions',NULL,'2025-01-26 22:27:52'),(711,'Fiction','Fiction Sample','2025-01-26 22:27:52'),(712,'Nonfiction','Meh','2025-01-26 22:27:52'),(713,'rawr awr rawraw   rawrar   rawrarawr',NULL,'2025-01-26 22:27:52'),(714,'RAWR','AWRA','2025-01-26 22:27:52'),(715,'wafaw fawf   fawfawfawf  awfawfaw','aw','2025-01-26 22:27:52'),(716,'rawr   awrawrfawfa','awfa','2025-01-26 22:27:52'),(717,'arawr   rararar rawrar',NULL,'2025-01-26 22:27:52'),(718,'rawra arawr rawr rawrawr',NULL,'2025-01-26 22:27:52'),(719,'spinach fawfa fawfa afwfawf','afawf','2025-01-26 22:27:52'),(720,'Rawrawr rawraw',NULL,'2025-01-26 22:27:52'),(721,'Example Genre',NULL,'2025-01-26 22:27:52'),(722,'DAWDA',NULL,'2025-01-26 22:27:52'),(723,'Samples','Dadaw','2025-01-26 22:27:52'),(724,'ACAS',NULL,'2025-01-26 22:27:52'),(725,'ACADS',NULL,'2025-01-26 22:27:52'),(726,'ADDS',NULL,'2025-01-26 22:27:52'),(727,'Fictions',NULL,'2025-01-26 22:27:52'),(728,'NonFictions',NULL,'2025-01-26 22:27:52'),(729,'Fiction','Fiction Sample','2025-01-26 22:27:52'),(730,'Nonfiction','Meh','2025-01-26 22:27:52'),(731,'rawr awr rawraw   rawrar   rawrarawr',NULL,'2025-01-26 22:27:52'),(732,'RAWR','AWRA','2025-01-26 22:27:52'),(733,'wafaw fawf   fawfawfawf  awfawfaw','aw','2025-01-26 22:27:52'),(734,'rawr   awrawrfawfa','awfa','2025-01-26 22:27:52'),(735,'arawr   rararar rawrar',NULL,'2025-01-26 22:27:52'),(736,'rawra arawr rawr rawrawr',NULL,'2025-01-26 22:27:52'),(737,'spinach fawfa fawfa afwfawf','afawf','2025-01-26 22:27:52'),(738,'Rawrawr rawraw',NULL,'2025-01-26 22:27:52'),(739,'Example Genre',NULL,'2025-01-26 22:27:52'),(740,'DAWDA',NULL,'2025-01-26 22:27:52'),(741,'Samples','Dadaw','2025-01-26 22:27:52'),(742,'ACAS',NULL,'2025-01-26 22:27:52'),(743,'ACADS',NULL,'2025-01-26 22:27:52'),(744,'ADDS',NULL,'2025-01-26 22:27:52'),(745,'Fictions',NULL,'2025-01-26 22:27:52'),(746,'NonFictions',NULL,'2025-01-26 22:27:52'),(747,'Fiction','Fiction Sample','2025-01-26 22:27:52'),(748,'Nonfiction','Meh','2025-01-26 22:27:52'),(749,'rawr awr rawraw   rawrar   rawrarawr',NULL,'2025-01-26 22:27:52'),(750,'RAWR','AWRA','2025-01-26 22:27:52'),(751,'wafaw fawf   fawfawfawf  awfawfaw','aw','2025-01-26 22:27:52'),(752,'rawr   awrawrfawfa','awfa','2025-01-26 22:27:52'),(753,'arawr   rararar rawrar',NULL,'2025-01-26 22:27:52'),(754,'rawra arawr rawr rawrawr',NULL,'2025-01-26 22:27:52'),(755,'spinach fawfa fawfa afwfawf','afawf','2025-01-26 22:27:52'),(756,'Rawrawr rawraw',NULL,'2025-01-26 22:27:52'),(757,'Example Genre',NULL,'2025-01-26 22:27:52'),(758,'DAWDA',NULL,'2025-01-26 22:27:52'),(759,'Samples','Dadaw','2025-01-26 22:27:52'),(760,'ACAS',NULL,'2025-01-26 22:27:52'),(761,'ACADS',NULL,'2025-01-26 22:27:52'),(762,'ADDS',NULL,'2025-01-26 22:27:52'),(763,'Fictions',NULL,'2025-01-26 22:27:52'),(764,'NonFictions',NULL,'2025-01-26 22:27:52'),(765,'Fiction','Fiction Sample','2025-01-26 22:27:52'),(766,'Nonfiction','Meh','2025-01-26 22:27:52'),(767,'rawr awr rawraw   rawrar   rawrarawr',NULL,'2025-01-26 22:27:52'),(768,'RAWR','AWRA','2025-01-26 22:27:52'),(769,'wafaw fawf   fawfawfawf  awfawfaw','aw','2025-01-26 22:27:52'),(770,'rawr   awrawrfawfa','awfa','2025-01-26 22:27:52'),(771,'arawr   rararar rawrar',NULL,'2025-01-26 22:27:52'),(772,'rawra arawr rawr rawrawr',NULL,'2025-01-26 22:27:52'),(773,'spinach fawfa fawfa afwfawf','afawf','2025-01-26 22:27:52'),(774,'Rawrawr rawraw',NULL,'2025-01-26 22:27:52'),(775,'Example Genre',NULL,'2025-01-26 22:27:52'),(776,'DAWDA',NULL,'2025-01-26 22:27:52'),(777,'Samples','Dadaw','2025-01-26 22:27:52'),(778,'ACAS',NULL,'2025-01-26 22:27:52'),(779,'ACADS',NULL,'2025-01-26 22:27:52'),(780,'ADDS',NULL,'2025-01-26 22:27:52'),(781,'Fictions',NULL,'2025-01-26 22:27:52'),(782,'NonFictions',NULL,'2025-01-26 22:27:52'),(783,'Fiction','Fiction Sample','2025-01-26 22:27:52'),(784,'Nonfiction','Meh','2025-01-26 22:27:52'),(785,'rawr awr rawraw   rawrar   rawrarawr',NULL,'2025-01-26 22:27:52'),(786,'RAWR','AWRA','2025-01-26 22:27:52'),(787,'wafaw fawf   fawfawfawf  awfawfaw','aw','2025-01-26 22:27:52'),(788,'rawr   awrawrfawfa','awfa','2025-01-26 22:27:52'),(789,'arawr   rararar rawrar',NULL,'2025-01-26 22:27:52'),(790,'rawra arawr rawr rawrawr',NULL,'2025-01-26 22:27:52'),(791,'spinach fawfa fawfa afwfawf','afawf','2025-01-26 22:27:52'),(792,'Rawrawr rawraw',NULL,'2025-01-26 22:27:52'),(793,'Example Genre',NULL,'2025-01-26 22:27:52'),(794,'DAWDA',NULL,'2025-01-26 22:27:52'),(795,'Samples','Dadaw','2025-01-26 22:27:52'),(796,'ACAS',NULL,'2025-01-26 22:27:52'),(797,'ACADS',NULL,'2025-01-26 22:27:52'),(798,'ADDS',NULL,'2025-01-26 22:27:52'),(799,'Fictions',NULL,'2025-01-26 22:27:52'),(800,'NonFictions',NULL,'2025-01-26 22:27:52'),(801,'Fiction','Fiction Sample','2025-01-26 22:27:52'),(802,'Nonfiction','Meh','2025-01-26 22:27:52'),(803,'rawr awr rawraw   rawrar   rawrarawr',NULL,'2025-01-26 22:27:52'),(804,'RAWR','AWRA','2025-01-26 22:27:52'),(805,'wafaw fawf   fawfawfawf  awfawfaw','aw','2025-01-26 22:27:52'),(806,'rawr   awrawrfawfa','awfa','2025-01-26 22:27:52'),(807,'arawr   rararar rawrar',NULL,'2025-01-26 22:27:52'),(808,'rawra arawr rawr rawrawr',NULL,'2025-01-26 22:27:52'),(809,'spinach fawfa fawfa afwfawf','afawf','2025-01-26 22:27:52'),(810,'Rawrawr rawraw',NULL,'2025-01-26 22:27:52'),(811,'Example Genre',NULL,'2025-01-26 22:27:52'),(812,'DAWDA',NULL,'2025-01-26 22:27:52'),(813,'Samples','Dadaw','2025-01-26 22:27:52'),(814,'ACAS',NULL,'2025-01-26 22:27:52'),(815,'ACADS',NULL,'2025-01-26 22:27:52'),(816,'ADDS',NULL,'2025-01-26 22:27:52'),(817,'Fictions',NULL,'2025-01-26 22:27:52'),(818,'NonFictions',NULL,'2025-01-26 22:27:52'),(819,'Fiction','Fiction Sample','2025-01-26 22:27:52'),(820,'Nonfiction','Meh','2025-01-26 22:27:52'),(821,'rawr awr rawraw   rawrar   rawrarawr',NULL,'2025-01-26 22:27:52'),(822,'RAWR','AWRA','2025-01-26 22:27:52'),(823,'wafaw fawf   fawfawfawf  awfawfaw','aw','2025-01-26 22:27:52'),(824,'rawr   awrawrfawfa','awfa','2025-01-26 22:27:52'),(825,'arawr   rararar rawrar',NULL,'2025-01-26 22:27:52'),(826,'rawra arawr rawr rawrawr',NULL,'2025-01-26 22:27:52'),(827,'spinach fawfa fawfa afwfawf','afawf','2025-01-26 22:27:52'),(828,'Rawrawr rawraw',NULL,'2025-01-26 22:27:52'),(829,'Example Genre',NULL,'2025-01-26 22:27:52'),(830,'DAWDA',NULL,'2025-01-26 22:27:52'),(831,'Samples','Dadaw','2025-01-26 22:27:52'),(832,'ACAS',NULL,'2025-01-26 22:27:52'),(833,'ACADS',NULL,'2025-01-26 22:27:52'),(834,'ADDS',NULL,'2025-01-26 22:27:52'),(835,'Fictions',NULL,'2025-01-26 22:27:52'),(836,'NonFictions',NULL,'2025-01-26 22:27:52'),(837,'Fiction','Fiction Sample','2025-01-26 22:27:52'),(838,'Nonfiction','Meh','2025-01-26 22:27:52'),(839,'rawr awr rawraw   rawrar   rawrarawr',NULL,'2025-01-26 22:27:52'),(840,'RAWR','AWRA','2025-01-26 22:27:52'),(841,'wafaw fawf   fawfawfawf  awfawfaw','aw','2025-01-26 22:27:52'),(842,'rawr   awrawrfawfa','awfa','2025-01-26 22:27:52'),(843,'arawr   rararar rawrar',NULL,'2025-01-26 22:27:52'),(844,'rawra arawr rawr rawrawr',NULL,'2025-01-26 22:27:52'),(845,'spinach fawfa fawfa afwfawf','afawf','2025-01-26 22:27:52'),(846,'Rawrawr rawraw',NULL,'2025-01-26 22:27:52'),(847,'Example Genre',NULL,'2025-01-26 22:27:52'),(848,'DAWDA',NULL,'2025-01-26 22:27:52'),(849,'Samples','Dadaw','2025-01-26 22:27:52'),(850,'ACAS',NULL,'2025-01-26 22:27:52'),(851,'ACADS',NULL,'2025-01-26 22:27:52'),(852,'ADDS',NULL,'2025-01-26 22:27:52'),(853,'Fictions',NULL,'2025-01-26 22:27:52'),(854,'NonFictions',NULL,'2025-01-26 22:27:52'),(855,'Fiction','Fiction Sample','2025-01-26 22:27:52'),(856,'Nonfiction','Meh','2025-01-26 22:27:52'),(857,'rawr awr rawraw   rawrar   rawrarawr',NULL,'2025-01-26 22:27:52'),(858,'RAWR','AWRA','2025-01-26 22:27:52'),(859,'wafaw fawf   fawfawfawf  awfawfaw','aw','2025-01-26 22:27:52'),(860,'rawr   awrawrfawfa','awfa','2025-01-26 22:27:52'),(861,'arawr   rararar rawrar',NULL,'2025-01-26 22:27:52'),(862,'rawra arawr rawr rawrawr',NULL,'2025-01-26 22:27:52'),(863,'spinach fawfa fawfa afwfawf','afawf','2025-01-26 22:27:52'),(864,'Rawrawr rawraw',NULL,'2025-01-26 22:27:52'),(865,'Example Genre',NULL,'2025-01-26 22:27:52'),(866,'DAWDA',NULL,'2025-01-26 22:27:52'),(867,'Samples','Dadaw','2025-01-26 22:27:52'),(868,'ACAS',NULL,'2025-01-26 22:27:52'),(869,'ACADS',NULL,'2025-01-26 22:27:52'),(870,'ADDS',NULL,'2025-01-26 22:27:52'),(871,'Fictions',NULL,'2025-01-26 22:27:52'),(872,'NonFictions',NULL,'2025-01-26 22:27:52'),(873,'Fiction','Fiction Sample','2025-01-26 22:27:52'),(874,'Nonfiction','Meh','2025-01-26 22:27:52'),(875,'rawr awr rawraw   rawrar   rawrarawr',NULL,'2025-01-26 22:27:52'),(876,'RAWR','AWRA','2025-01-26 22:27:52'),(877,'wafaw fawf   fawfawfawf  awfawfaw','aw','2025-01-26 22:27:52'),(878,'rawr   awrawrfawfa','awfa','2025-01-26 22:27:52'),(879,'arawr   rararar rawrar',NULL,'2025-01-26 22:27:52'),(880,'rawra arawr rawr rawrawr',NULL,'2025-01-26 22:27:52'),(881,'spinach fawfa fawfa afwfawf','afawf','2025-01-26 22:27:52'),(882,'Rawrawr rawraw',NULL,'2025-01-26 22:27:52'),(883,'Example Genre',NULL,'2025-01-26 22:27:52'),(884,'DAWDA',NULL,'2025-01-26 22:27:52'),(885,'Samples','Dadaw','2025-01-26 22:27:52'),(886,'ACAS',NULL,'2025-01-26 22:27:52'),(887,'ACADS',NULL,'2025-01-26 22:27:52'),(888,'ADDS',NULL,'2025-01-26 22:27:52'),(1112,'Fictions',NULL,'2025-01-26 22:27:53'),(1113,'NonFictions',NULL,'2025-01-26 22:27:53'),(1114,'Fiction','Fiction Sample','2025-01-26 22:27:53'),(1115,'Nonfiction','Meh','2025-01-26 22:27:53'),(1116,'rawr awr rawraw   rawrar   rawrarawr',NULL,'2025-01-26 22:27:53'),(1117,'RAWR','AWRA','2025-01-26 22:27:53'),(1118,'wafaw fawf   fawfawfawf  awfawfaw','aw','2025-01-26 22:27:53'),(1119,'rawr   awrawrfawfa','awfa','2025-01-26 22:27:53'),(1120,'arawr   rararar rawrar',NULL,'2025-01-26 22:27:53'),(1121,'rawra arawr rawr rawrawr',NULL,'2025-01-26 22:27:53'),(1122,'spinach fawfa fawfa afwfawf','afawf','2025-01-26 22:27:53'),(1123,'Rawrawr rawraw',NULL,'2025-01-26 22:27:53'),(1124,'Example Genre',NULL,'2025-01-26 22:27:53'),(1125,'DAWDA',NULL,'2025-01-26 22:27:53'),(1126,'Samples','Dadaw','2025-01-26 22:27:53'),(1127,'ACAS',NULL,'2025-01-26 22:27:53'),(1128,'ACADS',NULL,'2025-01-26 22:27:53'),(1129,'ADDS',NULL,'2025-01-26 22:27:53'),(1130,'Fictions',NULL,'2025-01-26 22:27:53'),(1131,'NonFictions',NULL,'2025-01-26 22:27:53'),(1132,'Fiction','Fiction Sample','2025-01-26 22:27:53'),(1133,'Nonfiction','Meh','2025-01-26 22:27:53'),(1134,'rawr awr rawraw   rawrar   rawrarawr',NULL,'2025-01-26 22:27:53'),(1135,'RAWR','AWRA','2025-01-26 22:27:53'),(1136,'wafaw fawf   fawfawfawf  awfawfaw','aw','2025-01-26 22:27:53'),(1137,'rawr   awrawrfawfa','awfa','2025-01-26 22:27:53'),(1138,'arawr   rararar rawrar',NULL,'2025-01-26 22:27:53'),(1139,'rawra arawr rawr rawrawr',NULL,'2025-01-26 22:27:53'),(1140,'spinach fawfa fawfa afwfawf','afawf','2025-01-26 22:27:53'),(1141,'Rawrawr rawraw',NULL,'2025-01-26 22:27:53'),(1142,'Example Genre',NULL,'2025-01-26 22:27:53'),(1143,'DAWDA',NULL,'2025-01-26 22:27:53'),(1144,'Samples','Dadaw','2025-01-26 22:27:53'),(1145,'ACAS',NULL,'2025-01-26 22:27:53'),(1146,'ACADS',NULL,'2025-01-26 22:27:53'),(1147,'ADDS',NULL,'2025-01-26 22:27:53'),(1148,'Fictions',NULL,'2025-01-26 22:27:53'),(1149,'NonFictions',NULL,'2025-01-26 22:27:53'),(1150,'Fiction','Fiction Sample','2025-01-26 22:27:53'),(1151,'Nonfiction','Meh','2025-01-26 22:27:53'),(1152,'rawr awr rawraw   rawrar   rawrarawr',NULL,'2025-01-26 22:27:53'),(1153,'RAWR','AWRA','2025-01-26 22:27:53'),(1154,'wafaw fawf   fawfawfawf  awfawfaw','aw','2025-01-26 22:27:53'),(1155,'rawr   awrawrfawfa','awfa','2025-01-26 22:27:53'),(1156,'arawr   rararar rawrar',NULL,'2025-01-26 22:27:53'),(1157,'rawra arawr rawr rawrawr',NULL,'2025-01-26 22:27:53'),(1158,'spinach fawfa fawfa afwfawf','afawf','2025-01-26 22:27:53'),(1159,'Rawrawr rawraw',NULL,'2025-01-26 22:27:53'),(1160,'Example Genre',NULL,'2025-01-26 22:27:53'),(1161,'DAWDA',NULL,'2025-01-26 22:27:53'),(1162,'Samples','Dadaw','2025-01-26 22:27:53'),(1163,'ACAS',NULL,'2025-01-26 22:27:53'),(1164,'ACADS',NULL,'2025-01-26 22:27:53'),(1165,'ADDS',NULL,'2025-01-26 22:27:53'),(1166,'Fictions',NULL,'2025-01-26 22:27:53'),(1167,'NonFictions',NULL,'2025-01-26 22:27:53'),(1168,'Fiction','Fiction Sample','2025-01-26 22:27:53'),(1169,'Nonfiction','Meh','2025-01-26 22:27:53'),(1170,'rawr awr rawraw   rawrar   rawrarawr',NULL,'2025-01-26 22:27:53'),(1171,'RAWR','AWRA','2025-01-26 22:27:53'),(1172,'wafaw fawf   fawfawfawf  awfawfaw','aw','2025-01-26 22:27:53'),(1173,'rawr   awrawrfawfa','awfa','2025-01-26 22:27:53'),(1174,'arawr   rararar rawrar',NULL,'2025-01-26 22:27:53'),(1175,'rawra arawr rawr rawrawr',NULL,'2025-01-26 22:27:53'),(1176,'spinach fawfa fawfa afwfawf','afawf','2025-01-26 22:27:53'),(1177,'Rawrawr rawraw',NULL,'2025-01-26 22:27:53'),(1178,'Example Genre',NULL,'2025-01-26 22:27:53'),(1179,'DAWDA',NULL,'2025-01-26 22:27:53'),(1180,'Samples','Dadaw','2025-01-26 22:27:53'),(1181,'ACAS',NULL,'2025-01-26 22:27:53'),(1182,'ACADS',NULL,'2025-01-26 22:27:53'),(1183,'ADDS',NULL,'2025-01-26 22:27:53'),(1184,'Fictions',NULL,'2025-01-26 22:27:53'),(1185,'NonFictions',NULL,'2025-01-26 22:27:53'),(1186,'Fiction','Fiction Sample','2025-01-26 22:27:53'),(1187,'Nonfiction','Meh','2025-01-26 22:27:53'),(1188,'rawr awr rawraw   rawrar   rawrarawr',NULL,'2025-01-26 22:27:53'),(1189,'RAWR','AWRA','2025-01-26 22:27:53'),(1190,'wafaw fawf   fawfawfawf  awfawfaw','aw','2025-01-26 22:27:53'),(1191,'rawr   awrawrfawfa','awfa','2025-01-26 22:27:53'),(1192,'arawr   rararar rawrar',NULL,'2025-01-26 22:27:53'),(1193,'rawra arawr rawr rawrawr',NULL,'2025-01-26 22:27:53'),(1194,'spinach fawfa fawfa afwfawf','afawf','2025-01-26 22:27:53'),(1195,'Rawrawr rawraw',NULL,'2025-01-26 22:27:53'),(1196,'Example Genre',NULL,'2025-01-26 22:27:53'),(1197,'DAWDA',NULL,'2025-01-26 22:27:53'),(1198,'Samples','Dadaw','2025-01-26 22:27:53'),(1199,'ACAS',NULL,'2025-01-26 22:27:53'),(1200,'ACADS',NULL,'2025-01-26 22:27:53'),(1201,'ADDS',NULL,'2025-01-26 22:27:53'),(1202,'Fictions',NULL,'2025-01-26 22:27:53'),(1203,'NonFictions',NULL,'2025-01-26 22:27:53'),(1204,'Fiction','Fiction Sample','2025-01-26 22:27:53'),(1205,'Nonfiction','Meh','2025-01-26 22:27:53'),(1206,'rawr awr rawraw   rawrar   rawrarawr',NULL,'2025-01-26 22:27:53'),(1207,'RAWR','AWRA','2025-01-26 22:27:53'),(1208,'wafaw fawf   fawfawfawf  awfawfaw','aw','2025-01-26 22:27:53'),(1209,'rawr   awrawrfawfa','awfa','2025-01-26 22:27:53'),(1210,'arawr   rararar rawrar',NULL,'2025-01-26 22:27:53'),(1211,'rawra arawr rawr rawrawr',NULL,'2025-01-26 22:27:53'),(1212,'spinach fawfa fawfa afwfawf','afawf','2025-01-26 22:27:53'),(1213,'Rawrawr rawraw',NULL,'2025-01-26 22:27:53'),(1214,'Example Genre',NULL,'2025-01-26 22:27:53'),(1215,'DAWDA',NULL,'2025-01-26 22:27:53'),(1216,'Samples','Dadaw','2025-01-26 22:27:53'),(1217,'ACAS',NULL,'2025-01-26 22:27:53'),(1218,'ACADS',NULL,'2025-01-26 22:27:53'),(1219,'ADDS',NULL,'2025-01-26 22:27:53'),(1220,'Fictions',NULL,'2025-01-26 22:27:53'),(1221,'NonFictions',NULL,'2025-01-26 22:27:53'),(1222,'Fiction','Fiction Sample','2025-01-26 22:27:53'),(1223,'Nonfiction','Meh','2025-01-26 22:27:53'),(1224,'rawr awr rawraw   rawrar   rawrarawr',NULL,'2025-01-26 22:27:53'),(1225,'RAWR','AWRA','2025-01-26 22:27:53'),(1226,'wafaw fawf   fawfawfawf  awfawfaw','aw','2025-01-26 22:27:53'),(1227,'rawr   awrawrfawfa','awfa','2025-01-26 22:27:53'),(1228,'arawr   rararar rawrar',NULL,'2025-01-26 22:27:53'),(1229,'rawra arawr rawr rawrawr',NULL,'2025-01-26 22:27:53'),(1230,'spinach fawfa fawfa afwfawf','afawf','2025-01-26 22:27:53'),(1231,'Rawrawr rawraw',NULL,'2025-01-26 22:27:53'),(1232,'Example Genre',NULL,'2025-01-26 22:27:53'),(1233,'DAWDA',NULL,'2025-01-26 22:27:53'),(1234,'Samples','Dadaw','2025-01-26 22:27:53'),(1235,'ACAS',NULL,'2025-01-26 22:27:53'),(1236,'ACADS',NULL,'2025-01-26 22:27:53'),(1237,'ADDS',NULL,'2025-01-26 22:27:53'),(1238,'Fictions',NULL,'2025-01-26 22:27:53'),(1239,'NonFictions',NULL,'2025-01-26 22:27:53'),(1240,'Fiction','Fiction Sample','2025-01-26 22:27:53'),(1241,'Nonfiction','Meh','2025-01-26 22:27:53'),(1242,'rawr awr rawraw   rawrar   rawrarawr',NULL,'2025-01-26 22:27:53'),(1243,'RAWR','AWRA','2025-01-26 22:27:53'),(1244,'wafaw fawf   fawfawfawf  awfawfaw','aw','2025-01-26 22:27:53'),(1245,'rawr   awrawrfawfa','awfa','2025-01-26 22:27:53'),(1246,'arawr   rararar rawrar',NULL,'2025-01-26 22:27:53'),(1247,'rawra arawr rawr rawrawr',NULL,'2025-01-26 22:27:53'),(1248,'spinach fawfa fawfa afwfawf','afawf','2025-01-26 22:27:53'),(1249,'Rawrawr rawraw',NULL,'2025-01-26 22:27:53'),(1250,'Example Genre',NULL,'2025-01-26 22:27:53'),(1251,'DAWDA',NULL,'2025-01-26 22:27:53'),(1252,'Samples','Dadaw','2025-01-26 22:27:53'),(1253,'ACAS',NULL,'2025-01-26 22:27:53'),(1254,'ACADS',NULL,'2025-01-26 22:27:53'),(1255,'ADDS',NULL,'2025-01-26 22:27:53'),(1256,'Fictions',NULL,'2025-01-26 22:27:53'),(1257,'NonFictions',NULL,'2025-01-26 22:27:53'),(1258,'Fiction','Fiction Sample','2025-01-26 22:27:53'),(1259,'Nonfiction','Meh','2025-01-26 22:27:53'),(1260,'rawr awr rawraw   rawrar   rawrarawr',NULL,'2025-01-26 22:27:53'),(1261,'RAWR','AWRA','2025-01-26 22:27:53'),(1262,'wafaw fawf   fawfawfawf  awfawfaw','aw','2025-01-26 22:27:53'),(1263,'rawr   awrawrfawfa','awfa','2025-01-26 22:27:53'),(1264,'arawr   rararar rawrar',NULL,'2025-01-26 22:27:53'),(1265,'rawra arawr rawr rawrawr',NULL,'2025-01-26 22:27:53'),(1266,'spinach fawfa fawfa afwfawf','afawf','2025-01-26 22:27:53'),(1267,'Rawrawr rawraw',NULL,'2025-01-26 22:27:53'),(1268,'Example Genre',NULL,'2025-01-26 22:27:53'),(1269,'DAWDA',NULL,'2025-01-26 22:27:53'),(1270,'Samples','Dadaw','2025-01-26 22:27:53'),(1271,'ACAS',NULL,'2025-01-26 22:27:53'),(1272,'ACADS',NULL,'2025-01-26 22:27:53'),(1273,'ADDS',NULL,'2025-01-26 22:27:53'),(1274,'Fictions',NULL,'2025-01-26 22:27:53'),(1275,'NonFictions',NULL,'2025-01-26 22:27:53'),(1276,'Fiction','Fiction Sample','2025-01-26 22:27:53'),(1277,'Nonfiction','Meh','2025-01-26 22:27:53'),(1278,'rawr awr rawraw   rawrar   rawrarawr',NULL,'2025-01-26 22:27:53'),(1279,'RAWR','AWRA','2025-01-26 22:27:53'),(1280,'wafaw fawf   fawfawfawf  awfawfaw','aw','2025-01-26 22:27:53'),(1281,'rawr   awrawrfawfa','awfa','2025-01-26 22:27:53'),(1282,'arawr   rararar rawrar',NULL,'2025-01-26 22:27:53'),(1283,'rawra arawr rawr rawrawr',NULL,'2025-01-26 22:27:53'),(1284,'spinach fawfa fawfa afwfawf','afawf','2025-01-26 22:27:53'),(1285,'Rawrawr rawraw',NULL,'2025-01-26 22:27:53'),(1286,'Example Genre',NULL,'2025-01-26 22:27:53'),(1287,'DAWDA',NULL,'2025-01-26 22:27:53'),(1288,'Samples','Dadaw','2025-01-26 22:27:53'),(1289,'ACAS',NULL,'2025-01-26 22:27:53'),(1290,'ACADS',NULL,'2025-01-26 22:27:53'),(1291,'ADDS',NULL,'2025-01-26 22:27:53'),(1292,'Fictions',NULL,'2025-01-26 22:27:53'),(1293,'NonFictions',NULL,'2025-01-26 22:27:53'),(1294,'Fiction','Fiction Sample','2025-01-26 22:27:53'),(1295,'Nonfiction','Meh','2025-01-26 22:27:53'),(1296,'rawr awr rawraw   rawrar   rawrarawr',NULL,'2025-01-26 22:27:53'),(1297,'RAWR','AWRA','2025-01-26 22:27:53'),(1298,'wafaw fawf   fawfawfawf  awfawfaw','aw','2025-01-26 22:27:53'),(1299,'rawr   awrawrfawfa','awfa','2025-01-26 22:27:53'),(1300,'arawr   rararar rawrar',NULL,'2025-01-26 22:27:53'),(1301,'rawra arawr rawr rawrawr',NULL,'2025-01-26 22:27:53'),(1302,'spinach fawfa fawfa afwfawf','afawf','2025-01-26 22:27:53'),(1303,'Rawrawr rawraw',NULL,'2025-01-26 22:27:53'),(1304,'Example Genre',NULL,'2025-01-26 22:27:53'),(1305,'DAWDA',NULL,'2025-01-26 22:27:53'),(1306,'Samples','Dadaw','2025-01-26 22:27:53'),(1307,'ACAS',NULL,'2025-01-26 22:27:53'),(1308,'ACADS',NULL,'2025-01-26 22:27:53'),(1309,'ADDS',NULL,'2025-01-26 22:27:53'),(1310,'Fictions',NULL,'2025-01-26 22:27:53'),(1311,'NonFictions',NULL,'2025-01-26 22:27:53'),(1312,'Fiction','Fiction Sample','2025-01-26 22:27:53'),(1313,'Nonfiction','Meh','2025-01-26 22:27:53'),(1314,'rawr awr rawraw   rawrar   rawrarawr',NULL,'2025-01-26 22:27:53'),(1315,'RAWR','AWRA','2025-01-26 22:27:53'),(1316,'wafaw fawf   fawfawfawf  awfawfaw','aw','2025-01-26 22:27:53'),(1317,'rawr   awrawrfawfa','awfa','2025-01-26 22:27:53'),(1318,'arawr   rararar rawrar',NULL,'2025-01-26 22:27:53'),(1319,'rawra arawr rawr rawrawr',NULL,'2025-01-26 22:27:53'),(1320,'spinach fawfa fawfa afwfawf','afawf','2025-01-26 22:27:53'),(1321,'Rawrawr rawraw',NULL,'2025-01-26 22:27:53'),(1322,'Example Genre',NULL,'2025-01-26 22:27:53'),(1323,'DAWDA',NULL,'2025-01-26 22:27:53'),(1324,'Samples','Dadaw','2025-01-26 22:27:53'),(1325,'ACAS',NULL,'2025-01-26 22:27:53'),(1326,'ACADS',NULL,'2025-01-26 22:27:53'),(1327,'ADDS',NULL,'2025-01-26 22:27:53'),(1328,'Fictions',NULL,'2025-01-26 22:27:53'),(1329,'NonFictions',NULL,'2025-01-26 22:27:53'),(1330,'Fiction','Fiction Sample','2025-01-26 22:27:53'),(1331,'Nonfiction','Meh','2025-01-26 22:27:53'),(1332,'rawr awr rawraw   rawrar   rawrarawr',NULL,'2025-01-26 22:27:53'),(1333,'RAWR','AWRA','2025-01-26 22:27:53'),(1334,'wafaw fawf   fawfawfawf  awfawfaw','aw','2025-01-26 22:27:53'),(1335,'rawr   awrawrfawfa','awfa','2025-01-26 22:27:53'),(1336,'arawr   rararar rawrar',NULL,'2025-01-26 22:27:53'),(1337,'rawra arawr rawr rawrawr',NULL,'2025-01-26 22:27:53'),(1338,'spinach fawfa fawfa afwfawf','afawf','2025-01-26 22:27:53'),(1339,'Rawrawr rawraw',NULL,'2025-01-26 22:27:53'),(1340,'Example Genre',NULL,'2025-01-26 22:27:53'),(1341,'DAWDA',NULL,'2025-01-26 22:27:53'),(1342,'Samples','Dadaw','2025-01-26 22:27:53'),(1343,'ACAS',NULL,'2025-01-26 22:27:53'),(1344,'ACADS',NULL,'2025-01-26 22:27:53'),(1345,'ADDS',NULL,'2025-01-26 22:27:53'),(1346,'Fictions',NULL,'2025-01-26 22:27:53'),(1347,'NonFictions',NULL,'2025-01-26 22:27:53'),(1348,'Fiction','Fiction Sample','2025-01-26 22:27:53'),(1349,'Nonfiction','Meh','2025-01-26 22:27:53'),(1350,'rawr awr rawraw   rawrar   rawrarawr',NULL,'2025-01-26 22:27:53'),(1351,'RAWR','AWRA','2025-01-26 22:27:53'),(1352,'wafaw fawf   fawfawfawf  awfawfaw','aw','2025-01-26 22:27:53'),(1353,'rawr   awrawrfawfa','awfa','2025-01-26 22:27:53'),(1354,'arawr   rararar rawrar',NULL,'2025-01-26 22:27:53'),(1355,'rawra arawr rawr rawrawr',NULL,'2025-01-26 22:27:53'),(1356,'spinach fawfa fawfa afwfawf','afawf','2025-01-26 22:27:53'),(1357,'Rawrawr rawraw',NULL,'2025-01-26 22:27:53'),(1358,'Example Genre',NULL,'2025-01-26 22:27:53'),(1359,'DAWDA',NULL,'2025-01-26 22:27:53'),(1360,'Samples','Dadaw','2025-01-26 22:27:53'),(1361,'ACAS',NULL,'2025-01-26 22:27:53'),(1362,'ACADS',NULL,'2025-01-26 22:27:53'),(1363,'ADDS',NULL,'2025-01-26 22:27:53'),(1364,'Fictions',NULL,'2025-01-26 22:27:53'),(1365,'NonFictions',NULL,'2025-01-26 22:27:53'),(1366,'Fiction','Fiction Sample','2025-01-26 22:27:53'),(1367,'Nonfiction','Meh','2025-01-26 22:27:53'),(1368,'rawr awr rawraw   rawrar   rawrarawr',NULL,'2025-01-26 22:27:53'),(1369,'RAWR','AWRA','2025-01-26 22:27:53'),(1370,'wafaw fawf   fawfawfawf  awfawfaw','aw','2025-01-26 22:27:53'),(1371,'rawr   awrawrfawfa','awfa','2025-01-26 22:27:53'),(1372,'arawr   rararar rawrar',NULL,'2025-01-26 22:27:53'),(1373,'rawra arawr rawr rawrawr',NULL,'2025-01-26 22:27:53'),(1374,'spinach fawfa fawfa afwfawf','afawf','2025-01-26 22:27:53'),(1375,'Rawrawr rawraw',NULL,'2025-01-26 22:27:53'),(1376,'Example Genre',NULL,'2025-01-26 22:27:53'),(1377,'DAWDA',NULL,'2025-01-26 22:27:53'),(1378,'Samples','Dadaw','2025-01-26 22:27:53'),(1379,'ACAS',NULL,'2025-01-26 22:27:53'),(1380,'ACADS',NULL,'2025-01-26 22:27:53'),(1381,'ADDS',NULL,'2025-01-26 22:27:53'),(1382,'Fictions',NULL,'2025-01-26 22:27:53'),(1383,'NonFictions',NULL,'2025-01-26 22:27:53'),(1384,'Fiction','Fiction Sample','2025-01-26 22:27:53'),(1385,'Nonfiction','Meh','2025-01-26 22:27:53'),(1386,'rawr awr rawraw   rawrar   rawrarawr',NULL,'2025-01-26 22:27:53'),(1387,'RAWR','AWRA','2025-01-26 22:27:53'),(1388,'wafaw fawf   fawfawfawf  awfawfaw','aw','2025-01-26 22:27:53'),(1389,'rawr   awrawrfawfa','awfa','2025-01-26 22:27:53'),(1390,'arawr   rararar rawrar',NULL,'2025-01-26 22:27:53'),(1391,'rawra arawr rawr rawrawr',NULL,'2025-01-26 22:27:53'),(1392,'spinach fawfa fawfa afwfawf','afawf','2025-01-26 22:27:53'),(1393,'Rawrawr rawraw',NULL,'2025-01-26 22:27:53'),(1394,'Example Genre',NULL,'2025-01-26 22:27:53'),(1395,'DAWDA',NULL,'2025-01-26 22:27:53'),(1396,'Samples','Dadaw','2025-01-26 22:27:53'),(1397,'ACAS',NULL,'2025-01-26 22:27:53'),(1398,'ACADS',NULL,'2025-01-26 22:27:53'),(1399,'ADDS',NULL,'2025-01-26 22:27:53'),(1400,'Fictions',NULL,'2025-01-26 22:27:53'),(1401,'NonFictions',NULL,'2025-01-26 22:27:53'),(1402,'Fiction','Fiction Sample','2025-01-26 22:27:53'),(1403,'Nonfiction','Meh','2025-01-26 22:27:53'),(1404,'rawr awr rawraw   rawrar   rawrarawr',NULL,'2025-01-26 22:27:53'),(1405,'RAWR','AWRA','2025-01-26 22:27:53'),(1406,'wafaw fawf   fawfawfawf  awfawfaw','aw','2025-01-26 22:27:53'),(1407,'rawr   awrawrfawfa','awfa','2025-01-26 22:27:53'),(1408,'arawr   rararar rawrar',NULL,'2025-01-26 22:27:53'),(1409,'rawra arawr rawr rawrawr',NULL,'2025-01-26 22:27:53'),(1410,'spinach fawfa fawfa afwfawf','afawf','2025-01-26 22:27:53'),(1411,'Rawrawr rawraw',NULL,'2025-01-26 22:27:53'),(1412,'Example Genre',NULL,'2025-01-26 22:27:53'),(1413,'DAWDA',NULL,'2025-01-26 22:27:53'),(1414,'Samples','Dadaw','2025-01-26 22:27:53'),(1415,'ACAS',NULL,'2025-01-26 22:27:53'),(1416,'ACADS',NULL,'2025-01-26 22:27:53'),(1417,'ADDS',NULL,'2025-01-26 22:27:53'),(1418,'Fictions',NULL,'2025-01-26 22:27:53'),(1419,'NonFictions',NULL,'2025-01-26 22:27:53'),(1420,'Fiction','Fiction Sample','2025-01-26 22:27:53'),(1421,'Nonfiction','Meh','2025-01-26 22:27:53'),(1422,'rawr awr rawraw   rawrar   rawrarawr',NULL,'2025-01-26 22:27:53'),(1423,'RAWR','AWRA','2025-01-26 22:27:53'),(1424,'wafaw fawf   fawfawfawf  awfawfaw','aw','2025-01-26 22:27:53'),(1425,'rawr   awrawrfawfa','awfa','2025-01-26 22:27:53'),(1426,'arawr   rararar rawrar',NULL,'2025-01-26 22:27:53'),(1427,'rawra arawr rawr rawrawr',NULL,'2025-01-26 22:27:53'),(1428,'spinach fawfa fawfa afwfawf','afawf','2025-01-26 22:27:53'),(1429,'Rawrawr rawraw',NULL,'2025-01-26 22:27:53'),(1430,'Example Genre',NULL,'2025-01-26 22:27:53'),(1431,'DAWDA',NULL,'2025-01-26 22:27:53'),(1432,'Samples','Dadaw','2025-01-26 22:27:53'),(1433,'ACAS',NULL,'2025-01-26 22:27:53'),(1434,'ACADS',NULL,'2025-01-26 22:27:53'),(1435,'ADDS',NULL,'2025-01-26 22:27:53'),(1436,'Fictions',NULL,'2025-01-26 22:27:53'),(1437,'NonFictions',NULL,'2025-01-26 22:27:53'),(1438,'Fiction','Fiction Sample','2025-01-26 22:27:53'),(1439,'Nonfiction','Meh','2025-01-26 22:27:53'),(1440,'rawr awr rawraw   rawrar   rawrarawr',NULL,'2025-01-26 22:27:53'),(1441,'RAWR','AWRA','2025-01-26 22:27:53'),(1442,'wafaw fawf   fawfawfawf  awfawfaw','aw','2025-01-26 22:27:53'),(1443,'rawr   awrawrfawfa','awfa','2025-01-26 22:27:53'),(1444,'arawr   rararar rawrar',NULL,'2025-01-26 22:27:53'),(1445,'rawra arawr rawr rawrawr',NULL,'2025-01-26 22:27:53'),(1446,'spinach fawfa fawfa afwfawf','afawf','2025-01-26 22:27:53'),(1447,'Rawrawr rawraw',NULL,'2025-01-26 22:27:53'),(1448,'Example Genre',NULL,'2025-01-26 22:27:53'),(1449,'DAWDA',NULL,'2025-01-26 22:27:53'),(1450,'Samples','Dadaw','2025-01-26 22:27:53'),(1451,'ACAS',NULL,'2025-01-26 22:27:53'),(1452,'ACADS',NULL,'2025-01-26 22:27:53'),(1453,'ADDS',NULL,'2025-01-26 22:27:53'),(1454,'Fictions',NULL,'2025-01-26 22:27:53'),(1455,'NonFictions',NULL,'2025-01-26 22:27:53'),(1456,'Fiction','Fiction Sample','2025-01-26 22:27:53'),(1457,'Nonfiction','Meh','2025-01-26 22:27:53'),(1458,'rawr awr rawraw   rawrar   rawrarawr',NULL,'2025-01-26 22:27:53'),(1459,'RAWR','AWRA','2025-01-26 22:27:53'),(1460,'wafaw fawf   fawfawfawf  awfawfaw','aw','2025-01-26 22:27:53'),(1461,'rawr   awrawrfawfa','awfa','2025-01-26 22:27:53'),(1462,'arawr   rararar rawrar',NULL,'2025-01-26 22:27:53'),(1463,'rawra arawr rawr rawrawr',NULL,'2025-01-26 22:27:53'),(1464,'spinach fawfa fawfa afwfawf','afawf','2025-01-26 22:27:53'),(1465,'Rawrawr rawraw',NULL,'2025-01-26 22:27:53'),(1466,'Example Genre',NULL,'2025-01-26 22:27:53'),(1467,'DAWDA',NULL,'2025-01-26 22:27:53'),(1468,'Samples','Dadaw','2025-01-26 22:27:53'),(1469,'ACAS',NULL,'2025-01-26 22:27:53'),(1470,'ACADS',NULL,'2025-01-26 22:27:53'),(1471,'ADDS',NULL,'2025-01-26 22:27:53'),(1472,'Fictions',NULL,'2025-01-26 22:27:53'),(1473,'NonFictions',NULL,'2025-01-26 22:27:53'),(1474,'Fiction','Fiction Sample','2025-01-26 22:27:53'),(1475,'Nonfiction','Meh','2025-01-26 22:27:53'),(1476,'rawr awr rawraw   rawrar   rawrarawr',NULL,'2025-01-26 22:27:53'),(1477,'RAWR','AWRA','2025-01-26 22:27:53'),(1478,'wafaw fawf   fawfawfawf  awfawfaw','aw','2025-01-26 22:27:53'),(1479,'rawr   awrawrfawfa','awfa','2025-01-26 22:27:53'),(1480,'arawr   rararar rawrar',NULL,'2025-01-26 22:27:53'),(1481,'rawra arawr rawr rawrawr',NULL,'2025-01-26 22:27:53'),(1482,'spinach fawfa fawfa afwfawf','afawf','2025-01-26 22:27:53'),(1483,'Rawrawr rawraw',NULL,'2025-01-26 22:27:53'),(1484,'Example Genre',NULL,'2025-01-26 22:27:53'),(1485,'DAWDA',NULL,'2025-01-26 22:27:53'),(1486,'Samples','Dadaw','2025-01-26 22:27:53'),(1487,'ACAS',NULL,'2025-01-26 22:27:53'),(1488,'ACADS',NULL,'2025-01-26 22:27:53'),(1489,'ADDS',NULL,'2025-01-26 22:27:53'),(1490,'Fictions',NULL,'2025-01-26 22:27:53'),(1491,'NonFictions',NULL,'2025-01-26 22:27:53'),(1492,'Fiction','Fiction Sample','2025-01-26 22:27:53'),(1493,'Nonfiction','Meh','2025-01-26 22:27:53'),(1494,'rawr awr rawraw   rawrar   rawrarawr',NULL,'2025-01-26 22:27:53'),(1495,'RAWR','AWRA','2025-01-26 22:27:53'),(1496,'wafaw fawf   fawfawfawf  awfawfaw','aw','2025-01-26 22:27:53'),(1497,'rawr   awrawrfawfa','awfa','2025-01-26 22:27:53'),(1498,'arawr   rararar rawrar',NULL,'2025-01-26 22:27:53'),(1499,'rawra arawr rawr rawrawr',NULL,'2025-01-26 22:27:53'),(1500,'spinach fawfa fawfa afwfawf','afawf','2025-01-26 22:27:53'),(1501,'Rawrawr rawraw',NULL,'2025-01-26 22:27:53'),(1502,'Example Genre',NULL,'2025-01-26 22:27:53'),(1503,'DAWDA',NULL,'2025-01-26 22:27:53'),(1504,'Samples','Dadaw','2025-01-26 22:27:53'),(1505,'ACAS',NULL,'2025-01-26 22:27:53'),(1506,'ACADS',NULL,'2025-01-26 22:27:53'),(1507,'ADDS',NULL,'2025-01-26 22:27:53'),(1508,'Fictions',NULL,'2025-01-26 22:27:53'),(1509,'NonFictions',NULL,'2025-01-26 22:27:53'),(1510,'Fiction','Fiction Sample','2025-01-26 22:27:53'),(1511,'Nonfiction','Meh','2025-01-26 22:27:53'),(1512,'rawr awr rawraw   rawrar   rawrarawr',NULL,'2025-01-26 22:27:53'),(1513,'RAWR','AWRA','2025-01-26 22:27:53'),(1514,'wafaw fawf   fawfawfawf  awfawfaw','aw','2025-01-26 22:27:53'),(1515,'rawr   awrawrfawfa','awfa','2025-01-26 22:27:53'),(1516,'arawr   rararar rawrar',NULL,'2025-01-26 22:27:53'),(1517,'rawra arawr rawr rawrawr',NULL,'2025-01-26 22:27:53'),(1518,'spinach fawfa fawfa afwfawf','afawf','2025-01-26 22:27:53'),(1519,'Rawrawr rawraw',NULL,'2025-01-26 22:27:53'),(1520,'Example Genre',NULL,'2025-01-26 22:27:53'),(1521,'DAWDA',NULL,'2025-01-26 22:27:53'),(1522,'Samples','Dadaw','2025-01-26 22:27:53'),(1523,'ACAS',NULL,'2025-01-26 22:27:53'),(1524,'ACADS',NULL,'2025-01-26 22:27:53'),(1525,'ADDS',NULL,'2025-01-26 22:27:53'),(1526,'Fictions',NULL,'2025-01-26 22:27:53'),(1527,'NonFictions',NULL,'2025-01-26 22:27:53'),(1528,'Fiction','Fiction Sample','2025-01-26 22:27:53'),(1529,'Nonfiction','Meh','2025-01-26 22:27:53'),(1530,'rawr awr rawraw   rawrar   rawrarawr',NULL,'2025-01-26 22:27:53'),(1531,'RAWR','AWRA','2025-01-26 22:27:53'),(1532,'wafaw fawf   fawfawfawf  awfawfaw','aw','2025-01-26 22:27:53'),(1533,'rawr   awrawrfawfa','awfa','2025-01-26 22:27:53'),(1534,'arawr   rararar rawrar',NULL,'2025-01-26 22:27:53'),(1535,'rawra arawr rawr rawrawr',NULL,'2025-01-26 22:27:53'),(1536,'spinach fawfa fawfa afwfawf','afawf','2025-01-26 22:27:53'),(1537,'Rawrawr rawraw',NULL,'2025-01-26 22:27:53'),(1538,'Example Genre',NULL,'2025-01-26 22:27:53'),(1539,'DAWDA',NULL,'2025-01-26 22:27:53'),(1540,'Samples','Dadaw','2025-01-26 22:27:53'),(1541,'ACAS',NULL,'2025-01-26 22:27:53'),(1542,'ACADS',NULL,'2025-01-26 22:27:53'),(1543,'ADDS',NULL,'2025-01-26 22:27:53'),(1544,'Fictions',NULL,'2025-01-26 22:27:53'),(1545,'NonFictions',NULL,'2025-01-26 22:27:53'),(1546,'Fiction','Fiction Sample','2025-01-26 22:27:53'),(1547,'Nonfiction','Meh','2025-01-26 22:27:53'),(1548,'rawr awr rawraw   rawrar   rawrarawr',NULL,'2025-01-26 22:27:53'),(1549,'RAWR','AWRA','2025-01-26 22:27:53'),(1550,'wafaw fawf   fawfawfawf  awfawfaw','aw','2025-01-26 22:27:53'),(1551,'rawr   awrawrfawfa','awfa','2025-01-26 22:27:53'),(1552,'arawr   rararar rawrar',NULL,'2025-01-26 22:27:53'),(1553,'rawra arawr rawr rawrawr',NULL,'2025-01-26 22:27:53'),(1554,'spinach fawfa fawfa afwfawf','afawf','2025-01-26 22:27:53'),(1555,'Rawrawr rawraw',NULL,'2025-01-26 22:27:53'),(1556,'Example Genre',NULL,'2025-01-26 22:27:53'),(1557,'DAWDA',NULL,'2025-01-26 22:27:53'),(1558,'Samples','Dadaw','2025-01-26 22:27:53'),(1560,'ACADS',NULL,'2025-01-26 22:27:53'),(1561,'ADDS',NULL,'2025-01-26 22:27:53'),(1562,'Fictions',NULL,'2025-01-26 22:27:53'),(1563,'NonFictions',NULL,'2025-01-26 22:27:53'),(1564,'Fiction','Fiction Sample','2025-01-26 22:27:53'),(1565,'Nonfiction','Meh','2025-01-26 22:27:53'),(1566,'rawr awr rawraw   rawrar   rawrarawr',NULL,'2025-01-26 22:27:53'),(1567,'RAWR','AWRA','2025-01-26 22:27:53'),(1568,'wafaw fawf   fawfawfawf  awfawfaw','aw','2025-01-26 22:27:53'),(1569,'rawr   awrawrfawfa','awfa','2025-01-26 22:27:53'),(1570,'arawr   rararar rawrar',NULL,'2025-01-26 22:27:53'),(1571,'rawra arawr rawr rawrawr',NULL,'2025-01-26 22:27:53'),(1572,'spinach fawfa fawfa afwfawf','afawf','2025-01-26 22:27:53'),(1573,'Rawrawr rawraw',NULL,'2025-01-26 22:27:53'),(1574,'Example Genre',NULL,'2025-01-26 22:27:53'),(1575,'DAWDA',NULL,'2025-01-26 22:27:53'),(1576,'Samples','Dadaw','2025-01-26 22:27:53'),(1577,'ACAS',NULL,'2025-01-26 22:27:53'),(1578,'ACADS',NULL,'2025-01-26 22:27:53'),(1579,'ADDS',NULL,'2025-01-26 22:27:53'),(1580,'Fictions',NULL,'2025-01-26 22:27:53'),(1581,'NonFictions',NULL,'2025-01-26 22:27:53'),(1582,'Fiction','Fiction Sample','2025-01-26 22:27:53'),(1583,'Nonfiction','Meh','2025-01-26 22:27:53'),(1584,'rawr awr rawraw   rawrar   rawrarawr',NULL,'2025-01-26 22:27:53'),(1585,'RAWR','AWRA','2025-01-26 22:27:53'),(1586,'wafaw fawf   fawfawfawf  awfawfaw','aw','2025-01-26 22:27:53'),(1587,'rawr   awrawrfawfa','awfa','2025-01-26 22:27:53'),(1588,'arawr   rararar rawrar',NULL,'2025-01-26 22:27:53'),(1589,'rawra arawr rawr rawrawr',NULL,'2025-01-26 22:27:53'),(1590,'spinach fawfa fawfa afwfawf','afawf','2025-01-26 22:27:53'),(1591,'Rawrawr rawraw',NULL,'2025-01-26 22:27:53'),(1592,'Example Genre',NULL,'2025-01-26 22:27:53'),(1593,'DAWDA',NULL,'2025-01-26 22:27:53'),(1594,'Samples','Dadaw','2025-01-26 22:27:53'),(1595,'ACAS',NULL,'2025-01-26 22:27:53'),(1596,'ACADS',NULL,'2025-01-26 22:27:53'),(1597,'ADDS',NULL,'2025-01-26 22:27:53'),(1598,'Fictions',NULL,'2025-01-26 22:27:53'),(1599,'NonFictions',NULL,'2025-01-26 22:27:53'),(1600,'Fiction','Fiction Sample','2025-01-26 22:27:53'),(1601,'Nonfiction','Meh','2025-01-26 22:27:53'),(1602,'rawr awr rawraw   rawrar   rawrarawr',NULL,'2025-01-26 22:27:53'),(1603,'RAWR','AWRA','2025-01-26 22:27:53'),(1604,'wafaw fawf   fawfawfawf  awfawfaw','aw','2025-01-26 22:27:53'),(1605,'rawr   awrawrfawfa','awfa','2025-01-26 22:27:53'),(1606,'arawr   rararar rawrar',NULL,'2025-01-26 22:27:53'),(1607,'rawra arawr rawr rawrawr',NULL,'2025-01-26 22:27:53'),(1608,'spinach fawfa fawfa afwfawf','afawf','2025-01-26 22:27:53'),(1609,'Rawrawr rawraw',NULL,'2025-01-26 22:27:53'),(1610,'Example Genre',NULL,'2025-01-26 22:27:53'),(1611,'DAWDA',NULL,'2025-01-26 22:27:53'),(1612,'Samples','Dadaw','2025-01-26 22:27:53'),(1613,'ACAS',NULL,'2025-01-26 22:27:53'),(1614,'ACADS',NULL,'2025-01-26 22:27:53'),(1615,'ADDS',NULL,'2025-01-26 22:27:53'),(1616,'Fictions',NULL,'2025-01-26 22:27:53'),(1617,'NonFictions',NULL,'2025-01-26 22:27:53'),(1618,'Fiction','Fiction Sample','2025-01-26 22:27:53'),(1619,'Nonfiction','Meh','2025-01-26 22:27:53'),(1620,'rawr awr rawraw   rawrar   rawrarawr',NULL,'2025-01-26 22:27:53'),(1621,'RAWR','AWRA','2025-01-26 22:27:53'),(1622,'wafaw fawf   fawfawfawf  awfawfaw','aw','2025-01-26 22:27:53'),(1623,'rawr   awrawrfawfa','awfa','2025-01-26 22:27:53'),(1624,'arawr   rararar rawrar',NULL,'2025-01-26 22:27:53'),(1625,'rawra arawr rawr rawrawr',NULL,'2025-01-26 22:27:53'),(1626,'spinach fawfa fawfa afwfawf','afawf','2025-01-26 22:27:53'),(1627,'Rawrawr rawraw',NULL,'2025-01-26 22:27:53'),(1628,'Example Genre',NULL,'2025-01-26 22:27:53'),(1629,'DAWDA',NULL,'2025-01-26 22:27:53'),(1630,'Samples','Dadaw','2025-01-26 22:27:53'),(1631,'ACAS',NULL,'2025-01-26 22:27:53'),(1632,'ACADS',NULL,'2025-01-26 22:27:53'),(1633,'ADDS',NULL,'2025-01-26 22:27:53'),(1634,'Fictions',NULL,'2025-01-26 22:27:53'),(1635,'NonFictions',NULL,'2025-01-26 22:27:53'),(1636,'Fiction','Fiction Sample','2025-01-26 22:27:53'),(1637,'Nonfiction','Meh','2025-01-26 22:27:53'),(1638,'rawr awr rawraw   rawrar   rawrarawr',NULL,'2025-01-26 22:27:53'),(1639,'RAWR','AWRA','2025-01-26 22:27:53'),(1640,'wafaw fawf   fawfawfawf  awfawfaw','aw','2025-01-26 22:27:53'),(1641,'rawr   awrawrfawfa','awfa','2025-01-26 22:27:53'),(1642,'arawr   rararar rawrar',NULL,'2025-01-26 22:27:53'),(1643,'rawra arawr rawr rawrawr',NULL,'2025-01-26 22:27:53'),(1644,'spinach fawfa fawfa afwfawf','afawf','2025-01-26 22:27:53'),(1645,'Rawrawr rawraw',NULL,'2025-01-26 22:27:53'),(1646,'Example Genre',NULL,'2025-01-26 22:27:53'),(1647,'DAWDA',NULL,'2025-01-26 22:27:53'),(1648,'Samples','Dadaw','2025-01-26 22:27:53'),(1649,'ACAS',NULL,'2025-01-26 22:27:53'),(1650,'ACADS',NULL,'2025-01-26 22:27:53'),(1651,'ADDS',NULL,'2025-01-26 22:27:53'),(1652,'Fictions',NULL,'2025-01-26 22:27:53'),(1653,'NonFictions',NULL,'2025-01-26 22:27:53'),(1654,'Fiction','Fiction Sample','2025-01-26 22:27:53'),(1655,'Nonfiction','Meh','2025-01-26 22:27:53'),(1656,'rawr awr rawraw   rawrar   rawrarawr',NULL,'2025-01-26 22:27:53'),(1657,'RAWR','AWRA','2025-01-26 22:27:53'),(1658,'wafaw fawf   fawfawfawf  awfawfaw','aw','2025-01-26 22:27:53'),(1659,'rawr   awrawrfawfa','awfa','2025-01-26 22:27:53'),(1660,'arawr   rararar rawrar',NULL,'2025-01-26 22:27:53'),(1661,'rawra arawr rawr rawrawr',NULL,'2025-01-26 22:27:53'),(1662,'spinach fawfa fawfa afwfawf','afawf','2025-01-26 22:27:53'),(1663,'Rawrawr rawraw',NULL,'2025-01-26 22:27:53'),(1664,'Example Genre',NULL,'2025-01-26 22:27:53'),(1665,'DAWDA',NULL,'2025-01-26 22:27:53'),(1666,'Samples','Dadaw','2025-01-26 22:27:53'),(1667,'ACAS',NULL,'2025-01-26 22:27:53'),(1668,'ACADS',NULL,'2025-01-26 22:27:53'),(1669,'ADDS',NULL,'2025-01-26 22:27:53'),(1670,'Fictions',NULL,'2025-01-26 22:27:53'),(1671,'NonFictions',NULL,'2025-01-26 22:27:53'),(1672,'Fiction','Fiction Sample','2025-01-26 22:27:53'),(1673,'Nonfiction','Meh','2025-01-26 22:27:53'),(1674,'rawr awr rawraw   rawrar   rawrarawr',NULL,'2025-01-26 22:27:53'),(1675,'RAWR','AWRA','2025-01-26 22:27:53'),(1676,'wafaw fawf   fawfawfawf  awfawfaw','aw','2025-01-26 22:27:53'),(1677,'rawr   awrawrfawfa','awfa','2025-01-26 22:27:53'),(1678,'arawr   rararar rawrar',NULL,'2025-01-26 22:27:53'),(1679,'rawra arawr rawr rawrawr',NULL,'2025-01-26 22:27:53'),(1680,'spinach fawfa fawfa afwfawf','afawf','2025-01-26 22:27:53'),(1681,'Rawrawr rawraw',NULL,'2025-01-26 22:27:53'),(1682,'Example Genre',NULL,'2025-01-26 22:27:53'),(1683,'DAWDA',NULL,'2025-01-26 22:27:53'),(1684,'Samples','Dadaw','2025-01-26 22:27:53'),(1685,'ACAS',NULL,'2025-01-26 22:27:53'),(1686,'ACADS',NULL,'2025-01-26 22:27:53'),(1687,'ADDS',NULL,'2025-01-26 22:27:53'),(1688,'SAMPLESSC',NULL,'2025-02-05 11:06:08'),(1689,'A Sample Genre',NULL,'2025-02-06 19:36:39'),(1690,'A sample Ganra',NULL,'2025-02-06 19:38:25'),(1691,'Adawdaaa','Aa','2025-02-06 19:45:36'),(1692,'Safaasss',NULL,'2025-02-06 19:50:17'),(1693,'Avasvsdasd',NULL,'2025-02-06 19:51:58');
/*!40000 ALTER TABLE `tblgenres` ENABLE KEYS */;
UNLOCK TABLES;

--
-- Table structure for table `tbllanguages`
--

DROP TABLE IF EXISTS `tbllanguages`;
/*!40101 SET @saved_cs_client     = @@character_set_client */;
/*!50503 SET character_set_client = utf8mb4 */;
CREATE TABLE `tbllanguages` (
  `id` int NOT NULL AUTO_INCREMENT,
  `language` varchar(50) CHARACTER SET utf8mb3 COLLATE utf8mb3_general_ci NOT NULL,
  `code` varchar(10) NOT NULL,
  PRIMARY KEY (`id`)
) ENGINE=InnoDB AUTO_INCREMENT=8 DEFAULT CHARSET=utf8mb4 COLLATE=utf8mb4_0900_ai_ci;
/*!40101 SET character_set_client = @saved_cs_client */;

--
-- Dumping data for table `tbllanguages`
--

LOCK TABLES `tbllanguages` WRITE;
/*!40000 ALTER TABLE `tbllanguages` DISABLE KEYS */;
INSERT INTO `tbllanguages` VALUES (1,'Englishes','1'),(3,'Englisher','6'),(5,'English','1'),(6,'French','2'),(7,'FAWFAWF','000');
/*!40000 ALTER TABLE `tbllanguages` ENABLE KEYS */;
UNLOCK TABLES;

--
-- Table structure for table `tbllogs`
--

DROP TABLE IF EXISTS `tbllogs`;
/*!40101 SET @saved_cs_client     = @@character_set_client */;
/*!50503 SET character_set_client = utf8mb4 */;
CREATE TABLE `tbllogs` (
  `id` int NOT NULL AUTO_INCREMENT,
  `student_id` int DEFAULT NULL,
  `faculty_id` int DEFAULT NULL,
  `action` varchar(100) NOT NULL,
  `date_added` datetime NOT NULL DEFAULT CURRENT_TIMESTAMP,
  `type` int NOT NULL,
  PRIMARY KEY (`id`),
  KEY `fk_logfaculty_idx` (`faculty_id`),
  KEY `fk_logstudent_idx` (`student_id`),
  CONSTRAINT `fk_logfaculty` FOREIGN KEY (`faculty_id`) REFERENCES `tblfaculties` (`id`) ON DELETE CASCADE,
  CONSTRAINT `fk_logstudent` FOREIGN KEY (`student_id`) REFERENCES `tblstudents` (`id`) ON DELETE CASCADE ON UPDATE RESTRICT
) ENGINE=InnoDB AUTO_INCREMENT=10 DEFAULT CHARSET=utf8mb4 COLLATE=utf8mb4_0900_ai_ci;
/*!40101 SET character_set_client = @saved_cs_client */;

--
-- Dumping data for table `tbllogs`
--

LOCK TABLES `tbllogs` WRITE;
/*!40000 ALTER TABLE `tbllogs` DISABLE KEYS */;
INSERT INTO `tbllogs` VALUES (6,NULL,2042,'Added a new genre Avasvsdasd','2025-02-06 19:51:58',0),(7,NULL,2042,'Added a new author Percy Jackson','2025-02-06 21:28:03',0),(8,NULL,2042,'Added a new publisher ACME PUBLISHER','2025-02-06 21:28:21',0),(9,NULL,2042,'Added a new classification Magic Beans','2025-02-06 21:29:16',0);
/*!40000 ALTER TABLE `tbllogs` ENABLE KEYS */;
UNLOCK TABLES;

--
-- Table structure for table `tblpublishers`
--

DROP TABLE IF EXISTS `tblpublishers`;
/*!40101 SET @saved_cs_client     = @@character_set_client */;
/*!50503 SET character_set_client = utf8mb4 */;
CREATE TABLE `tblpublishers` (
  `id` int NOT NULL AUTO_INCREMENT,
  `publisher_name` varchar(50) NOT NULL,
  PRIMARY KEY (`id`)
) ENGINE=InnoDB AUTO_INCREMENT=45 DEFAULT CHARSET=utf8mb4 COLLATE=utf8mb4_0900_ai_ci;
/*!40101 SET character_set_client = @saved_cs_client */;

--
-- Dumping data for table `tblpublishers`
--

LOCK TABLES `tblpublishers` WRITE;
/*!40000 ALTER TABLE `tblpublishers` DISABLE KEYS */;
INSERT INTO `tblpublishers` VALUES (2,'DAWDA'),(3,'DAWDAW'),(4,'DAWDAWD'),(5,'DAWDAW'),(6,'AAASD'),(7,'AAA'),(8,'AAA'),(9,'AAD'),(10,'AAA'),(11,'AAA'),(12,'AAA'),(13,'AAB'),(14,'AAC'),(15,'BB'),(16,'BBB'),(17,'PPP'),(18,'PPP'),(19,'CCC'),(20,'CCC'),(21,'DDD'),(22,'FFF'),(23,'FFF'),(24,'GG'),(25,'GGG'),(26,'GGG'),(27,'SSS'),(28,'SSS'),(29,'SSS'),(30,'RRR'),(31,'RRR'),(32,'HHH'),(33,'HHH'),(34,'JJJ'),(35,'JJJ'),(36,'JJJ'),(37,'JJJ'),(38,'GGGG'),(39,'Penguin Classics'),(41,'Penguin Classics'),(43,'ACME Publishing'),(44,'ACME PUBLISHER');
/*!40000 ALTER TABLE `tblpublishers` ENABLE KEYS */;
UNLOCK TABLES;

--
-- Table structure for table `tblsections`
--

DROP TABLE IF EXISTS `tblsections`;
/*!40101 SET @saved_cs_client     = @@character_set_client */;
/*!50503 SET character_set_client = utf8mb4 */;
CREATE TABLE `tblsections` (
  `id` int NOT NULL AUTO_INCREMENT,
  `name` varchar(50) NOT NULL,
  `year_id` int DEFAULT NULL,
  PRIMARY KEY (`id`),
  KEY `fk_yearlevelsections_idx` (`year_id`),
  CONSTRAINT `fk_yearlevelsections` FOREIGN KEY (`year_id`) REFERENCES `tblyearlevels` (`id`)
) ENGINE=InnoDB AUTO_INCREMENT=47 DEFAULT CHARSET=utf8mb4 COLLATE=utf8mb4_0900_ai_ci;
/*!40101 SET character_set_client = @saved_cs_client */;

--
-- Dumping data for table `tblsections`
--

LOCK TABLES `tblsections` WRITE;
/*!40000 ALTER TABLE `tblsections` DISABLE KEYS */;
INSERT INTO `tblsections` VALUES (2,'Orange',3),(3,'Rizal',1),(4,'Mabini',1),(5,'Talisay',2),(6,'Santan',3),(7,'Lilly',3),(8,'Dandaleons',4),(9,'Rose',4),(11,'Cebu',5),(26,'Taguig',7),(27,'Shit',7),(28,'Shits',8),(29,'Shitss',8),(30,'Shitsss',9),(31,'Shitssss',9),(32,'Shitsssss',10),(33,'Shitssssss',10),(34,'Shitsssssss',11),(35,'Shitssssssss',11),(36,'Shitsssssssss',12),(37,'Shitssssssssss',12),(41,'Apple',2),(42,'Aster',5);
/*!40000 ALTER TABLE `tblsections` ENABLE KEYS */;
UNLOCK TABLES;

--
-- Table structure for table `tblstudents`
--

DROP TABLE IF EXISTS `tblstudents`;
/*!40101 SET @saved_cs_client     = @@character_set_client */;
/*!50503 SET character_set_client = utf8mb4 */;
CREATE TABLE `tblstudents` (
  `id` int NOT NULL AUTO_INCREMENT,
  `lrn` varchar(45) NOT NULL,
  `full_name` varchar(100) NOT NULL,
  `gender` varchar(6) NOT NULL,
  `address` varchar(100) DEFAULT NULL,
  `phone` varchar(12) DEFAULT NULL,
  `email` varchar(100) DEFAULT NULL,
  `section_id` int NOT NULL,
  `status` bit(1) NOT NULL DEFAULT b'1',
  `password` varchar(80) NOT NULL,
  `date_created` datetime NOT NULL DEFAULT CURRENT_TIMESTAMP,
  PRIMARY KEY (`id`)
) ENGINE=InnoDB AUTO_INCREMENT=768 DEFAULT CHARSET=utf8mb4 COLLATE=utf8mb4_0900_ai_ci;
/*!40101 SET character_set_client = @saved_cs_client */;

--
-- Dumping data for table `tblstudents`
--

LOCK TABLES `tblstudents` WRITE;
/*!40000 ALTER TABLE `tblstudents` DISABLE KEYS */;
INSERT INTO `tblstudents` VALUES (761,'1234567890123','John Doe','Male',NULL,NULL,'jdoe@gmail.com',26,_binary '','$2a$11$kBptJxUesDWQaZtxy.LYrOkp1nW3Yn8NnQa6ZbIsmIBldifjSryHS','2025-01-06 21:32:59'),(762,'2345678901234','Jane Smith','Female',NULL,NULL,'jsmith@gmail.com',26,_binary '','$2a$11$OMpdqh/1ZFoPhAhLS5a2IOyGEZYDPnPyOWwg1zhjSrMVIearBdnzq','2025-01-06 21:33:00'),(764,'433434343434','rawra raw raw','Male','rawraw','rwaraw','jaadaw@gmail.com',4,_binary '','$2a$11$2GhfoX2yn6Ax/VNcBFJYG.luVK7KjBN6bN8aZ305Rjp8S0Prku1eq','2025-01-14 11:38:08'),(765,'000000000000','rawra raw raw','Male',NULL,NULL,'jaadaw@gmail.com',4,_binary '','$2a$11$9qJkdKzv0pRbhJVnPJn6DuTN6A8ty4ohH6K6x7H3KXGgLWtR9iGYe','2025-01-14 11:38:22'),(766,'676767676767','afafwawf aw fa','Male',NULL,NULL,'fawfawfaw@gmail.com',4,_binary '','$2a$11$MV9g21ZJW1hru7iQeuD5he7yJ35lCb2szvuBJ65vTdRZLJq8YAJ4C','2025-01-14 11:41:16'),(767,'788787787878','fawfwaf awfawf','Male',NULL,NULL,'awffaw@gmail.com',4,_binary '','$2a$11$FInzBnXpQV31uNWTQbyvyeaezuTfYUhGFtj1q1KwEceUQkuGCik1.','2025-01-14 11:44:48');
/*!40000 ALTER TABLE `tblstudents` ENABLE KEYS */;
UNLOCK TABLES;

--
-- Table structure for table `tblsuppliers`
--

DROP TABLE IF EXISTS `tblsuppliers`;
/*!40101 SET @saved_cs_client     = @@character_set_client */;
/*!50503 SET character_set_client = utf8mb4 */;
CREATE TABLE `tblsuppliers` (
  `id` int NOT NULL AUTO_INCREMENT,
  `name` varchar(50) NOT NULL,
  `address` varchar(80) NOT NULL,
  PRIMARY KEY (`id`)
) ENGINE=InnoDB AUTO_INCREMENT=44 DEFAULT CHARSET=utf8mb4 COLLATE=utf8mb4_0900_ai_ci;
/*!40101 SET character_set_client = @saved_cs_client */;

--
-- Dumping data for table `tblsuppliers`
--

LOCK TABLES `tblsuppliers` WRITE;
/*!40000 ALTER TABLE `tblsuppliers` DISABLE KEYS */;
INSERT INTO `tblsuppliers` VALUES (1,'bba','bbba'),(2,'RAWR','RAWR'),(3,'bbad','bbbad'),(4,'RAWR','RAWR'),(6,'bb','bbb'),(7,'RAWR','RAWR'),(8,'bb','bbb'),(9,'RAWR','RAWR'),(13,'bb','bbb'),(14,'RAWR','RAWR'),(15,'bb','bbb'),(16,'RAWR','RAWR'),(17,'bb','bbb'),(18,'RAWR','RAWR'),(19,'bb','bbb'),(20,'RAWR','RAWR'),(28,'bb','bbb'),(29,'RAWR','RAWR'),(30,'bb','bbb'),(31,'RAWR','RAWR'),(32,'bb','bbb'),(33,'RAWR','RAWR'),(34,'bb','bbb'),(35,'RAWR','RAWR'),(36,'bb','bbb'),(37,'RAWR','RAWR'),(38,'bb','bbb'),(39,'RAWR','RAWR'),(40,'bb','bbb'),(41,'RAWR','RAWR'),(42,'bb','bbb'),(43,'RAWR','RAWR');
/*!40000 ALTER TABLE `tblsuppliers` ENABLE KEYS */;
UNLOCK TABLES;

--
-- Table structure for table `tblyearlevels`
--

DROP TABLE IF EXISTS `tblyearlevels`;
/*!40101 SET @saved_cs_client     = @@character_set_client */;
/*!50503 SET character_set_client = utf8mb4 */;
CREATE TABLE `tblyearlevels` (
  `id` int NOT NULL AUTO_INCREMENT,
  `year_level` varchar(20) NOT NULL,
  `department_id` int NOT NULL,
  PRIMARY KEY (`id`),
  KEY `fk_departmentyearlevel_idx` (`department_id`),
  CONSTRAINT `fk_departmentyearlevel` FOREIGN KEY (`department_id`) REFERENCES `tbldepartments` (`id`)
) ENGINE=InnoDB AUTO_INCREMENT=16 DEFAULT CHARSET=utf8mb4 COLLATE=utf8mb4_0900_ai_ci;
/*!40101 SET character_set_client = @saved_cs_client */;

--
-- Dumping data for table `tblyearlevels`
--

LOCK TABLES `tblyearlevels` WRITE;
/*!40000 ALTER TABLE `tblyearlevels` DISABLE KEYS */;
INSERT INTO `tblyearlevels` VALUES (1,'1',1),(2,'2',1),(3,'1st Year',1),(4,'Grade 7',1),(5,'12',1),(7,'3',5),(8,'4',5),(9,'5',5),(10,'6',5),(11,'7',1),(12,'8',1),(13,'9',1),(14,'10',1),(15,'11',2);
/*!40000 ALTER TABLE `tblyearlevels` ENABLE KEYS */;
UNLOCK TABLES;

--
-- Dumping events for database 'lmsdb'
--

--
-- Dumping routines for database 'lmsdb'
--
/*!50003 DROP PROCEDURE IF EXISTS `AddBookCopies` */;
/*!50003 SET @saved_cs_client      = @@character_set_client */ ;
/*!50003 SET @saved_cs_results     = @@character_set_results */ ;
/*!50003 SET @saved_col_connection = @@collation_connection */ ;
/*!50003 SET character_set_client  = utf8mb4 */ ;
/*!50003 SET character_set_results = utf8mb4 */ ;
/*!50003 SET collation_connection  = utf8mb4_0900_ai_ci */ ;
/*!50003 SET @saved_sql_mode       = @@sql_mode */ ;
/*!50003 SET sql_mode              = 'ONLY_FULL_GROUP_BY,STRICT_TRANS_TABLES,NO_ZERO_IN_DATE,NO_ZERO_DATE,ERROR_FOR_DIVISION_BY_ZERO,NO_ENGINE_SUBSTITUTION' */ ;
DELIMITER ;;
CREATE DEFINER=`root`@`localhost` PROCEDURE `AddBookCopies`(
	IN number_of_copies INTEGER,
    IN bid INTEGER,
    IN pr FLOAT,
    IN did INT,
    IN sid INT
)
BEGIN
	DECLARE max_accession_number INT;
    DECLARE next_accession_number INT;
    DECLARE i INT DEFAULT 1;

    START TRANSACTION;
    WHILE i <= number_of_copies DO
		-- Get the highest accession number in the table
		SELECT IFNULL(MAX(CAST(accession_no AS UNSIGNED)), 0) INTO max_accession_number FROM tblbookcopies;
        
        SET next_accession_number = max_accession_number + 1;
        
        INSERT INTO tblbookcopies (book_id, accession_no, donator_id, supplier_id, price)
        VALUES (bid, LPAD(next_accession_number, 10, '0'), NULLIF(did, 0), NULLIF(sid, 0), pr);

        SET i = i + 1;
    END WHILE;
    COMMIT;
END ;;
DELIMITER ;
/*!50003 SET sql_mode              = @saved_sql_mode */ ;
/*!50003 SET character_set_client  = @saved_cs_client */ ;
/*!50003 SET character_set_results = @saved_cs_results */ ;
/*!50003 SET collation_connection  = @saved_col_connection */ ;
/*!40103 SET TIME_ZONE=@OLD_TIME_ZONE */;

/*!40101 SET SQL_MODE=@OLD_SQL_MODE */;
/*!40014 SET FOREIGN_KEY_CHECKS=@OLD_FOREIGN_KEY_CHECKS */;
/*!40014 SET UNIQUE_CHECKS=@OLD_UNIQUE_CHECKS */;
/*!40101 SET CHARACTER_SET_CLIENT=@OLD_CHARACTER_SET_CLIENT */;
/*!40101 SET CHARACTER_SET_RESULTS=@OLD_CHARACTER_SET_RESULTS */;
/*!40101 SET COLLATION_CONNECTION=@OLD_COLLATION_CONNECTION */;
/*!40111 SET SQL_NOTES=@OLD_SQL_NOTES */;

-- Dump completed on 2025-02-17  6:36:50
